sold_date,address,city,state,zip,property_type,price,beds,baths,square_feet,lot_size,year_built,price_per_square_foot,hoa_month,neighborhood_or_location,latitude,longitude,source,mls_number,redfin_url,days_on_market,post_fire,burned,date_source_note,original_row_number
2026-07-24,521 Amalfi Dr,Pacific Palisades,CA,90272,Single Family Residential,9350000,6.0,7.0,6075.0,13575.0,1949.0,1539.0,33.0,Pacific Palisades,34.0344499,-118.5141816,TheMLS,26830657,View Listing,,True,,"Tal file PacPal_Sold_homes_2021-present, pulled 8 Sep 2026",2
2026-07-24,1474 Paseo De Oro,Pacific Palisades,CA,90272,Single Family Residential,2385000,4.0,4.0,2952.0,90412.0,1997.0,808.0,837.0,Pacific Palisades,34.0751161,-118.552011,TheMLS,26848207,View Listing,,True,,"Tal file PacPal_Sold_homes_2021-present, pulled 8 Sep 2026",3
2026-07-22,239 W Channel Rd,Santa Monica,CA,90402,Single Family Residential,7500000,4.0,4.0,3358.0,8146.0,1938.0,2233.0,,Outside Palisades,34.030074,-118.5170534,TheMLS,26662649,View Listing,,True,,"Tal file PacPal_Sold_homes_2021-present, pulled 8 Sep 2026",4
2026-07-21,700 Chapala Dr,Pacific Palisades,CA,90272,Single Family Residential,5000000,7.0,7.0,7250.0,14723.0,2003.0,690.0,,Pacific Palisades,34.040392,-118.5212556,TheMLS,26807063,View Listing,,True,,"Tal file PacPal_Sold_homes_2021-present, pulled 8 Sep 2026",5
2026-07-21,528 Chautauqua Blvd,Pacific Palisades,CA,90272,Single Family Residential,7900000,4.0,6.0,4154.0,22556.0,1938.0,1902.0,50.0,Pacific Palisades,34.0367767,-118.5184554,TheMLS,26848697,View Listing,,True,,"Tal file PacPal_Sold_homes_2021-present, pulled 8 Sep 2026",6
2026-07-20,501 Ocampo Dr,Pacific Palisades,CA,90272,Single Family Residential,5390000,3.0,3.0,2221.0,8731.0,1951.0,2427.0,33.0,Pacific Palisades,34.0373744,-118.5208718,TheMLS,26654847,View Listing,,True,,"Tal file PacPal_Sold_homes_2021-present, pulled 8 Sep 2026",7
2026-07-15,1256 Bienveneda Ave,Pacific Palisades,CA,90272,Single Family Residential,1850000,3.0,2.0,1754.0,7976.0,1972.0,1055.0,,Pacific Palisades,34.0583006,-118.5421251,TheMLS,26860431,View Listing,,True,,"Tal file PacPal_Sold_homes_2021-present, pulled 8 Sep 2026",8
2026-07-14,1480 Capri Dr,Pacific Palisades,CA,90272,Single Family Residential,18000000,6.0,8.0,9239.0,16405.0,2021.0,1948.0,,Pacific Palisades,34.0568506,-118.5021577,TheMLS,26656927,View Listing,,True,,"Tal file PacPal_Sold_homes_2021-present, pulled 8 Sep 2026",9
2026-07-09,259 Quadro Vecchio Dr,Pacific Palisades,CA,90272,Single Family Residential,2025000,3.0,3.0,1970.0,6221.0,1963.0,1028.0,200.0,Pacific Palisades,34.0434771,-118.559909,TheMLS,26836759,View Listing,,True,,"Tal file PacPal_Sold_homes_2021-present, pulled 8 Sep 2026",10
2026-07-07,716 Almar Ave,Pacific Palisades,CA,90272,Single Family Residential,4675000,4.0,5.0,3756.0,7771.0,1995.0,1245.0,,Pacific Palisades,34.0459818,-118.5343013,TheMLS,26856611,View Listing,,True,,"Tal file PacPal_Sold_homes_2021-present, pulled 8 Sep 2026",11
2026-07-07,13210 Haney Pl,Los Angeles,CA,90049,Single Family Residential,10875000,6.0,9.0,6836.0,13459.0,2015.0,1591.0,,Outside Palisades,34.0533691,-118.4977779,TheMLS,26829219,View Listing,,True,,"Tal file PacPal_Sold_homes_2021-present, pulled 8 Sep 2026",12
2026-07-03,439 Mesa Rd,Santa Monica,CA,90402,Single Family Residential,1999000,2.0,1.0,988.0,6024.0,1951.0,2023.0,,Outside Palisades,34.0337624,-118.515941,TheMLS,26671389,View Listing,,True,,"Tal file PacPal_Sold_homes_2021-present, pulled 8 Sep 2026",13
2026-06-26,1698 Palisades Dr,Pacific Palisades,CA,90272,Townhouse,950000,3.0,4.0,2086.0,363168.0,1978.0,455.0,599.0,Pacific Palisades,34.07641,-118.56191,TheMLS,26851835,View Listing,,True,,"Tal file PacPal_Sold_homes_2021-present, pulled 8 Sep 2026",14
2026-06-26,16705 Charmel Ln,Pacific Palisades,CA,90272,Single Family Residential,6500000,4.0,5.0,3500.0,14799.0,1966.0,1857.0,,Pacific Palisades,34.0581007,-118.5486172,TheMLS,26827431,View Listing,,True,,"Tal file PacPal_Sold_homes_2021-present, pulled 8 Sep 2026",15
2026-06-22,13120 Nimrod Pl,Los Angeles,CA,90049,Single Family Residential,10300000,5.0,6.0,7000.0,9363.0,,1471.0,,Outside Palisades,34.0507344,-118.4960914,TheMLS,26659001,View Listing,,True,,"Tal file PacPal_Sold_homes_2021-present, pulled 8 Sep 2026",16
2026-06-18,432 Ocampo Dr,Pacific Palisades,CA,90272,Single Family Residential,4920000,4.0,3.0,2633.0,9570.0,1951.0,1869.0,26.0,Pacific Palisades,34.0362866,-118.5213211,TheMLS,26834981,View Listing,,True,,"Tal file PacPal_Sold_homes_2021-present, pulled 8 Sep 2026",17
2026-06-18,17211 Avenida De La Herradura,Pacific Palisades,CA,90272,Single Family Residential,2450000,4.0,3.0,3083.0,7923.0,1977.0,795.0,280.0,Pacific Palisades,34.077991,-118.5601472,TheMLS,26851217,View Listing,,True,,"Tal file PacPal_Sold_homes_2021-present, pulled 8 Sep 2026",18
2026-06-18,16641 Linda Ter,Pacific Palisades,CA,90272,Single Family Residential,2200000,3.0,3.0,1466.0,7582.0,1954.0,1501.0,,Pacific Palisades,34.0492535,-118.544967,TheMLS,26827479,View Listing,,True,,"Tal file PacPal_Sold_homes_2021-present, pulled 8 Sep 2026",19
2026-06-17,521 Toyopa Dr,Pacific Palisades,CA,90272,Single Family Residential,9200000,5.0,6.0,4781.0,8186.0,2013.0,1924.0,31.0,Pacific Palisades,34.0371117,-118.5199031,TheMLS,26851879,View Listing,,True,,"Tal file PacPal_Sold_homes_2021-present, pulled 8 Sep 2026",20
2026-06-16,672 Amalfi Dr,Pacific Palisades,CA,90272,Single Family Residential,6099750,5.0,4.0,3751.0,14035.0,1952.0,1626.0,,Pacific Palisades,34.0398927,-118.511477,TheMLS,26835625,View Listing,,True,,"Tal file PacPal_Sold_homes_2021-present, pulled 8 Sep 2026",21
2026-06-15,1580 San Remo Dr,Pacific Palisades,CA,90272,Single Family Residential,14250000,4.0,5.0,4291.0,37615.0,1950.0,3321.0,,Pacific Palisades,34.0598578,-118.4995062,TheMLS,26655537,View Listing,,True,,"Tal file PacPal_Sold_homes_2021-present, pulled 8 Sep 2026",22
2026-06-12,782 Ranch Ln,Pacific Palisades,CA,90272,Single Family Residential,9735000,5.0,6.0,6652.0,9184.0,2012.0,1463.0,,Pacific Palisades,34.0431629,-118.5146214,TheMLS,26647945,View Listing,,True,,"Tal file PacPal_Sold_homes_2021-present, pulled 8 Sep 2026",23
2026-06-12,18053 Blue Sail Dr,Pacific Palisades,CA,90272,Single Family Residential,3058985,4.0,4.0,3158.0,25574.0,1965.0,969.0,8.0,Pacific Palisades,34.0494321,-118.5691929,TheMLS,26775655,View Listing,,True,,"Tal file PacPal_Sold_homes_2021-present, pulled 8 Sep 2026",24
2026-06-11,17763 Sabbiadoro Way,Pacific Palisades,CA,90272,Single Family Residential,4440000,3.0,4.0,,8984.0,1954.0,,,Pacific Palisades,34.0447108,-118.5619041,TheMLS,26684617,View Listing,,True,,"Tal file PacPal_Sold_homes_2021-present, pulled 8 Sep 2026",25
2026-06-11,913 Chattanooga Ave,Pacific Palisades,CA,90272,Single Family Residential,2480000,3.0,2.0,1820.0,8814.0,1957.0,1363.0,,Pacific Palisades,34.050852,-118.5439914,TheMLS,26829255,View Listing,,True,,"Tal file PacPal_Sold_homes_2021-present, pulled 8 Sep 2026",26
2026-06-08,562 Stassi Ln,Santa Monica,CA,90402,Single Family Residential,5300000,4.0,5.0,5228.0,14976.0,2006.0,1014.0,,Outside Palisades,34.0335689,-118.5094628,TheMLS,26661823,View Listing,,True,,"Tal file PacPal_Sold_homes_2021-present, pulled 8 Sep 2026",27
2026-06-04,20 Latimer Rd,Santa Monica,CA,90402,Single Family Residential,8150000,5.0,6.0,5245.0,26145.0,1927.0,1554.0,,Outside Palisades,34.0426523,-118.5125614,TheMLS,26700075,View Listing,,True,,"Tal file PacPal_Sold_homes_2021-present, pulled 8 Sep 2026",28
2026-06-04,1362 Marinette Rd,Pacific Palisades,CA,90272,Single Family Residential,3108578,4.0,4.0,2049.0,15422.0,1957.0,1517.0,,Pacific Palisades,34.0548931,-118.5200868,TheMLS,26829473,View Listing,,True,,"Tal file PacPal_Sold_homes_2021-present, pulled 8 Sep 2026",29
2026-06-01,423 Sycamore,Santa Monica,CA,90402,Single Family Residential,3344000,3.0,3.5,2431.0,6385.0,1924.0,1376.0,,Outside Palisades,34.0328868,-118.5171141,CRMLS,PV26083942,View Listing,,True,,"Tal file PacPal_Sold_homes_2021-present, pulled 8 Sep 2026",30
2026-06-01,16787 Monte Hermoso Dr,Pacific Palisades,CA,90272,Single Family Residential,3400000,4.0,5.0,4441.0,27855.0,1987.0,766.0,500.0,Pacific Palisades,34.0694216,-118.5532703,TheMLS,25610259,View Listing,,True,,"Tal file PacPal_Sold_homes_2021-present, pulled 8 Sep 2026",31
2026-06-01,16485 El Hito Pl,Pacific Palisades,CA,90272,Single Family Residential,3195000,4.0,4.0,2733.0,26903.0,1978.0,1169.0,,Pacific Palisades,34.0598548,-118.5420123,TheMLS,26741461,View Listing,,True,,"Tal file PacPal_Sold_homes_2021-present, pulled 8 Sep 2026",32
2026-05-29,17335 Tramonto Dr,Pacific Palisades,CA,90272,Single Family Residential,6600000,5.0,7.0,7328.0,20311.0,2020.0,901.0,,Pacific Palisades,34.0416933,-118.555493,TheMLS,26671689,View Listing,,True,,"Tal file PacPal_Sold_homes_2021-present, pulled 8 Sep 2026",33
2026-05-29,327 E Rustic Rd,Santa Monica,CA,90402,Single Family Residential,4800000,3.0,4.0,2834.0,6839.0,1966.0,1694.0,,Outside Palisades,34.0309079,-118.5166678,TheMLS,26657073,View Listing,,True,,"Tal file PacPal_Sold_homes_2021-present, pulled 8 Sep 2026",34
2026-05-29,644 Amalfi Dr,Pacific Palisades,CA,90272,Single Family Residential,10019375,5.0,6.0,5330.0,12828.0,1980.0,1880.0,2.0,Pacific Palisades,34.0388684,-118.5118508,TheMLS,26635599,View Listing,,True,,"Tal file PacPal_Sold_homes_2021-present, pulled 8 Sep 2026",35
2026-05-28,7 Latimer Rd,Santa Monica,CA,90402,Single Family Residential,10287500,5.0,7.0,4178.0,27440.0,1923.0,2462.0,,Outside Palisades,34.0393183,-118.5136181,TheMLS,25584287,View Listing,,True,,"Tal file PacPal_Sold_homes_2021-present, pulled 8 Sep 2026",36
2026-05-22,1022 Tellem Dr,Pacific Palisades,CA,90272,Single Family Residential,2995000,3.0,2.0,1881.0,10053.0,1959.0,1592.0,,Pacific Palisades,34.0548566,-118.5460783,TheMLS,26837439,View Listing,,True,,"Tal file PacPal_Sold_homes_2021-present, pulled 8 Sep 2026",37
2026-05-22,1274 Calle De Sevilla,Pacific Palisades,CA,90272,Single Family Residential,2625000,4.0,3.0,3648.0,6295.0,1974.0,720.0,521.0,Pacific Palisades,34.0691291,-118.5587663,TheMLS,26669777,View Listing,,True,,"Tal file PacPal_Sold_homes_2021-present, pulled 8 Sep 2026",38
2026-05-19,15328 De Pauw St,Pacific Palisades,CA,90272,Single Family Residential,2575000,3.0,3.0,1951.0,7471.0,1941.0,1320.0,,Pacific Palisades,34.0396067,-118.5271612,TheMLS,26641771,View Listing,,True,,"Tal file PacPal_Sold_homes_2021-present, pulled 8 Sep 2026",39
2026-05-18,1423 Avenida De Cortez,Pacific Palisades,CA,90272,Single Family Residential,2160000,4.0,3.0,3250.0,6326.0,1973.0,665.0,521.0,Pacific Palisades,34.0733271,-118.5631531,TheMLS,26665841,View Listing,,True,,"Tal file PacPal_Sold_homes_2021-present, pulled 8 Sep 2026",40
2026-05-15,419 Hillside Ln,Santa Monica,CA,90402,Single Family Residential,3215000,3.0,3.0,2963.0,6155.0,1983.0,1085.0,,Outside Palisades,34.0325057,-118.51847,TheMLS,26660219,View Listing,,True,,"Tal file PacPal_Sold_homes_2021-present, pulled 8 Sep 2026",41
2026-05-11,522 Arbramar Ave,Pacific Palisades,CA,90272,Single Family Residential,3600000,4.0,5.0,3594.0,8721.0,1938.0,1002.0,,Pacific Palisades,34.0428316,-118.5355037,TheMLS,26665235,View Listing,,True,,"Tal file PacPal_Sold_homes_2021-present, pulled 8 Sep 2026",42
2026-05-08,216 Notteargenta Rd,Pacific Palisades,CA,90272,Single Family Residential,4600000,4.0,3.0,,7333.0,1928.0,,,Pacific Palisades,34.0432858,-118.56116,TheMLS,26713951,View Listing,,True,,"Tal file PacPal_Sold_homes_2021-present, pulled 8 Sep 2026",43
2026-05-05,14903 Pampas Ricas Blvd,Pacific Palisades,CA,90272,Single Family Residential,6600000,5.0,4.0,3445.0,13800.0,1949.0,1916.0,42.0,Pacific Palisades,34.0408887,-118.5199123,TheMLS,25622295,View Listing,,True,,"Tal file PacPal_Sold_homes_2021-present, pulled 8 Sep 2026",44
2026-05-04,17207 Avenida De La Herradura,Pacific Palisades,CA,90272,Single Family Residential,1800000,3.0,2.0,2207.0,6607.0,1977.0,816.0,280.0,Pacific Palisades,34.077794,-118.560405,CRMLS,SB25243469,View Listing,,True,,"Tal file PacPal_Sold_homes_2021-present, pulled 8 Sep 2026",45
2026-04-23,864 Bienveneda Ave,Pacific Palisades,CA,90272,Single Family Residential,2390000,3.0,3.0,1885.0,7299.0,1953.0,1268.0,,Pacific Palisades,34.0503882,-118.5387846,TheMLS,26667975,View Listing,,True,,"Tal file PacPal_Sold_homes_2021-present, pulled 8 Sep 2026",46
2026-04-22,501 Toyopa Dr,Pacific Palisades,CA,90272,Single Family Residential,7762750,5.0,6.0,5782.0,9930.0,2006.0,1343.0,29.0,Pacific Palisades,34.0367702,-118.5201759,TheMLS,26647309,View Listing,,True,,"Tal file PacPal_Sold_homes_2021-present, pulled 8 Sep 2026",47
2026-04-21,16868 Calle De Sarah,Pacific Palisades,CA,90272,Single Family Residential,3875000,5.0,5.0,5791.0,15011.0,1995.0,669.0,1107.0,Pacific Palisades,34.077868,-118.5516598,TheMLS,26632697,View Listing,,True,,"Tal file PacPal_Sold_homes_2021-present, pulled 8 Sep 2026",48
2026-04-20,15901 Junaluska Way,Pacific Palisades,CA,90272,Single Family Residential,2830000,4.0,3.0,2262.0,6727.0,1960.0,1251.0,,Pacific Palisades,34.0470964,-118.5337843,TheMLS,26662741,View Listing,,True,,"Tal file PacPal_Sold_homes_2021-present, pulled 8 Sep 2026",49
2026-04-15,1367 Beckwith Ave,Los Angeles,CA,90049,Single Family Residential,8395000,5.0,6.0,5420.0,9097.0,1953.0,1549.0,,Outside Palisades,34.0528572,-118.4955322,TheMLS,26666407,View Listing,,True,,"Tal file PacPal_Sold_homes_2021-present, pulled 8 Sep 2026",50
2026-04-14,1257 Bienveneda Ave,Pacific Palisades,CA,90272,Single Family Residential,2843500,4.0,3.0,2789.0,16235.0,1972.0,1020.0,,Pacific Palisades,34.0580236,-118.5424926,TheMLS,26640209,View Listing,,True,,"Tal file PacPal_Sold_homes_2021-present, pulled 8 Sep 2026",51
2026-04-14,16906 Enchanted Pl,Pacific Palisades,CA,90272,Single Family Residential,3575000,4.0,4.0,2901.0,9874.0,1957.0,1232.0,,Pacific Palisades,34.0513662,-118.5482007,TheMLS,26658305,View Listing,,True,,"Tal file PacPal_Sold_homes_2021-present, pulled 8 Sep 2026",52
2026-04-08,1413 Allenford Ave,Los Angeles,CA,90049,Single Family Residential,4380000,4.0,4.0,2820.0,9877.0,1953.0,1553.0,,Outside Palisades,34.0538096,-118.4941786,TheMLS,26661917,View Listing,,True,,"Tal file PacPal_Sold_homes_2021-present, pulled 8 Sep 2026",53
2026-04-03,735 Lachman Ln,Pacific Palisades,CA,90272,Single Family Residential,3965000,4.0,4.0,3663.0,7410.0,1954.0,1082.0,,Pacific Palisades,34.0495841,-118.5460616,TheMLS,26637483,View Listing,,True,,"Tal file PacPal_Sold_homes_2021-present, pulled 8 Sep 2026",54
2026-04-01,550 Almar Ave,Pacific Palisades,CA,90272,Single Family Residential,2575000,3.0,3.0,2158.0,7937.0,1940.0,1193.0,,Pacific Palisades,34.0432855,-118.5365715,TheMLS,26652221,View Listing,,True,,"Tal file PacPal_Sold_homes_2021-present, pulled 8 Sep 2026",55
2026-04-01,1387 Avenida De Cortez,Pacific Palisades,CA,90272,Single Family Residential,2295000,4.0,3.0,2857.0,6648.0,1973.0,803.0,464.0,Pacific Palisades,34.0721517,-118.5624642,TheMLS,26653589,View Listing,,True,,"Tal file PacPal_Sold_homes_2021-present, pulled 8 Sep 2026",56
2026-03-31,711 Kingman Ave,Santa Monica,CA,90402,Single Family Residential,4100000,3.0,2.0,,6494.0,1951.0,,,Outside Palisades,34.037236,-118.5088138,TheMLS,26634433,View Listing,,True,,"Tal file PacPal_Sold_homes_2021-present, pulled 8 Sep 2026",57
2026-03-27,215 Entrada Dr,Santa Monica,CA,90402,Single Family Residential,1702000,2.0,2.0,1024.0,3805.0,1947.0,1662.0,,Outside Palisades,34.0290857,-118.5170797,TheMLS,26658327,View Listing,,True,,"Tal file PacPal_Sold_homes_2021-present, pulled 8 Sep 2026",58
2026-03-26,1347 Avenida De Cortez,Pacific Palisades,CA,90272,Single Family Residential,1873000,3.0,3.0,2409.0,7260.0,1973.0,778.0,521.0,Pacific Palisades,34.07175,-118.56039,TheMLS,25595359,View Listing,,True,,"Tal file PacPal_Sold_homes_2021-present, pulled 8 Sep 2026",59
2026-03-26,13921 W Sunset Blvd,Pacific Palisades,CA,90272,Single Family Residential,3995000,4.0,3.0,3237.0,14588.0,1952.0,1234.0,,Pacific Palisades,34.0465814,-118.508805,TheMLS,26653633,View Listing,,True,,"Tal file PacPal_Sold_homes_2021-present, pulled 8 Sep 2026",60
2026-03-23,1821 Old Ranch Rd,Los Angeles,CA,90049,Single Family Residential,5299999,3.0,3.0,3165.0,32041.0,1952.0,1675.0,42.0,Outside Palisades,34.0673671,-118.5035746,TheMLS,25605117,View Listing,,True,,"Tal file PacPal_Sold_homes_2021-present, pulled 8 Sep 2026",61
2026-03-20,1521 San Remo Dr,Pacific Palisades,CA,90272,Single Family Residential,6495000,5.0,4.0,3239.0,14904.0,1951.0,2005.0,,Pacific Palisades,34.0582361,-118.4989044,TheMLS,26642955,View Listing,,True,,"Tal file PacPal_Sold_homes_2021-present, pulled 8 Sep 2026",62
2026-03-20,1141 Maroney Ln,Pacific Palisades,CA,90272,Single Family Residential,10320915,7.0,8.0,8100.0,67276.0,1938.0,1274.0,,Pacific Palisades,34.0540047,-118.5367503,TheMLS,26644381,View Listing,,True,,"Tal file PacPal_Sold_homes_2021-present, pulled 8 Sep 2026",63
2026-03-18,17053 Palisades Cir,Pacific Palisades,CA,90272,Single Family Residential,2675000,6.0,4.0,3670.0,12505.0,1973.0,729.0,463.0,Pacific Palisades,34.0745041,-118.5609818,TheMLS,26644437,View Listing,,True,,"Tal file PacPal_Sold_homes_2021-present, pulled 8 Sep 2026",64
2026-03-16,17405 Castellammare Dr,Pacific Palisades,CA,90272,Single Family Residential,5275000,3.0,5.0,4036.0,3977.0,2016.0,1307.0,,Pacific Palisades,34.0390799,-118.5567768,TheMLS,25593047,View Listing,,True,,"Tal file PacPal_Sold_homes_2021-present, pulled 8 Sep 2026",65
2026-03-16,1220 Corsica Dr,Pacific Palisades,CA,90272,Single Family Residential,17800000,6.0,10.0,10293.0,16038.0,2025.0,1729.0,,Pacific Palisades,34.0508213,-118.5032725,TheMLS,25617739,View Listing,,True,,"Tal file PacPal_Sold_homes_2021-present, pulled 8 Sep 2026",66
2026-03-13,1330 San Remo,Pacific Palisades,CA,90272,Single Family Residential,3325000,3.0,3.0,3222.0,21669.0,1950.0,1032.0,,Pacific Palisades,34.0543488,-118.4994829,CRMLS,PW26055107,View Listing,,True,,"Tal file PacPal_Sold_homes_2021-present, pulled 8 Sep 2026",67
2026-03-06,763 Wildomar,Pacific Palisades,CA,90272,Single Family Residential,2270000,2.0,2.0,1557.0,5780.0,1952.0,1458.0,,Pacific Palisades,34.0478788,-118.5356816,TheMLS,26633637,View Listing,,True,,"Tal file PacPal_Sold_homes_2021-present, pulled 8 Sep 2026",68
2026-03-05,17193 Avenida De Santa Ynez,Pacific Palisades,CA,90272,Single Family Residential,1755000,4.0,5.0,3030.0,12848.0,1974.0,579.0,484.0,Pacific Palisades,34.0710604,-118.5616735,TheMLS,25600121,View Listing,,True,,"Tal file PacPal_Sold_homes_2021-present, pulled 8 Sep 2026",69
2026-03-04,1012 Rivas Canyon Rd,Pacific Palisades,CA,90272,Vacant Land,3500000,,,,53534.0,,,,Pacific Palisades,34.0492812,-118.5153088,TheMLS,25604017,View Listing,,True,,"Tal file PacPal_Sold_homes_2021-present, pulled 8 Sep 2026",70
2026-03-03,1300 Monaco Dr,Pacific Palisades,CA,90272,Single Family Residential,7995000,5.0,6.0,5087.0,20079.0,1952.0,1572.0,43.0,Pacific Palisades,34.053239,-118.500557,TheMLS,25611527,View Listing,,True,,"Tal file PacPal_Sold_homes_2021-present, pulled 8 Sep 2026",71
2026-03-03,643 Hightree Rd,Santa Monica,CA,90402,Single Family Residential,3400000,3.0,3.0,1570.0,11987.0,1951.0,2166.0,,Outside Palisades,34.0397124,-118.5156585,TheMLS,25625767,View Listing,,True,,"Tal file PacPal_Sold_homes_2021-present, pulled 8 Sep 2026",72
2026-02-27,715 Brooktree Rd,Pacific Palisades,CA,90272,Single Family Residential,12000000,5.0,5.0,4157.0,13125.0,1967.0,2887.0,,Pacific Palisades,34.0413994,-118.5156874,TheMLS,25611381,View Listing,,True,,"Tal file PacPal_Sold_homes_2021-present, pulled 8 Sep 2026",73
2026-02-27,1350 Jonesboro Dr,Los Angeles,CA,90049,Single Family Residential,3900000,5.0,3.0,2589.0,9602.0,1954.0,1506.0,,Outside Palisades,34.0526552,-118.4987472,TheMLS,25573997,View Listing,,True,,"Tal file PacPal_Sold_homes_2021-present, pulled 8 Sep 2026",74
2026-02-24,1305 Duende Ln,Pacific Palisades,CA,90272,Single Family Residential,3368040,4.0,3.0,2999.0,18085.0,1973.0,1123.0,,Pacific Palisades,34.0590401,-118.5477443,TheMLS,25624415,View Listing,,True,,"Tal file PacPal_Sold_homes_2021-present, pulled 8 Sep 2026",75
2026-02-23,737 El Medio Ave,Pacific Palisades,CA,90272,Single Family Residential,4675000,4.0,5.0,3777.0,6634.0,2006.0,1238.0,,Pacific Palisades,34.0465464,-118.5336967,TheMLS,25631555,View Listing,,True,,"Tal file PacPal_Sold_homes_2021-present, pulled 8 Sep 2026",76
2026-02-20,1663 Michael Ln,Pacific Palisades,CA,90272,Townhouse,1525000,3.0,3.0,1857.0,333393.0,1977.0,821.0,815.0,Pacific Palisades,34.0801062,-118.5644915,TheMLS,25620173,View Listing,,True,,"Tal file PacPal_Sold_homes_2021-present, pulled 8 Sep 2026",77
2026-02-18,207 Entrada Dr,Santa Monica,CA,90402,Single Family Residential,1750000,1.0,1.0,725.0,2400.0,1948.0,2414.0,,Outside Palisades,34.0289755,-118.5172787,TheMLS,25608105,View Listing,,True,,"Tal file PacPal_Sold_homes_2021-present, pulled 8 Sep 2026",78
2026-02-11,16798 Charmel Ln,Pacific Palisades,CA,90272,Single Family Residential,2780000,2.0,2.0,1850.0,31710.0,1970.0,1503.0,,Pacific Palisades,34.0601975,-118.5518531,TheMLS,26637265,View Listing,,True,,"Tal file PacPal_Sold_homes_2021-present, pulled 8 Sep 2026",79
2026-02-05,1520 Michael Ln,Pacific Palisades,CA,90272,Townhouse,1610000,3.0,4.0,2467.0,400291.0,1979.0,653.0,717.0,Pacific Palisades,34.0773009,-118.5652106,TheMLS,26640285,View Listing,,True,,"Tal file PacPal_Sold_homes_2021-present, pulled 8 Sep 2026",80
2026-02-04,1146 Amalfi Dr,Pacific Palisades,CA,90272,Single Family Residential,7490000,4.0,5.0,3823.0,17989.0,1948.0,1959.0,,Pacific Palisades,34.0503286,-118.5067603,TheMLS,25602587,View Listing,,True,,"Tal file PacPal_Sold_homes_2021-present, pulled 8 Sep 2026",81
2026-02-04,14959 La Cumbre Dr,Pacific Palisades,CA,90272,Single Family Residential,4950000,4.0,3.0,3125.0,11925.0,1949.0,1584.0,34.0,Pacific Palisades,34.0339081,-118.5226424,TheMLS,26634583,View Listing,,True,,"Tal file PacPal_Sold_homes_2021-present, pulled 8 Sep 2026",82
2026-01-30,1316 Capri Dr,Pacific Palisades,CA,90272,Single Family Residential,5280000,5.0,7.0,,20364.0,1953.0,,33.0,Pacific Palisades,34.0534558,-118.5023893,TheMLS,25617523,View Listing,,True,,"Tal file PacPal_Sold_homes_2021-present, pulled 8 Sep 2026",83
2026-01-28,707 Jacon Way,Pacific Palisades,CA,90272,Single Family Residential,2350000,3.0,2.0,2320.0,12461.0,1956.0,1013.0,,Pacific Palisades,34.0493842,-118.5473016,TheMLS,25610649,View Listing,,True,,"Tal file PacPal_Sold_homes_2021-present, pulled 8 Sep 2026",84
2026-01-23,1529 Amalfi Dr,Pacific Palisades,CA,90272,Single Family Residential,18800000,6.0,10.0,9351.0,16824.0,2021.0,2010.0,31.0,Pacific Palisades,34.058645,-118.5047355,TheMLS,25599593,View Listing,,True,,"Tal file PacPal_Sold_homes_2021-present, pulled 8 Sep 2026",85
2026-01-23,1026 Corsica Dr,Pacific Palisades,CA,90272,Single Family Residential,13855000,5.0,9.0,7848.0,12500.0,2022.0,1765.0,25.0,Pacific Palisades,34.0466885,-118.5063223,TheMLS,25624865,View Listing,,True,,"Tal file PacPal_Sold_homes_2021-present, pulled 8 Sep 2026",86
2026-01-21,16021 Northfield St,Pacific Palisades,CA,90272,Single Family Residential,5184420,5.0,6.0,4551.0,7108.0,2020.0,1139.0,,Pacific Palisades,34.0462611,-118.5352224,TheMLS,25585813,View Listing,,True,,"Tal file PacPal_Sold_homes_2021-present, pulled 8 Sep 2026",87
2026-01-19,1385 Brinkley Ave,Los Angeles,CA,90049,Single Family Residential,10598000,5.0,7.0,,10513.0,2026.0,,,Outside Palisades,34.0535186,-118.4963082,TheMLS,26637547,View Listing,,True,,"Tal file PacPal_Sold_homes_2021-present, pulled 8 Sep 2026",88
2026-01-16,16012 Junaluska Way,Pacific Palisades,CA,90272,Single Family Residential,4450000,4.0,3.0,3328.0,5797.0,1992.0,1337.0,,Pacific Palisades,34.0468327,-118.5348837,TheMLS,26641315,View Listing,,True,,"Tal file PacPal_Sold_homes_2021-present, pulled 8 Sep 2026",89
2026-01-12,14952 Alva Dr,Pacific Palisades,CA,90272,Single Family Residential,13500000,6.0,9.0,6800.0,12235.0,1985.0,1985.0,,Pacific Palisades,34.0352419,-118.5221872,TheMLS,25602681,View Listing,,True,,"Tal file PacPal_Sold_homes_2021-present, pulled 8 Sep 2026",90
2026-01-09,574 Latimer Rd,Santa Monica,CA,90402,Single Family Residential,4993340,4.0,5.0,4608.0,17573.0,1955.0,1084.0,,Outside Palisades,34.0369344,-118.5147466,TheMLS,25589615,View Listing,,True,,"Tal file PacPal_Sold_homes_2021-present, pulled 8 Sep 2026",91
2026-01-09,16724 Calle Arbolada,Pacific Palisades,CA,90272,Single Family Residential,2625000,4.0,3.0,2775.0,5227.0,1995.0,946.0,430.0,Pacific Palisades,34.0748272,-118.5511203,TheMLS,25589467,View Listing,,True,,"Tal file PacPal_Sold_homes_2021-present, pulled 8 Sep 2026",92
2026-01-09,16750 Calle De Catalina,Pacific Palisades,CA,90272,Single Family Residential,2510000,4.0,4.0,3117.0,,1996.0,805.0,777.0,Pacific Palisades,34.0761605,-118.5516821,TheMLS,25575055,View Listing,,True,,"Tal file PacPal_Sold_homes_2021-present, pulled 8 Sep 2026",93
2026-01-08,15475 Albright St,Pacific Palisades,CA,90272,Vacant Land,2550000,,,,11149.0,,,,Pacific Palisades,34.0508918,-118.5269422,TheMLS,26643329,View Listing,,True,,"Tal file PacPal_Sold_homes_2021-present, pulled 8 Sep 2026",94
2026-01-07,521 Spoleto Dr,Pacific Palisades,CA,90272,Single Family Residential,10598000,5.0,5.0,5124.0,13899.0,1965.0,2068.0,,Pacific Palisades,34.0342443,-118.5152614,TheMLS,25582093,View Listing,,True,,"Tal file PacPal_Sold_homes_2021-present, pulled 8 Sep 2026",95
2026-01-06,275 Amalfi Dr,Santa Monica,CA,90402,Single Family Residential,4280000,4.0,3.0,2138.0,6899.0,1961.0,2002.0,,Outside Palisades,34.0312712,-118.5148035,TheMLS,25612357,View Listing,,True,,"Tal file PacPal_Sold_homes_2021-present, pulled 8 Sep 2026",96
2026-01-05,237 Mabery Rd,Santa Monica,CA,90402,Single Family Residential,3900000,6.0,5.0,3544.0,6794.0,1935.0,1100.0,,Outside Palisades,34.0291071,-118.5150969,TheMLS,25612843,View Listing,,True,,"Tal file PacPal_Sold_homes_2021-present, pulled 8 Sep 2026",97
2025-12-30,1006 Las Pulgas Rd,Pacific Palisades,CA,90272,Single Family Residential,2210000,4.0,4.0,1904.0,8084.0,1953.0,1161.0,,Pacific Palisades,34.0513856,-118.5375284,TheMLS,25609609,View Listing,,True,,"Tal file PacPal_Sold_homes_2021-present, pulled 8 Sep 2026",98
2025-12-19,1149 Amalfi Dr,Pacific Palisades,CA,90272,Single Family Residential,20124685,6.0,8.0,8781.0,13998.0,2008.0,2292.0,33.0,Pacific Palisades,34.0506032,-118.5072956,TheMLS,25496765,View Listing,,True,,"Tal file PacPal_Sold_homes_2021-present, pulled 8 Sep 2026",99
2025-12-19,1109 El Medio Ave,Pacific Palisades,CA,90272,Single Family Residential,3629876,4.0,4.0,3132.0,11639.0,1955.0,1159.0,32.0,Pacific Palisades,34.0541497,-118.5318709,TheMLS,25609715,View Listing,,True,,"Tal file PacPal_Sold_homes_2021-present, pulled 8 Sep 2026",100
2025-12-19,539 Muskingum Pl,Pacific Palisades,CA,90272,Vacant Land,1487600,,,,4944.0,,,,Pacific Palisades,34.0431179,-118.5380741,TheMLS,25524541,View Listing,,True,,"Tal file PacPal_Sold_homes_2021-present, pulled 8 Sep 2026",101
2025-12-18,1417 Capri Dr,Pacific Palisades,CA,90272,Single Family Residential,13000000,5.0,5.0,6389.0,17868.0,1951.0,2035.0,,Pacific Palisades,34.0554016,-118.5029567,TheMLS,25598809,View Listing,,True,,"Tal file PacPal_Sold_homes_2021-present, pulled 8 Sep 2026",102
2025-12-18,16844 Calle De Sarah,Pacific Palisades,CA,90272,Single Family Residential,4400000,5.0,6.0,5543.0,15160.0,1995.0,794.0,1077.0,Pacific Palisades,34.0776189,-118.5507042,TheMLS,25603989,View Listing,,True,,"Tal file PacPal_Sold_homes_2021-present, pulled 8 Sep 2026",103
2025-12-16,410 Entrada Dr,Santa Monica,CA,90402,Single Family Residential,2400000,3.0,4.0,2048.0,8932.0,1948.0,1172.0,,Outside Palisades,34.0311563,-118.5120425,TheMLS,25570787,View Listing,,True,,"Tal file PacPal_Sold_homes_2021-present, pulled 8 Sep 2026",104
2025-12-15,17520 Stretto Way,Pacific Palisades,CA,90272,Single Family Residential,4680000,4.0,5.0,3435.0,3947.0,1928.0,1362.0,,Pacific Palisades,34.0399264,-118.5584447,TheMLS,25615457,View Listing,,True,,"Tal file PacPal_Sold_homes_2021-present, pulled 8 Sep 2026",105
2025-12-15,1408 Calle Del Jonella,Pacific Palisades,CA,90272,Single Family Residential,3250000,6.0,6.0,5401.0,27778.0,1985.0,602.0,600.0,Pacific Palisades,34.0762254,-118.5700044,TheMLS,25618773,View Listing,,True,,"Tal file PacPal_Sold_homes_2021-present, pulled 8 Sep 2026",106
2025-12-12,17819 Castellammare Dr,Pacific Palisades,CA,90272,Single Family Residential,3245000,5.0,6.0,4494.0,3939.0,2015.0,722.0,,Pacific Palisades,34.04171361,-118.5624548,TheMLS,25608769,View Listing,,True,,"Tal file PacPal_Sold_homes_2021-present, pulled 8 Sep 2026",107
2025-12-08,671 San Lorenzo St,Santa Monica,CA,90402,Single Family Residential,4266200,3.0,4.0,2473.0,12013.0,1962.0,1725.0,,Outside Palisades,34.0369728,-118.5097973,TheMLS,25536217,View Listing,,True,,"Tal file PacPal_Sold_homes_2021-present, pulled 8 Sep 2026",108
2025-12-05,1100 Las Pulgas Pl,Pacific Palisades,CA,90272,Single Family Residential,3175000,3.0,3.0,2588.0,12590.0,1958.0,1227.0,29.0,Pacific Palisades,34.0530379,-118.5395114,TheMLS,25606363,View Listing,,True,,"Tal file PacPal_Sold_homes_2021-present, pulled 8 Sep 2026",109
2025-12-04,267 Entrada Dr,Santa Monica,CA,90402,Single Family Residential,4925000,4.0,3.0,2400.0,4400.0,2025.0,2052.0,,Outside Palisades,34.0297111,-118.5156902,TheMLS,25493429,View Listing,,True,,"Tal file PacPal_Sold_homes_2021-present, pulled 8 Sep 2026",110
2025-12-04,415 Mesa Rd,Santa Monica,CA,90402,Single Family Residential,8550000,5.0,5.0,4287.0,10928.0,1940.0,1994.0,,Outside Palisades,34.0330844,-118.5164182,TheMLS,25544705,View Listing,,True,,"Tal file PacPal_Sold_homes_2021-present, pulled 8 Sep 2026",111
2025-12-03,17181 Avenida De La Herradura,Pacific Palisades,CA,90272,Single Family Residential,1850000,4.0,2.0,1908.0,9964.0,1976.0,970.0,280.0,Pacific Palisades,34.0773262,-118.5596554,TheMLS,25609165,View Listing,,True,,"Tal file PacPal_Sold_homes_2021-present, pulled 8 Sep 2026",112
2025-12-02,18044 Sandy Cape Dr,Pacific Palisades,CA,90272,Single Family Residential,4800000,4.0,4.0,4575.0,20517.0,1965.0,1049.0,9.0,Pacific Palisades,34.0475941,-118.5686585,TheMLS,24-415093,View Listing,,True,,"Tal file PacPal_Sold_homes_2021-present, pulled 8 Sep 2026",113
2025-11-26,400 Surfview Dr,Pacific Palisades,CA,90272,Single Family Residential,2765000,3.0,3.0,2966.0,16483.0,1965.0,932.0,10.0,Pacific Palisades,34.0475628,-118.5658137,TheMLS,25597571,View Listing,,True,,"Tal file PacPal_Sold_homes_2021-present, pulled 8 Sep 2026",114
2025-11-25,17140 Palisades Cir,Pacific Palisades,CA,90272,Townhouse,1015000,2.0,2.0,1332.0,127646.0,1976.0,762.0,1027.0,Pacific Palisades,34.0754913,-118.5631983,TheMLS,25577113,View Listing,,True,,"Tal file PacPal_Sold_homes_2021-present, pulled 8 Sep 2026",115
2025-11-25,765 Ranch Ln,Pacific Palisades,CA,90272,Single Family Residential,9392000,6.0,6.0,4560.0,12138.0,2002.0,2060.0,,Pacific Palisades,34.0433978,-118.5154435,TheMLS,25602309,View Listing,,True,,"Tal file PacPal_Sold_homes_2021-present, pulled 8 Sep 2026",116
2025-11-21,13208 Jonesboro Pl,Los Angeles,CA,90049,Single Family Residential,3785440,3.0,3.0,2279.0,9647.0,1954.0,1661.0,,Outside Palisades,34.0518967,-118.4981604,TheMLS,25610721,View Listing,,True,,"Tal file PacPal_Sold_homes_2021-present, pulled 8 Sep 2026",117
2025-11-18,1135 Ravoli Dr,Pacific Palisades,CA,90272,Single Family Residential,7260000,5.0,5.0,4259.0,16072.0,1954.0,1705.0,,Pacific Palisades,34.0506947,-118.5086451,TheMLS,25535265,View Listing,,True,,"Tal file PacPal_Sold_homes_2021-present, pulled 8 Sep 2026",118
2025-11-17,1300 Duende Ln,Pacific Palisades,CA,90272,Single Family Residential,2660000,3.0,3.0,2223.0,12602.0,1973.0,1197.0,,Pacific Palisades,34.0593026,-118.547378,TheMLS,25600059,View Listing,,True,,"Tal file PacPal_Sold_homes_2021-present, pulled 8 Sep 2026",119
2025-11-17,370 Surfview Dr,Pacific Palisades,CA,90272,Single Family Residential,3364500,5.0,4.0,2948.0,22926.0,1965.0,1141.0,,Pacific Palisades,34.0468253,-118.5666768,TheMLS,25586783,View Listing,,True,,"Tal file PacPal_Sold_homes_2021-present, pulled 8 Sep 2026",120
2025-11-13,415 Arbramar Ave,Pacific Palisades,CA,90272,Single Family Residential,2900000,3.0,2.0,1509.0,7216.0,1949.0,1922.0,,Pacific Palisades,34.040868,-118.5368133,TheMLS,25601897,View Listing,,True,,"Tal file PacPal_Sold_homes_2021-present, pulled 8 Sep 2026",121
2025-11-11,16866 Charmel Ln,Pacific Palisades,CA,90272,Single Family Residential,4400000,5.0,5.0,4000.0,19344.0,1986.0,1100.0,,Pacific Palisades,34.0635511,-118.5518827,TheMLS,25617967,View Listing,,True,,"Tal file PacPal_Sold_homes_2021-present, pulled 8 Sep 2026",122
2025-11-06,546 E Rustic Rd,Santa Monica,CA,90402,Single Family Residential,2940000,3.0,2.0,1964.0,6263.0,1948.0,1497.0,,Outside Palisades,34.0353664,-118.5172681,TheMLS,25606705,View Listing,,True,,"Tal file PacPal_Sold_homes_2021-present, pulled 8 Sep 2026",123
2025-11-06,800 Greentree Rd,Pacific Palisades,CA,90272,Single Family Residential,10500000,5.0,6.0,5364.0,12153.0,2004.0,1957.0,,Pacific Palisades,34.0433518,-118.5157218,TheMLS,25548643,View Listing,,True,,"Tal file PacPal_Sold_homes_2021-present, pulled 8 Sep 2026",124
2025-11-05,701 El Medio Ave,Pacific Palisades,CA,90272,Single Family Residential,4100000,4.0,4.0,3489.0,6721.0,2007.0,1175.0,,Pacific Palisades,34.0452635,-118.5339063,TheMLS,25598805,View Listing,,True,,"Tal file PacPal_Sold_homes_2021-present, pulled 8 Sep 2026",125
2025-11-04,219 Chautauqua Blvd,Pacific Palisades,CA,90272,Single Family Residential,5275000,3.0,2.0,1849.0,28957.0,1948.0,2853.0,,Pacific Palisades,34.0307212,-118.5186513,TheMLS,25499739,View Listing,,True,,"Tal file PacPal_Sold_homes_2021-present, pulled 8 Sep 2026",126
2025-11-04,14800 Corona Del Mar,Pacific Palisades,CA,90272,Single Family Residential,15315281,5.0,8.0,5677.0,25408.0,2010.0,2698.0,,Pacific Palisades,34.0308571,-118.5189545,TheMLS,25587545,View Listing,,True,,"Tal file PacPal_Sold_homes_2021-present, pulled 8 Sep 2026",127
2025-10-31,1053 Maroney Ln,Pacific Palisades,CA,90272,Single Family Residential,2750000,3.0,3.0,2062.0,18023.0,1958.0,1334.0,,Pacific Palisades,34.052276,-118.5374936,TheMLS,25582991,View Listing,,True,,"Tal file PacPal_Sold_homes_2021-present, pulled 8 Sep 2026",128
2025-10-31,211 Alma Real Dr,Pacific Palisades,CA,90272,Single Family Residential,22610000,6.0,8.0,9220.0,25669.0,2019.0,2452.0,81.0,Pacific Palisades,34.033221,-118.5249484,TheMLS,25611695,View Listing,,True,,"Tal file PacPal_Sold_homes_2021-present, pulled 8 Sep 2026",129
2025-10-30,17200 Palisades Cir,Pacific Palisades,CA,90272,Townhouse,1560000,3.0,3.0,2725.0,221621.0,1983.0,572.0,820.0,Pacific Palisades,34.0754709,-118.5633216,TheMLS,25580783,View Listing,,True,,"Tal file PacPal_Sold_homes_2021-present, pulled 8 Sep 2026",130
2025-10-29,17273 Avenida De La Herradura,Pacific Palisades,CA,90272,Single Family Residential,2360000,5.0,4.0,2958.0,7958.0,1977.0,798.0,280.0,Pacific Palisades,34.0786705,-118.5627396,TheMLS,25573819,View Listing,,True,,"Tal file PacPal_Sold_homes_2021-present, pulled 8 Sep 2026",131
2025-10-28,552 Stassi Ln,Santa Monica,CA,90402,Single Family Residential,4890000,5.0,6.0,4051.0,7508.0,1950.0,1207.0,,Outside Palisades,34.0332299,-118.5096374,TheMLS,25498029,View Listing,,True,,"Tal file PacPal_Sold_homes_2021-present, pulled 8 Sep 2026",132
2025-10-27,1318 Avenida De Cortez,Pacific Palisades,CA,90272,Single Family Residential,2250000,4.0,3.0,2849.0,7472.0,1975.0,790.0,463.0,Pacific Palisades,34.0716583,-118.5589058,TheMLS,25594593,View Listing,,True,,"Tal file PacPal_Sold_homes_2021-present, pulled 8 Sep 2026",133
2025-10-23,745 Napoli Dr,Pacific Palisades,CA,90272,Single Family Residential,5800000,5.0,5.0,3761.0,16041.0,1960.0,1542.0,29.0,Pacific Palisades,34.041891,-118.5105332,TheMLS,24-421779,View Listing,,True,,"Tal file PacPal_Sold_homes_2021-present, pulled 8 Sep 2026",134
2025-10-10,761 Latimer Rd,Santa Monica,CA,90402,Single Family Residential,8200000,5.0,6.0,7323.0,15514.0,1998.0,1120.0,,Outside Palisades,34.0435226,-118.5126117,TheMLS,25563189,View Listing,,True,,"Tal file PacPal_Sold_homes_2021-present, pulled 8 Sep 2026",135
2025-10-03,354 Entrada Dr,Santa Monica,CA,90402,Single Family Residential,2075000,3.0,2.0,1448.0,6002.0,1915.0,1433.0,,Outside Palisades,34.0302221,-118.513757,TheMLS,25530117,View Listing,,True,,"Tal file PacPal_Sold_homes_2021-present, pulled 8 Sep 2026",136
2025-10-01,720 Chapala Dr,Pacific Palisades,CA,90272,Single Family Residential,4262000,4.0,4.0,3491.0,8518.0,1929.0,1221.0,27.0,Pacific Palisades,34.0408072,-118.521696,TheMLS,25580449,View Listing,,True,,"Tal file PacPal_Sold_homes_2021-present, pulled 8 Sep 2026",137
2025-10-01,16959 Dulce Ynez Ln,Pacific Palisades,CA,90272,Single Family Residential,3160000,3.0,3.0,2547.0,20144.0,1975.0,1241.0,,Pacific Palisades,34.0467644,-118.5511045,TheMLS,25557935,View Listing,,True,,"Tal file PacPal_Sold_homes_2021-present, pulled 8 Sep 2026",138
2025-09-30,1476 Via Cresta,Pacific Palisades,CA,90272,Single Family Residential,7150000,4.0,5.0,4816.0,95700.0,1988.0,1485.0,1440.0,Pacific Palisades,34.0561685,-118.5367406,TheMLS,25591543,View Listing,,True,,"Tal file PacPal_Sold_homes_2021-present, pulled 8 Sep 2026",139
2025-09-30,37 Haldeman Rd,Santa Monica,CA,90402,Single Family Residential,8022333,3.0,2.0,3163.0,26981.0,1925.0,2536.0,,Outside Palisades,34.0392631,-118.5128282,TheMLS,25599705,View Listing,,True,,"Tal file PacPal_Sold_homes_2021-present, pulled 8 Sep 2026",140
2025-09-29,271 Amalfi Dr,Santa Monica,CA,90402,Single Family Residential,3560000,2.0,3.0,,6550.0,1958.0,,,Outside Palisades,34.0312592,-118.5146424,TheMLS,25539517,View Listing,,True,,"Tal file PacPal_Sold_homes_2021-present, pulled 8 Sep 2026",141
2025-09-29,17552 Camino De Yatasto,Pacific Palisades,CA,90272,Single Family Residential,3060000,5.0,5.0,4130.0,34274.0,1977.0,741.0,690.0,Pacific Palisades,34.0769159,-118.5723103,TheMLS,25545063,View Listing,,True,,"Tal file PacPal_Sold_homes_2021-present, pulled 8 Sep 2026",142
2025-09-24,17711 Revello Dr,Pacific Palisades,CA,90272,Single Family Residential,4183450,4.0,5.0,3383.0,3807.0,1955.0,1237.0,,Pacific Palisades,34.0415,-118.561321,TheMLS,25577567,View Listing,,True,,"Tal file PacPal_Sold_homes_2021-present, pulled 8 Sep 2026",143
2025-09-23,934 Amalfi Dr,Pacific Palisades,CA,90272,Single Family Residential,9100000,6.0,6.0,,15547.0,1951.0,,,Pacific Palisades,34.0459235,-118.5094947,TheMLS,25575461,View Listing,,True,,"Tal file PacPal_Sold_homes_2021-present, pulled 8 Sep 2026",144
2025-09-19,17438 Revello Dr,Pacific Palisades,CA,90272,Single Family Residential,5000000,4.0,4.0,,12442.0,1956.0,,,Pacific Palisades,34.0407563,-118.5558087,TheMLS,24-414719,View Listing,,True,,"Tal file PacPal_Sold_homes_2021-present, pulled 8 Sep 2026",145
2025-09-17,16718 Via Pacifica,Pacific Palisades,CA,90272,Single Family Residential,4105000,6.0,5.0,5312.0,9940.0,1997.0,773.0,984.0,Pacific Palisades,34.0760932,-118.547927,TheMLS,25567535,View Listing,,True,,"Tal file PacPal_Sold_homes_2021-present, pulled 8 Sep 2026",146
2025-09-12,16619 Bienveneda Pl,Pacific Palisades,CA,90272,Single Family Residential,1995000,3.0,3.0,2100.0,13940.0,1975.0,950.0,,Pacific Palisades,34.060227,-118.5443906,TheMLS,25576519,View Listing,,True,,"Tal file PacPal_Sold_homes_2021-present, pulled 8 Sep 2026",147
2025-09-10,306 Amalfi Dr,Santa Monica,CA,90402,Single Family Residential,4800000,4.0,4.0,3492.0,5999.0,1933.0,1375.0,,Outside Palisades,34.0321639,-118.5144506,TheMLS,25571963,View Listing,,True,,"Tal file PacPal_Sold_homes_2021-present, pulled 8 Sep 2026",148
2025-09-09,1355 Monaco Dr,Pacific Palisades,CA,90272,Single Family Residential,8500000,3.0,3.0,3084.0,17572.0,1956.0,2756.0,78.0,Pacific Palisades,34.0547699,-118.5013485,TheMLS,25575115,View Listing,,True,,"Tal file PacPal_Sold_homes_2021-present, pulled 8 Sep 2026",149
2025-09-08,1057 Corsica Dr,Pacific Palisades,CA,90272,Single Family Residential,13044518,5.0,6.0,6000.0,15007.0,2020.0,2174.0,,Pacific Palisades,34.047621,-118.5063191,TheMLS,25541933,View Listing,,True,,"Tal file PacPal_Sold_homes_2021-present, pulled 8 Sep 2026",150
2025-09-04,16449 Akron St,Pacific Palisades,CA,90272,Single Family Residential,2100000,4.0,2.0,1650.0,7299.0,1947.0,1273.0,,Pacific Palisades,34.0509287,-118.5409307,TheMLS,25561997,View Listing,,True,,"Tal file PacPal_Sold_homes_2021-present, pulled 8 Sep 2026",151
2025-09-03,604 Haverford Ave,Pacific Palisades,CA,90272,Vacant Land,2000000,,,,10350.0,,,,Pacific Palisades,34.0410264,-118.5298889,TheMLS,25562769,View Listing,,True,,"Tal file PacPal_Sold_homes_2021-present, pulled 8 Sep 2026",152
2025-08-29,345 W Channel Rd,Santa Monica,CA,90402,Single Family Residential,10200000,5.0,8.0,7000.0,13007.0,2011.0,1457.0,,Outside Palisades,34.0307927,-118.5141276,TheMLS,25516509,View Listing,,True,,"Tal file PacPal_Sold_homes_2021-present, pulled 8 Sep 2026",153
2025-08-29,1124 Napoli Dr,Pacific Palisades,CA,90272,Single Family Residential,25750000,5.0,6.0,10568.0,17227.0,2008.0,2437.0,,Pacific Palisades,34.0481685,-118.5039128,TheMLS,25584301,View Listing,,True,,"Tal file PacPal_Sold_homes_2021-present, pulled 8 Sep 2026",154
2025-08-29,1224 El Hito Cir,Pacific Palisades,CA,90272,Single Family Residential,2425000,5.0,2.0,2136.0,23440.0,1974.0,1135.0,,Pacific Palisades,34.0575448,-118.540688,TheMLS,25550329,View Listing,,True,,"Tal file PacPal_Sold_homes_2021-present, pulled 8 Sep 2026",155
2025-08-29,16795 Monte Hermoso Dr,Pacific Palisades,CA,90272,Single Family Residential,2800000,3.0,4.0,3421.0,30809.0,1985.0,818.0,530.0,Pacific Palisades,34.0698142,-118.5534879,TheMLS,25559505,View Listing,,True,,"Tal file PacPal_Sold_homes_2021-present, pulled 8 Sep 2026",156
2025-08-28,14929 La Cumbre Dr,Pacific Palisades,CA,90272,Single Family Residential,5275000,4.0,3.0,2909.0,13319.0,1956.0,1813.0,,Pacific Palisades,34.0339394,-118.5216956,TheMLS,25517765,View Listing,,True,,"Tal file PacPal_Sold_homes_2021-present, pulled 8 Sep 2026",157
2025-08-28,14924 Camarosa Dr,Pacific Palisades,CA,90272,Single Family Residential,22100000,7.0,9.0,8388.0,25298.0,1929.0,2635.0,,Pacific Palisades,34.0343715,-118.5216936,TheMLS,25516923,View Listing,,True,,"Tal file PacPal_Sold_homes_2021-present, pulled 8 Sep 2026",158
2025-08-27,1491 Capri Dr,Pacific Palisades,CA,90272,Single Family Residential,6341100,4.0,4.0,3147.0,25570.0,1948.0,2015.0,,Pacific Palisades,34.057544,-118.5023809,TheMLS,25544483,View Listing,,True,,"Tal file PacPal_Sold_homes_2021-present, pulled 8 Sep 2026",159
2025-08-26,712 Muskingum Ave,Pacific Palisades,CA,90272,Single Family Residential,3000000,3.0,3.0,2053.0,5417.0,1947.0,1461.0,,Pacific Palisades,34.0476214,-118.5362961,TheMLS,24-435053,View Listing,,True,,"Tal file PacPal_Sold_homes_2021-present, pulled 8 Sep 2026",160
2025-08-22,13716 W Sunset Blvd,Pacific Palisades,CA,90272,Single Family Residential,3568000,4.0,5.0,3393.0,15010.0,1952.0,1052.0,,Pacific Palisades,34.0503386,-118.5049659,TheMLS,25564789,View Listing,,True,,"Tal file PacPal_Sold_homes_2021-present, pulled 8 Sep 2026",161
2025-08-18,747 Brooktree Rd,Pacific Palisades,CA,90272,Single Family Residential,3500000,3.0,2.0,,11017.0,1950.0,,,Pacific Palisades,34.0425199,-118.5147425,TheMLS,25534351,View Listing,,True,,"Tal file PacPal_Sold_homes_2021-present, pulled 8 Sep 2026",162
2025-08-05,426 Entrada Dr,Santa Monica,CA,90402,Single Family Residential,1550000,2.0,1.0,1127.0,7413.0,1953.0,1375.0,,Outside Palisades,34.0314774,-118.5117214,TheMLS,25508403,View Listing,,True,,"Tal file PacPal_Sold_homes_2021-present, pulled 8 Sep 2026",163
2025-08-05,755 Napoli Dr,Pacific Palisades,CA,90272,Single Family Residential,15814139,7.0,9.0,10603.0,16186.0,2023.0,1491.0,,Pacific Palisades,34.042083,-118.5103071,TheMLS,25568365,View Listing,,True,,"Tal file PacPal_Sold_homes_2021-present, pulled 8 Sep 2026",164
2025-08-01,16597 Via Floresta,Pacific Palisades,CA,90272,Single Family Residential,3560000,4.0,3.0,3361.0,15101.0,1985.0,1059.0,,Pacific Palisades,34.0597527,-118.5474546,TheMLS,25537189,View Listing,,True,,"Tal file PacPal_Sold_homes_2021-present, pulled 8 Sep 2026",165
2025-07-15,13817 W Sunset Blvd,Pacific Palisades,CA,90272,Single Family Residential,9400000,5.0,7.0,6528.0,14996.0,2019.0,1440.0,,Pacific Palisades,34.0484535,-118.5072996,TheMLS,25492149,View Listing,,True,,"Tal file PacPal_Sold_homes_2021-present, pulled 8 Sep 2026",166
2025-07-15,1321 Avenida De Cortez,Pacific Palisades,CA,90272,Single Family Residential,1965000,3.0,2.0,2188.0,6344.0,1975.0,898.0,445.0,Pacific Palisades,34.0711009,-118.5594793,TheMLS,25535805,View Listing,,True,,"Tal file PacPal_Sold_homes_2021-present, pulled 8 Sep 2026",167
2025-07-11,1443 Jonesboro Dr,Los Angeles,CA,90049,Single Family Residential,3750000,5.0,3.5,2223.0,13610.0,1954.0,1687.0,,Outside Palisades,34.0546486,-118.4976803,CRMLS,SR25077090,View Listing,,True,,"Tal file PacPal_Sold_homes_2021-present, pulled 8 Sep 2026",168
2025-07-11,463 Wynola St,Pacific Palisades,CA,90272,Single Family Residential,5299000,6.0,7.0,7698.0,8867.0,2009.0,688.0,,Pacific Palisades,34.0420365,-118.5371547,TheMLS,24-472175,View Listing,,True,,"Tal file PacPal_Sold_homes_2021-present, pulled 8 Sep 2026",169
2025-07-11,17152 Avenida De Santa Ynez,Pacific Palisades,CA,90272,Single Family Residential,2650000,4.0,4.0,3748.0,6129.0,1974.0,707.0,500.0,Pacific Palisades,34.0696964,-118.5599441,TheMLS,25527841,View Listing,,True,,"Tal file PacPal_Sold_homes_2021-present, pulled 8 Sep 2026",170
2025-07-07,551 Amalfi Dr,Pacific Palisades,CA,90272,Single Family Residential,11300000,6.0,8.0,8894.0,15620.0,2003.0,1271.0,33.0,Pacific Palisades,34.0357802,-118.5135137,TheMLS,25537501,View Listing,,True,,"Tal file PacPal_Sold_homes_2021-present, pulled 8 Sep 2026",171
2025-07-02,16633 Bienveneda Pl,Pacific Palisades,CA,90272,Single Family Residential,2605000,3.0,3.0,2030.0,15099.0,1975.0,1283.0,,Pacific Palisades,34.0602722,-118.5447652,TheMLS,25532643,View Listing,,True,,"Tal file PacPal_Sold_homes_2021-present, pulled 8 Sep 2026",172
2025-07-01,16754 Calle De Catalina,Pacific Palisades,CA,90272,Single Family Residential,2514935,4.0,4.0,3117.0,144007.0,1996.0,807.0,777.0,Pacific Palisades,34.0760322,-118.551465,TheMLS,25524847,View Listing,,True,,"Tal file PacPal_Sold_homes_2021-present, pulled 8 Sep 2026",173
2025-07-01,848 Toulon Dr,Pacific Palisades,CA,90272,Single Family Residential,8500000,4.0,5.0,4400.0,13565.0,1951.0,1932.0,33.0,Pacific Palisades,34.0440495,-118.5088836,TheMLS,25540469,View Listing,,True,,"Tal file PacPal_Sold_homes_2021-present, pulled 8 Sep 2026",174
2025-06-30,719 Haverford Ave,Pacific Palisades,CA,90272,Vacant Land,1575000,,,,6001.0,,,,Pacific Palisades,34.0435116,-118.5295579,TheMLS,25527593,View Listing,,True,,"Tal file PacPal_Sold_homes_2021-present, pulled 8 Sep 2026",175
2025-06-27,1656 Michael Ln,Pacific Palisades,CA,90272,Townhouse,1360000,2.0,3.0,1955.0,400291.0,1979.0,696.0,687.0,Pacific Palisades,34.0798826,-118.5636377,TheMLS,25520047,View Listing,,True,,"Tal file PacPal_Sold_homes_2021-present, pulled 8 Sep 2026",176
2025-06-25,546 Stassi Ln,Santa Monica,CA,90402,Single Family Residential,4300000,4.0,4.0,3376.0,7335.0,1948.0,1274.0,,Outside Palisades,34.0331245,-118.5097351,TheMLS,25520269,View Listing,,True,,"Tal file PacPal_Sold_homes_2021-present, pulled 8 Sep 2026",177
2025-06-18,408 Sycamore Rd,Santa Monica,CA,90402,Single Family Residential,4085000,4.0,3.0,2020.0,4642.0,1913.0,2022.0,,Outside Palisades,34.0326724,-118.5165409,TheMLS,25514361,View Listing,,True,,"Tal file PacPal_Sold_homes_2021-present, pulled 8 Sep 2026",178
2025-06-18,13600 Romany Dr,Pacific Palisades,CA,90272,Single Family Residential,10229600,6.0,7.0,5800.0,16082.0,1941.0,1764.0,,Pacific Palisades,34.0544355,-118.5030782,TheMLS,25533423,View Listing,,True,,"Tal file PacPal_Sold_homes_2021-present, pulled 8 Sep 2026",179
2025-06-16,544 Arbramar Ave,Pacific Palisades,CA,90272,Single Family Residential,2525000,3.0,2.0,1670.0,9004.0,1951.0,1512.0,,Pacific Palisades,34.0434564,-118.535538,TheMLS,24-468063,View Listing,,True,,"Tal file PacPal_Sold_homes_2021-present, pulled 8 Sep 2026",180
2025-06-12,1180 Napoli Dr,Pacific Palisades,CA,90272,Single Family Residential,10225000,5.0,5.0,5011.0,20124.0,1953.0,2041.0,,Pacific Palisades,34.0500409,-118.5030777,TheMLS,25523273,View Listing,,True,,"Tal file PacPal_Sold_homes_2021-present, pulled 8 Sep 2026",181
2025-06-12,400 E Rustic Rd,Santa Monica,CA,90402,Single Family Residential,3100000,3.0,2.0,1873.0,6526.0,1935.0,1655.0,,Outside Palisades,34.0322246,-118.5173194,TheMLS,25532031,View Listing,,True,,"Tal file PacPal_Sold_homes_2021-present, pulled 8 Sep 2026",182
2025-06-10,350 Entrada Dr,Santa Monica,CA,90402,Single Family Residential,2025000,2.0,1.0,1110.0,6000.0,1923.0,1824.0,,Outside Palisades,34.0301817,-118.5139698,TheMLS,25509919,View Listing,,True,,"Tal file PacPal_Sold_homes_2021-present, pulled 8 Sep 2026",183
2025-06-10,420 Entrada Dr,Santa Monica,CA,90402,Single Family Residential,2668000,3.0,2.0,1700.0,7727.0,1954.0,1569.0,,Outside Palisades,34.0313633,-118.5118398,CRMLS,SR24227591,View Listing,,True,,"Tal file PacPal_Sold_homes_2021-present, pulled 8 Sep 2026",184
2025-06-10,1633 Michael Ln,Pacific Palisades,CA,90272,Townhouse,1599000,3.0,3.0,1978.0,333393.0,1977.0,808.0,815.0,Pacific Palisades,34.07905,-118.565371,CRMLS,SB25088898,View Listing,,True,,"Tal file PacPal_Sold_homes_2021-present, pulled 8 Sep 2026",185
2025-06-10,279 Amalfi Dr,Santa Monica,CA,90402,Single Family Residential,4870000,3.0,4.0,2613.0,5597.0,1935.0,1864.0,,Outside Palisades,34.0314001,-118.5148423,TheMLS,25532639,View Listing,,True,,"Tal file PacPal_Sold_homes_2021-present, pulled 8 Sep 2026",186
2025-06-04,486 E Channel Rd,Santa Monica,CA,90402,Single Family Residential,4695000,4.0,4.0,2700.0,3769.0,2016.0,1739.0,,Outside Palisades,34.0333797,-118.5123591,TheMLS,25-489677,View Listing,,True,,"Tal file PacPal_Sold_homes_2021-present, pulled 8 Sep 2026",187
2025-05-07,724 Greentree Rd,Pacific Palisades,CA,90272,Single Family Residential,12550000,4.0,4.0,4020.0,12459.0,2019.0,3122.0,,Pacific Palisades,34.0418096,-118.5160848,TheMLS,25511749,View Listing,,True,,"Tal file PacPal_Sold_homes_2021-present, pulled 8 Sep 2026",188
2025-05-06,13574 D Este Dr,Pacific Palisades,CA,90272,Single Family Residential,10079425,5.0,6.0,6100.0,17001.0,1959.0,1652.0,39.0,Pacific Palisades,34.0572056,-118.5007231,TheMLS,25516091,View Listing,,True,,"Tal file PacPal_Sold_homes_2021-present, pulled 8 Sep 2026",189
2025-05-05,676 Via Santa Ynez,Pacific Palisades,CA,90272,Vacant Land,2140000,,,,29672.0,,,,Pacific Palisades,34.047819,-118.5483034,TheMLS,25517229,View Listing,,True,,"Tal file PacPal_Sold_homes_2021-present, pulled 8 Sep 2026",190
2025-05-01,533 W Rustic Rd,Santa Monica,CA,90402,Vacant Land,2300000,,,,6023.0,,,,Outside Palisades,34.0349846,-118.518132,TheMLS,25513041,View Listing,,True,,"Tal file PacPal_Sold_homes_2021-present, pulled 8 Sep 2026",191
2025-04-28,814 Toulon Dr,Pacific Palisades,CA,90272,Single Family Residential,20000000,6.0,7.0,8008.0,18604.0,2013.0,2498.0,,Pacific Palisades,34.0438895,-118.50953,TheMLS,25498471,View Listing,,True,,"Tal file PacPal_Sold_homes_2021-present, pulled 8 Sep 2026",192
2025-04-25,16559 Akron St,Pacific Palisades,CA,90272,Single Family Residential,1400000,4.0,3.0,2086.0,5260.0,1951.0,671.0,,Pacific Palisades,34.0506616,-118.5434383,TheMLS,25522499,View Listing,,True,,"Tal file PacPal_Sold_homes_2021-present, pulled 8 Sep 2026",193
2025-04-18,17013 Bollinger Dr,Pacific Palisades,CA,90272,Single Family Residential,2300000,3.0,2.0,1700.0,9065.0,1950.0,1353.0,,Pacific Palisades,34.0438376,-118.5494316,TheMLS,25504785,View Listing,,True,,"Tal file PacPal_Sold_homes_2021-present, pulled 8 Sep 2026",194
2025-04-10,16735 Marquez Ter,Pacific Palisades,CA,90272,Single Family Residential,1780000,6.0,4.0,4470.0,7244.0,2017.0,398.0,,Pacific Palisades,34.0478069,-118.5459485,CRMLS,CV25036813,View Listing,,True,,"Tal file PacPal_Sold_homes_2021-present, pulled 8 Sep 2026",195
2025-04-03,1344 Monaco Dr,Pacific Palisades,CA,90272,Single Family Residential,13230551,6.0,6.0,6014.0,19980.0,1930.0,2200.0,,Pacific Palisades,34.0541804,-118.5008408,TheMLS,25499223,View Listing,,True,,"Tal file PacPal_Sold_homes_2021-present, pulled 8 Sep 2026",196
2025-04-01,338 Entrada Dr,Santa Monica,CA,90402,Single Family Residential,4390000,4.0,4.0,2792.0,6000.0,1947.0,1572.0,,Outside Palisades,34.0301399,-118.5142336,TheMLS,25-480995,View Listing,,True,,"Tal file PacPal_Sold_homes_2021-present, pulled 8 Sep 2026",197
2025-03-28,13837 W Sunset Blvd,Pacific Palisades,CA,90272,Single Family Residential,4199000,5.0,4.0,3837.0,14994.0,1952.0,1094.0,,Pacific Palisades,34.0479986,-118.5076608,CSMAR,225000469,View Listing,,True,,"Tal file PacPal_Sold_homes_2021-present, pulled 8 Sep 2026",198
2025-03-26,16764 Calle De Marisa,Pacific Palisades,CA,90272,Single Family Residential,2525000,5.0,4.0,3289.0,,1996.0,768.0,777.0,Pacific Palisades,34.0765943,-118.551622,TheMLS,24-438455,View Listing,,True,,"Tal file PacPal_Sold_homes_2021-present, pulled 8 Sep 2026",199
2025-03-20,1425 Brinkley Ave,Los Angeles,CA,90049,Single Family Residential,3295500,3.0,2.0,2363.0,9564.0,1953.0,1395.0,,Outside Palisades,34.0545668,-118.4961161,TheMLS,25497641,View Listing,,True,,"Tal file PacPal_Sold_homes_2021-present, pulled 8 Sep 2026",200
2025-03-06,1328 Brinkley Ave,Los Angeles,CA,90049,Single Family Residential,4530600,4.0,3.0,2716.0,9130.0,1953.0,1668.0,,Outside Palisades,34.0515652,-118.4963972,TheMLS,25-487989,View Listing,,True,,"Tal file PacPal_Sold_homes_2021-present, pulled 8 Sep 2026",201
2025-03-05,830 Brooktree Rd,Pacific Palisades,CA,90272,Single Family Residential,6448900,4.0,3.0,2488.0,17234.0,1949.0,2592.0,,Pacific Palisades,34.0443615,-118.5138031,TheMLS,25491131,View Listing,,True,,"Tal file PacPal_Sold_homes_2021-present, pulled 8 Sep 2026",202
2025-02-25,225 Mabery Rd,Santa Monica,CA,90402,Single Family Residential,6500000,4.0,4.0,3294.0,6988.0,1926.0,1973.0,,Outside Palisades,34.0289341,-118.5153506,TheMLS,25-488645,View Listing,,True,,"Tal file PacPal_Sold_homes_2021-present, pulled 8 Sep 2026",203
2025-02-25,1400 Longworth Dr,Los Angeles,CA,90049,Single Family Residential,4900000,4.0,4.0,2616.0,8407.0,1954.0,1873.0,,Outside Palisades,34.0534594,-118.4969457,TheMLS,25495851,View Listing,,True,,"Tal file PacPal_Sold_homes_2021-present, pulled 8 Sep 2026",204
2025-02-21,625 Kingman Ave,Santa Monica,CA,90402,Single Family Residential,7195000,4.0,4.0,3100.0,5670.0,1936.0,2321.0,,Outside Palisades,34.0351773,-118.5089537,TheMLS,25-489935,View Listing,,True,,"Tal file PacPal_Sold_homes_2021-present, pulled 8 Sep 2026",205
2025-02-20,13209 Dobbins Pl,Los Angeles,CA,90049,Single Family Residential,11776000,6.0,8.0,9139.0,10013.0,2024.0,1289.0,,Outside Palisades,34.053112,-118.4978648,TheMLS,25-479475,View Listing,,True,,"Tal file PacPal_Sold_homes_2021-present, pulled 8 Sep 2026",206
2025-02-19,13201 Haney Pl,Los Angeles,CA,90049,Single Family Residential,10200000,6.0,7.0,6716.0,9826.0,2022.0,1519.0,,Outside Palisades,34.0537895,-118.4972989,TheMLS,25-489879,View Listing,,True,,"Tal file PacPal_Sold_homes_2021-present, pulled 8 Sep 2026",207
2025-02-11,592 Entrada Dr,Santa Monica,CA,90402,Single Family Residential,3450000,2.0,3.0,2431.0,5519.0,1948.0,1419.0,,Outside Palisades,34.0341428,-118.5093908,TheMLS,24-439471,View Listing,,True,,"Tal file PacPal_Sold_homes_2021-present, pulled 8 Sep 2026",208
2025-01-24,309 E Rustic Rd,Santa Monica,CA,90402,Single Family Residential,6650000,4.0,5.0,4133.0,6353.0,1923.0,1609.0,,Outside Palisades,34.0306539,-118.5166303,TheMLS,24-452725,View Listing,,True,,"Tal file PacPal_Sold_homes_2021-present, pulled 8 Sep 2026",209
2025-01-23,312 E Rustic Rd,Santa Monica,CA,90402,Single Family Residential,6400000,5.0,5.0,3400.0,7002.0,2024.0,1882.0,,Outside Palisades,34.0307024,-118.5161124,TheMLS,24-436911,View Listing,,True,,"Tal file PacPal_Sold_homes_2021-present, pulled 8 Sep 2026",210
2025-01-03,1159 Lachman Ln,Pacific Palisades,CA,90272,Single Family Residential,4025000,5.0,5.0,3257.0,14619.0,,1236.0,,Pacific Palisades,34.0568146,-118.5471719,TheMLS,24-466107,View Listing,,False,,"Tal file PacPal_Sold_homes_2021-present, pulled 8 Sep 2026",211
2025-01-02,587 E Channel Rd,Santa Monica,CA,90402,Single Family Residential,7350000,3.0,3.0,3059.0,30098.0,1953.0,2403.0,,Outside Palisades,34.0361947,-118.5116496,CRMLS,SB24244114,View Listing,,False,,"Tal file PacPal_Sold_homes_2021-present, pulled 8 Sep 2026",212
2024-12-31,817 Radcliffe Ave,Pacific Palisades,CA,90272,Single Family Residential,2860000,4.0,3.0,3372.0,9218.0,1941.0,848.0,,Pacific Palisades,34.0459036,-118.5302534,TheMLS,24-459087,View Listing,,False,,"Tal file PacPal_Sold_homes_2021-present, pulled 8 Sep 2026",213
2024-12-26,637 Palmera Ave,Pacific Palisades,CA,90272,Single Family Residential,2500000,3.0,2.0,1874.0,6686.0,1953.0,1334.0,,Pacific Palisades,34.046586,-118.5386328,TheMLS,24-474303,View Listing,,False,,"Tal file PacPal_Sold_homes_2021-present, pulled 8 Sep 2026",214
2024-12-26,1420 Bienveneda Ave,Pacific Palisades,CA,90272,Single Family Residential,6102500,6.0,6.0,6732.0,45517.0,1995.0,906.0,1320.0,Pacific Palisades,34.0622688,-118.5426374,TheMLS,24-436635,View Listing,,False,,"Tal file PacPal_Sold_homes_2021-present, pulled 8 Sep 2026",215
2024-12-20,773 Hartzell St,Pacific Palisades,CA,90272,Single Family Residential,5149000,4.0,5.0,3600.0,6502.0,2004.0,1430.0,,Pacific Palisades,34.0432398,-118.5194671,TheMLS,24-475259,View Listing,,False,,"Tal file PacPal_Sold_homes_2021-present, pulled 8 Sep 2026",216
2024-12-20,1361 Berea Pl,Pacific Palisades,CA,90272,Single Family Residential,4900000,5.0,6.0,4083.0,8374.0,1960.0,1200.0,,Pacific Palisades,34.0540248,-118.5219397,TheMLS,24-354085,View Listing,,False,,"Tal file PacPal_Sold_homes_2021-present, pulled 8 Sep 2026",217
2024-12-18,368 Sycamore Rd,Santa Monica,CA,90402,Single Family Residential,3805697,4.0,3.0,2060.0,4355.0,2007.0,1847.0,,Outside Palisades,34.0321622,-118.5162302,TheMLS,24-449071,View Listing,,False,,"Tal file PacPal_Sold_homes_2021-present, pulled 8 Sep 2026",218
2024-12-17,16037 Miami Way,Pacific Palisades,CA,90272,Single Family Residential,2750000,3.0,2.0,1128.0,5751.0,1948.0,2438.0,,Pacific Palisades,34.0454998,-118.5369525,TheMLS,24-466045,View Listing,,False,,"Tal file PacPal_Sold_homes_2021-present, pulled 8 Sep 2026",219
2024-12-16,532 Spoleto Dr,Pacific Palisades,CA,90272,Single Family Residential,15095000,7.0,8.0,10568.0,16639.0,2009.0,1428.0,25.0,Pacific Palisades,34.0351559,-118.5144499,TheMLS,24-447415,View Listing,,False,,"Tal file PacPal_Sold_homes_2021-present, pulled 8 Sep 2026",220
2024-12-13,16650 Akron St,Pacific Palisades,CA,90272,Single Family Residential,4150000,4.0,4.0,2600.0,8193.0,1954.0,1596.0,,Pacific Palisades,34.0497019,-118.5448529,TheMLS,24-462507,View Listing,,False,,"Tal file PacPal_Sold_homes_2021-present, pulled 8 Sep 2026",221
2024-12-10,1786 Michael Ln,Pacific Palisades,CA,90272,Single Family Residential,2225000,3.0,2.0,1809.0,6722.0,1977.0,1230.0,280.0,Pacific Palisades,34.0786221,-118.560434,TheMLS,24-453729,View Listing,,False,,"Tal file PacPal_Sold_homes_2021-present, pulled 8 Sep 2026",222
2024-12-09,16781 Bollinger Dr,Pacific Palisades,CA,90272,Single Family Residential,2965000,4.0,3.0,2535.0,6398.0,1946.0,1170.0,,Pacific Palisades,34.0453794,-118.5454659,TheMLS,24-459605,View Listing,,False,,"Tal file PacPal_Sold_homes_2021-present, pulled 8 Sep 2026",223
2024-12-06,1102 Chautauqua Blvd,Pacific Palisades,CA,90272,Single Family Residential,4785000,5.0,4.0,4045.0,8808.0,1947.0,1183.0,,Pacific Palisades,34.0500161,-118.5172046,TheMLS,24-455839,View Listing,,False,,"Tal file PacPal_Sold_homes_2021-present, pulled 8 Sep 2026",224
2024-12-05,1116 Cumbre Alta Ct,Pacific Palisades,CA,90272,Single Family Residential,5072500,5.0,6.0,5421.0,15140.0,1987.0,936.0,495.0,Pacific Palisades,34.06794,-118.55463,TheMLS,24-424025,View Listing,,False,,"Tal file PacPal_Sold_homes_2021-present, pulled 8 Sep 2026",225
2024-12-04,14943 Mckendree Ave,Pacific Palisades,CA,90272,Single Family Residential,2000000,3.0,2.0,1507.0,6623.0,1948.0,1327.0,,Pacific Palisades,34.0528905,-118.5229443,TheMLS,24-387345,View Listing,,False,,"Tal file PacPal_Sold_homes_2021-present, pulled 8 Sep 2026",226
2024-12-03,717 Greentree Rd,Pacific Palisades,CA,90272,Single Family Residential,8500000,5.0,6.0,5200.0,17893.0,2004.0,1635.0,,Pacific Palisades,34.0413066,-118.516638,TheMLS,24-445803,View Listing,,False,,"Tal file PacPal_Sold_homes_2021-present, pulled 8 Sep 2026",227
2024-11-26,407 Upper Mesa Rd,Santa Monica,CA,90402,Single Family Residential,4800000,4.0,4.0,3325.0,5011.0,1983.0,1444.0,,Outside Palisades,34.0330202,-118.5154074,TheMLS,24-423745,View Listing,,False,,"Tal file PacPal_Sold_homes_2021-present, pulled 8 Sep 2026",228
2024-11-22,16749 Bollinger Dr,Pacific Palisades,CA,90272,Single Family Residential,2845000,3.0,4.0,2047.0,5321.0,1947.0,1390.0,,Pacific Palisades,34.0461778,-118.5448471,TheMLS,24-448419,View Listing,,False,,"Tal file PacPal_Sold_homes_2021-present, pulled 8 Sep 2026",229
2024-11-22,906 Chautauqua Blvd,Pacific Palisades,CA,90272,Single Family Residential,7475000,4.0,3.0,3882.0,18466.0,1942.0,1926.0,,Pacific Palisades,34.0465201,-118.5159715,TheMLS,24-406881,View Listing,,False,,"Tal file PacPal_Sold_homes_2021-present, pulled 8 Sep 2026",230
2024-11-22,1379 Beckwith Ave,Los Angeles,CA,90049,Single Family Residential,4900000,4.0,5.0,3669.0,9264.0,1953.0,1336.0,,Outside Palisades,34.0532957,-118.495391,TheMLS,24-433089,View Listing,,False,,"Tal file PacPal_Sold_homes_2021-present, pulled 8 Sep 2026",231
2024-11-21,444 Sycamore Rd,Santa Monica,CA,90402,Single Family Residential,3490000,4.0,4.0,2380.0,4643.0,1994.0,1466.0,,Outside Palisades,34.0335595,-118.516969,TheMLS,24-436287,View Listing,,False,,"Tal file PacPal_Sold_homes_2021-present, pulled 8 Sep 2026",232
2024-11-20,836 Iliff St,Pacific Palisades,CA,90272,Single Family Residential,3994000,4.0,3.0,3088.0,6499.0,2003.0,1293.0,,Pacific Palisades,34.0446774,-118.5182001,TheMLS,24-383865,View Listing,,False,,"Tal file PacPal_Sold_homes_2021-present, pulled 8 Sep 2026",233
2024-11-18,765 Amalfi Dr,Pacific Palisades,CA,90272,Single Family Residential,9005000,4.0,4.0,2823.0,16560.0,1949.0,3190.0,,Pacific Palisades,34.0430846,-118.5110307,TheMLS,24-446845,View Listing,,False,,"Tal file PacPal_Sold_homes_2021-present, pulled 8 Sep 2026",234
2024-11-14,16754 Via La Costa,Pacific Palisades,CA,90272,Single Family Residential,3950000,5.0,6.0,6095.0,13656.0,1998.0,648.0,430.0,Pacific Palisades,34.0770198,-118.5479989,TheMLS,24-417833,View Listing,,False,,"Tal file PacPal_Sold_homes_2021-present, pulled 8 Sep 2026",235
2024-11-07,541 Stassi Ln,Santa Monica,CA,90402,Single Family Residential,10715000,5.0,6.0,5430.0,9874.0,2019.0,1973.0,,Outside Palisades,34.0331822,-118.5100758,TheMLS,24-450487,View Listing,,False,,"Tal file PacPal_Sold_homes_2021-present, pulled 8 Sep 2026",236
2024-11-06,444 Ocampo Dr,Pacific Palisades,CA,90272,Single Family Residential,8375000,5.0,6.0,4021.0,9362.0,1946.0,2083.0,27.0,Pacific Palisades,34.0364223,-118.5211415,TheMLS,24-447851,View Listing,,False,,"Tal file PacPal_Sold_homes_2021-present, pulled 8 Sep 2026",237
2024-11-04,652 Bienveneda Ave,Pacific Palisades,CA,90272,Single Family Residential,3200000,3.0,2.0,1741.0,7092.0,1947.0,1838.0,,Pacific Palisades,34.0473714,-118.5400128,TheMLS,24-451429,View Listing,,False,,"Tal file PacPal_Sold_homes_2021-present, pulled 8 Sep 2026",238
2024-11-04,657 Hightree Rd,Santa Monica,CA,90402,Single Family Residential,4105000,3.0,3.0,2428.0,10312.0,1952.0,1691.0,,Outside Palisades,34.0401065,-118.5150686,TheMLS,24-425925,View Listing,,False,,"Tal file PacPal_Sold_homes_2021-present, pulled 8 Sep 2026",239
2024-11-01,16716 Via La Costa,Pacific Palisades,CA,90272,Single Family Residential,4380000,6.0,6.0,4759.0,13766.0,1998.0,920.0,846.0,Pacific Palisades,34.0762968,-118.5471138,TheMLS,24-458983,View Listing,,False,,"Tal file PacPal_Sold_homes_2021-present, pulled 8 Sep 2026",240
2024-11-01,15230 Friends St,Pacific Palisades,CA,90272,Single Family Residential,3500000,3.0,2.0,1765.0,6580.0,1947.0,1983.0,,Pacific Palisades,34.0346132,-118.5271359,TheMLS,24-430907,View Listing,,False,,"Tal file PacPal_Sold_homes_2021-present, pulled 8 Sep 2026",241
2024-10-31,628 Palisades Dr,Pacific Palisades,CA,90272,Townhouse,2150000,3.0,4.0,2675.0,279718.0,1991.0,804.0,660.0,Pacific Palisades,34.0482004,-118.552189,TheMLS,24-437967,View Listing,,False,,"Tal file PacPal_Sold_homes_2021-present, pulled 8 Sep 2026",242
2024-10-28,17134 Palisades Cir,Pacific Palisades,CA,90272,Townhouse,1050000,2.0,3.0,1734.0,127646.0,1976.0,606.0,933.0,Pacific Palisades,34.0754538,-118.56266,TheMLS,24-432377,View Listing,,False,,"Tal file PacPal_Sold_homes_2021-present, pulled 8 Sep 2026",243
2024-10-24,592 Radcliffe Ave,Pacific Palisades,CA,90272,Single Family Residential,4066950,4.0,5.0,3257.0,5679.0,2006.0,1249.0,,Pacific Palisades,34.0406688,-118.5302534,TheMLS,24-426427,View Listing,,False,,"Tal file PacPal_Sold_homes_2021-present, pulled 8 Sep 2026",244
2024-10-22,14517 W Sunset Blvd,Pacific Palisades,CA,90272,Single Family Residential,1790000,3.0,2.0,1421.0,7016.0,1956.0,1260.0,,Pacific Palisades,34.0454481,-118.5158058,TheMLS,24-406283,View Listing,,False,,"Tal file PacPal_Sold_homes_2021-present, pulled 8 Sep 2026",245
2024-10-18,500 Toyopa Dr,Pacific Palisades,CA,90272,Single Family Residential,12650000,6.0,9.0,8690.0,22787.0,2017.0,1456.0,71.0,Pacific Palisades,34.0364724,-118.5196068,TheMLS,24-436449,View Listing,,False,,"Tal file PacPal_Sold_homes_2021-present, pulled 8 Sep 2026",246
2024-10-17,820 Alma Real Dr,Pacific Palisades,CA,90272,Single Family Residential,9795000,6.0,6.0,6399.0,8628.0,2009.0,1531.0,25.0,Pacific Palisades,34.0434511,-118.5234356,TheMLS,24-437493,View Listing,,False,,"Tal file PacPal_Sold_homes_2021-present, pulled 8 Sep 2026",247
2024-10-15,1204 Piedra Morada Dr,Pacific Palisades,CA,90272,Single Family Residential,3400000,5.0,5.0,5081.0,14787.0,1989.0,669.0,495.0,Pacific Palisades,34.0680889,-118.5513957,TheMLS,24-415167,View Listing,,False,,"Tal file PacPal_Sold_homes_2021-present, pulled 8 Sep 2026",248
2024-10-11,363 Sumac Ln,Santa Monica,CA,90402,Single Family Residential,3000000,3.0,2.0,2001.0,5440.0,1921.0,1499.0,,Outside Palisades,34.033383,-118.51401,TheMLS,24-432719,View Listing,,False,,"Tal file PacPal_Sold_homes_2021-present, pulled 8 Sep 2026",249
2024-10-10,460 Sycamore Rd,Santa Monica,CA,90402,Single Family Residential,2250000,3.0,3.0,1898.0,4788.0,1965.0,1185.0,,Outside Palisades,34.0340311,-118.5173002,TheMLS,24-393395,View Listing,,False,,"Tal file PacPal_Sold_homes_2021-present, pulled 8 Sep 2026",250
2024-10-09,1588 Michael Ln,Pacific Palisades,CA,90272,Townhouse,1620000,3.0,3.0,2081.0,400291.0,1979.0,778.0,685.0,Pacific Palisades,34.0786822,-118.5648109,TheMLS,24-416329,View Listing,,False,,"Tal file PacPal_Sold_homes_2021-present, pulled 8 Sep 2026",251
2024-10-08,400 Sycamore Rd,Santa Monica,CA,90402,Single Family Residential,2894000,2.0,1.5,1939.0,4641.0,1935.0,1493.0,,Outside Palisades,34.032538,-118.5164584,CRMLS,SR24151640,View Listing,,False,,"Tal file PacPal_Sold_homes_2021-present, pulled 8 Sep 2026",252
2024-10-01,347 Aderno Way,Pacific Palisades,CA,90272,Single Family Residential,3112000,4.0,2.0,1777.0,10499.0,1949.0,1751.0,,Pacific Palisades,34.0419719,-118.5443914,TheMLS,24-436555,View Listing,,False,,"Tal file PacPal_Sold_homes_2021-present, pulled 8 Sep 2026",253
2024-09-30,1101 Monument St,Pacific Palisades,CA,90272,Single Family Residential,6250000,5.0,6.0,4200.0,6053.0,2024.0,1488.0,,Pacific Palisades,34.0488265,-118.5249635,TheMLS,24-431137,View Listing,,False,,"Tal file PacPal_Sold_homes_2021-present, pulled 8 Sep 2026",254
2024-09-30,744 Haverford Ave,Pacific Palisades,CA,90272,Single Family Residential,2100000,2.0,2.0,1444.0,5993.0,1953.0,1454.0,,Pacific Palisades,34.0441232,-118.5289547,CRMLS,PW24144227,View Listing,,False,,"Tal file PacPal_Sold_homes_2021-present, pulled 8 Sep 2026",255
2024-09-27,742 Via De La Paz,Pacific Palisades,CA,90272,Single Family Residential,4680000,6.0,7.0,4535.0,7502.0,2006.0,1032.0,,Pacific Palisades,34.0437214,-118.5276067,TheMLS,24-388136,View Listing,,False,,"Tal file PacPal_Sold_homes_2021-present, pulled 8 Sep 2026",256
2024-09-24,16719 Bollinger Dr,Pacific Palisades,CA,90272,Single Family Residential,3325000,4.0,3.0,3048.0,5070.0,,1091.0,,Pacific Palisades,34.0472174,-118.5449117,TheMLS,24-390373,View Listing,,False,,"Tal file PacPal_Sold_homes_2021-present, pulled 8 Sep 2026",257
2024-09-23,850 Galloway St,Pacific Palisades,CA,90272,Single Family Residential,5800000,5.0,6.0,3434.0,5205.0,2024.0,1689.0,,Pacific Palisades,34.0447151,-118.5203162,TheMLS,24-453739,View Listing,,False,,"Tal file PacPal_Sold_homes_2021-present, pulled 8 Sep 2026",258
2024-09-20,15961 Miami Way,Pacific Palisades,CA,90272,Single Family Residential,3150000,3.0,2.0,1898.0,6315.0,1941.0,1660.0,,Pacific Palisades,34.0443854,-118.5358288,TheMLS,24-441465,View Listing,,False,,"Tal file PacPal_Sold_homes_2021-present, pulled 8 Sep 2026",259
2024-09-20,921 Rivas Canyon Rd,Pacific Palisades,CA,90272,Single Family Residential,9700000,5.0,7.0,5474.0,43400.0,2016.0,1772.0,,Pacific Palisades,34.0470979,-118.5147713,TheMLS,24-381207,View Listing,,False,,"Tal file PacPal_Sold_homes_2021-present, pulled 8 Sep 2026",260
2024-09-20,1513 Sorrento Dr,Pacific Palisades,CA,90272,Single Family Residential,21500000,7.0,9.0,12361.0,21762.0,2015.0,1739.0,200.0,Pacific Palisades,34.0581875,-118.5032328,TheMLS,24-418197,View Listing,,False,,"Tal file PacPal_Sold_homes_2021-present, pulled 8 Sep 2026",261
2024-09-18,675 Muskingum Ave,Pacific Palisades,CA,90272,Single Family Residential,6800000,7.0,8.0,6640.0,8607.0,2024.0,1024.0,,Pacific Palisades,34.0471343,-118.5373865,TheMLS,24-398459,View Listing,,False,,"Tal file PacPal_Sold_homes_2021-present, pulled 8 Sep 2026",262
2024-09-13,16517 Las Casas Pl,Pacific Palisades,CA,90272,Single Family Residential,3820000,3.0,4.0,3288.0,9835.0,1956.0,1162.0,,Pacific Palisades,34.0504313,-118.5414851,TheMLS,24-408130,View Listing,,False,,"Tal file PacPal_Sold_homes_2021-present, pulled 8 Sep 2026",263
2024-09-13,600 Via De La Paz,Pacific Palisades,CA,90272,Single Family Residential,7200000,6.0,8.0,7276.0,7211.0,2024.0,990.0,,Pacific Palisades,34.0404292,-118.5284877,TheMLS,24-384751,View Listing,,False,,"Tal file PacPal_Sold_homes_2021-present, pulled 8 Sep 2026",264
2024-09-13,821 Las Lomas Ave,Pacific Palisades,CA,90272,Single Family Residential,2239000,2.0,2.0,1204.0,5949.0,1959.0,1860.0,,Pacific Palisades,34.0493133,-118.5384436,TheMLS,24-387401,View Listing,,False,,"Tal file PacPal_Sold_homes_2021-present, pulled 8 Sep 2026",265
2024-09-06,1375 Allenford Ave,Los Angeles,CA,90049,Single Family Residential,8250000,7.0,10.0,7800.0,9844.0,2021.0,1058.0,,Outside Palisades,34.0532055,-118.4944222,TheMLS,24-413971,View Listing,,False,,"Tal file PacPal_Sold_homes_2021-present, pulled 8 Sep 2026",266
2024-09-05,743 Enchanted Way,Pacific Palisades,CA,90272,Single Family Residential,3375743,3.0,2.0,2242.0,9516.0,1956.0,1506.0,,Pacific Palisades,34.0496203,-118.5494823,TheMLS,24-425943,View Listing,,False,,"Tal file PacPal_Sold_homes_2021-present, pulled 8 Sep 2026",267
2024-08-30,1467 Amalfi Dr,Pacific Palisades,CA,90272,Single Family Residential,5025000,4.0,4.0,3253.0,12820.0,1961.0,1545.0,25.0,Pacific Palisades,34.0571717,-118.5039556,TheMLS,24-412307,View Listing,,False,,"Tal file PacPal_Sold_homes_2021-present, pulled 8 Sep 2026",268
2024-08-29,1425 Chautauqua Blvd,Pacific Palisades,CA,90272,Single Family Residential,6600000,3.0,4.0,3282.0,26462.0,1941.0,2011.0,,Pacific Palisades,34.0548064,-118.5219525,TheMLS,23-308323,View Listing,,False,,"Tal file PacPal_Sold_homes_2021-present, pulled 8 Sep 2026",269
2024-08-28,1467 Chastain Pkwy,Pacific Palisades,CA,90272,Single Family Residential,6000000,5.0,6.0,6754.0,12411.0,1990.0,888.0,430.0,Pacific Palisades,34.0757575,-118.553537,TheMLS,24-415011,View Listing,,False,,"Tal file PacPal_Sold_homes_2021-present, pulled 8 Sep 2026",270
2024-08-28,15926 Temecula St,Pacific Palisades,CA,90272,Single Family Residential,3050088,2.0,2.0,1685.0,6732.0,1941.0,1810.0,,Pacific Palisades,34.0443567,-118.5350585,TheMLS,24-406795,View Listing,,False,,"Tal file PacPal_Sold_homes_2021-present, pulled 8 Sep 2026",271
2024-08-26,1030 Fiske St,Pacific Palisades,CA,90272,Single Family Residential,4500000,3.0,4.0,2886.0,5199.0,1929.0,1559.0,,Pacific Palisades,34.0481434,-118.522105,TheMLS,24-431967,View Listing,,False,,"Tal file PacPal_Sold_homes_2021-present, pulled 8 Sep 2026",272
2024-08-26,16855 Livorno Dr,Pacific Palisades,CA,90272,Single Family Residential,3075000,4.0,3.0,2133.0,6904.0,1949.0,1442.0,,Pacific Palisades,34.044117,-118.5462509,TheMLS,24-402255,View Listing,,False,,"Tal file PacPal_Sold_homes_2021-present, pulled 8 Sep 2026",273
2024-08-23,227 Tranquillo Rd,Pacific Palisades,CA,90272,Single Family Residential,3185000,3.0,2.0,1723.0,6789.0,1954.0,1849.0,,Pacific Palisades,34.0436783,-118.562581,TheMLS,24-400163,View Listing,,False,,"Tal file PacPal_Sold_homes_2021-present, pulled 8 Sep 2026",274
2024-08-23,1423 Cuesta Linda,Pacific Palisades,CA,90272,Single Family Residential,4350000,6.0,8.0,5793.0,15237.0,1988.0,751.0,30.0,Pacific Palisades,34.0750944,-118.5553686,TheMLS,24-410203,View Listing,,False,,"Tal file PacPal_Sold_homes_2021-present, pulled 8 Sep 2026",275
2024-08-22,724 Hampden Pl,Pacific Palisades,CA,90272,Single Family Residential,7450000,5.0,7.0,6423.0,9646.0,2020.0,1160.0,,Pacific Palisades,34.04291,-118.5260737,TheMLS,24-391569,View Listing,,False,,"Tal file PacPal_Sold_homes_2021-present, pulled 8 Sep 2026",276
2024-08-15,16857 W Sunset Blvd,Pacific Palisades,CA,90272,Single Family Residential,2217000,3.0,3.0,2240.0,7202.0,1947.0,990.0,,Pacific Palisades,34.0434078,-118.545639,TheMLS,24-379141,View Listing,,False,,"Tal file PacPal_Sold_homes_2021-present, pulled 8 Sep 2026",277
2024-08-13,720 N Almar Ave,Pacific Palisades,CA,90272,Single Family Residential,5145000,5.0,5.0,3827.0,6946.0,2009.0,1344.0,,Pacific Palisades,34.0461017,-118.5342214,TheMLS,24-413701,View Listing,,False,,"Tal file PacPal_Sold_homes_2021-present, pulled 8 Sep 2026",278
2024-08-13,744 Iliff St,Pacific Palisades,CA,90272,Single Family Residential,2175000,2.0,1.0,1202.0,5000.0,1939.0,1809.0,,Pacific Palisades,34.0427955,-118.5178112,TheMLS,24-399987,View Listing,,False,,"Tal file PacPal_Sold_homes_2021-present, pulled 8 Sep 2026",279
2024-08-08,367 N Grenola St,Pacific Palisades,CA,90272,Single Family Residential,2765000,3.0,2.0,1704.0,6392.0,1948.0,1623.0,,Pacific Palisades,34.0427754,-118.5427474,TheMLS,24-388851,View Listing,,False,,"Tal file PacPal_Sold_homes_2021-present, pulled 8 Sep 2026",280
2024-08-07,17951 Tramonto Dr,Pacific Palisades,CA,90272,Single Family Residential,2411735,3.0,2.0,2058.0,5903.0,1951.0,1172.0,,Pacific Palisades,34.0435928,-118.5654159,TheMLS,24-405745,View Listing,,False,,"Tal file PacPal_Sold_homes_2021-present, pulled 8 Sep 2026",281
2024-08-06,1301 Piedra Morada Dr,Pacific Palisades,CA,90272,Single Family Residential,4000000,5.0,6.0,5306.0,16948.0,1987.0,754.0,490.0,Pacific Palisades,34.0710328,-118.5521119,TheMLS,24-397534,View Listing,,False,,"Tal file PacPal_Sold_homes_2021-present, pulled 8 Sep 2026",282
2024-08-06,16123 W Sunset Blvd #206,Pacific Palisades,CA,90272,Townhouse,1325000,3.0,3.0,1677.0,15805.0,2006.0,790.0,647.0,Pacific Palisades,34.0491408,-118.5365316,TheMLS,24-397677,View Listing,,False,,"Tal file PacPal_Sold_homes_2021-present, pulled 8 Sep 2026",283
2024-08-02,848 Bienveneda Ave,Pacific Palisades,CA,90272,Single Family Residential,2252000,3.0,3.0,1887.0,7607.0,1953.0,1193.0,,Pacific Palisades,34.0502232,-118.5388584,TheMLS,24-397775,View Listing,,False,,"Tal file PacPal_Sold_homes_2021-present, pulled 8 Sep 2026",284
2024-08-01,16863 W Sunset Blvd,Pacific Palisades,CA,90272,Single Family Residential,1860000,2.0,2.0,1757.0,7204.0,1948.0,1059.0,,Pacific Palisades,34.0433858,-118.5457046,TheMLS,24-384533,View Listing,,False,,"Tal file PacPal_Sold_homes_2021-present, pulled 8 Sep 2026",285
2024-07-30,721 Via De La Paz,Pacific Palisades,CA,90272,Single Family Residential,6202000,4.0,5.0,3721.0,8303.0,1936.0,1667.0,,Pacific Palisades,34.043335,-118.5285112,TheMLS,24-391148,View Listing,,False,,"Tal file PacPal_Sold_homes_2021-present, pulled 8 Sep 2026",286
2024-07-29,1135 Las Lomas Ave,Pacific Palisades,CA,90272,Single Family Residential,2750000,4.0,2.0,1941.0,11960.0,1956.0,1417.0,29.0,Pacific Palisades,34.0544153,-118.5354019,TheMLS,24-406707,View Listing,,False,,"Tal file PacPal_Sold_homes_2021-present, pulled 8 Sep 2026",287
2024-07-26,861 Kagawa St,Pacific Palisades,CA,90272,Single Family Residential,3750000,4.0,4.0,2350.0,6500.0,1949.0,1596.0,,Pacific Palisades,34.045445,-118.5178798,TheMLS,24-377157,View Listing,,False,,"Tal file PacPal_Sold_homes_2021-present, pulled 8 Sep 2026",288
2024-07-26,713 Wildomar St,Pacific Palisades,CA,90272,Single Family Residential,2915000,3.0,4.0,4234.0,8611.0,1930.0,688.0,,Pacific Palisades,34.0474036,-118.5359999,TheMLS,24-386315,View Listing,,False,,"Tal file PacPal_Sold_homes_2021-present, pulled 8 Sep 2026",289
2024-07-24,1580 Chastain Pkwy,Pacific Palisades,CA,90272,Single Family Residential,3300000,4.0,5.0,4127.0,6868.0,1995.0,800.0,430.0,Pacific Palisades,34.076504,-118.5501073,TheMLS,24-401769,View Listing,,False,,"Tal file PacPal_Sold_homes_2021-present, pulled 8 Sep 2026",290
2024-07-24,17189 Palisades Cir,Pacific Palisades,CA,90272,Townhouse,1340000,3.0,3.0,1767.0,361377.0,1974.0,758.0,787.0,Pacific Palisades,34.0758849,-118.5632127,TheMLS,24-398339,View Listing,,False,,"Tal file PacPal_Sold_homes_2021-present, pulled 8 Sep 2026",291
2024-07-19,538 Chautauqua Blvd,Pacific Palisades,CA,90272,Single Family Residential,32300000,6.0,12.0,,22824.0,2024.0,,,Pacific Palisades,34.0370398,-118.518367,TheMLS,24-394931,View Listing,,False,,"Tal file PacPal_Sold_homes_2021-present, pulled 8 Sep 2026",292
2024-07-19,1555 Palisades Dr,Pacific Palisades,CA,90272,Townhouse,1355000,2.0,3.0,1955.0,400291.0,1979.0,693.0,685.0,Pacific Palisades,34.0773293,-118.5646697,TheMLS,24-379921,View Listing,,False,,"Tal file PacPal_Sold_homes_2021-present, pulled 8 Sep 2026",293
2024-07-18,1036 El Medio Ave,Pacific Palisades,CA,90272,Single Family Residential,4870000,5.0,4.0,4724.0,19856.0,,1031.0,,Pacific Palisades,34.0529121,-118.5311238,TheMLS,24-361729,View Listing,,False,,"Tal file PacPal_Sold_homes_2021-present, pulled 8 Sep 2026",294
2024-07-17,1030 Glenhaven Dr,Pacific Palisades,CA,90272,Single Family Residential,3145000,3.0,3.0,2322.0,9427.0,1958.0,1354.0,,Pacific Palisades,34.0536427,-118.5461577,TheMLS,24-390265,View Listing,,False,,"Tal file PacPal_Sold_homes_2021-present, pulled 8 Sep 2026",295
2024-07-17,17017 Avenida De Santa Ynez,Pacific Palisades,CA,90272,Single Family Residential,3132500,4.0,3.0,2890.0,5816.0,1975.0,1084.0,440.0,Pacific Palisades,34.0723588,-118.559018,TheMLS,24-398285,View Listing,,False,,"Tal file PacPal_Sold_homes_2021-present, pulled 8 Sep 2026",296
2024-07-17,668 Palisades Dr,Pacific Palisades,CA,90272,Townhouse,2250000,4.0,3.0,2964.0,137962.0,1995.0,759.0,660.0,Pacific Palisades,34.0492398,-118.5518698,TheMLS,24-413615,View Listing,,False,,"Tal file PacPal_Sold_homes_2021-present, pulled 8 Sep 2026",297
2024-07-16,1607 Michael Ln,Pacific Palisades,CA,90272,Townhouse,1343000,2.0,3.0,1926.0,333393.0,1977.0,697.0,815.0,Pacific Palisades,34.0786528,-118.5652929,TheMLS,24-367839,View Listing,,False,,"Tal file PacPal_Sold_homes_2021-present, pulled 8 Sep 2026",298
2024-07-15,424 Beirut Ave,Pacific Palisades,CA,90272,Single Family Residential,2135000,2.0,2.0,988.0,4004.0,1950.0,2161.0,,Pacific Palisades,34.0378843,-118.5302606,TheMLS,24-394175,View Listing,,False,,"Tal file PacPal_Sold_homes_2021-present, pulled 8 Sep 2026",299
2024-07-15,506 N Las Casas Ave,Pacific Palisades,CA,90272,Single Family Residential,6575000,6.0,7.0,6220.0,8115.0,2022.0,1057.0,,Pacific Palisades,34.0440589,-118.5431127,TheMLS,24-343303,View Listing,,False,,"Tal file PacPal_Sold_homes_2021-present, pulled 8 Sep 2026",300
2024-07-12,1842 Palisades Dr,Pacific Palisades,CA,90272,Townhouse,1774925,3.0,3.0,1983.0,284108.0,1978.0,895.0,935.0,Pacific Palisades,34.07517,-118.55874,TheMLS,24-397315,View Listing,,False,,"Tal file PacPal_Sold_homes_2021-present, pulled 8 Sep 2026",301
2024-07-11,925 Enchanted Way,Pacific Palisades,CA,90272,Single Family Residential,7488000,4.0,5.0,3650.0,19638.0,2023.0,2052.0,4.0,Pacific Palisades,34.0531027,-118.5489033,TheMLS,24-374931,View Listing,,False,,"Tal file PacPal_Sold_homes_2021-present, pulled 8 Sep 2026",302
2024-07-10,18047 Blue Sail Dr,Pacific Palisades,CA,90272,Single Family Residential,5140000,5.0,6.0,4306.0,20752.0,,1194.0,,Pacific Palisades,34.0493249,-118.5689092,TheMLS,24-346063,View Listing,,False,,"Tal file PacPal_Sold_homes_2021-present, pulled 8 Sep 2026",303
2024-07-09,13926 W Sunset Blvd,Pacific Palisades,CA,90272,Single Family Residential,7779900,5.0,7.0,6987.0,16181.0,1929.0,1113.0,,Pacific Palisades,34.0459724,-118.5085117,TheMLS,24-399447,View Listing,,False,,"Tal file PacPal_Sold_homes_2021-present, pulled 8 Sep 2026",304
2024-07-09,17098 Palisades Cir,Pacific Palisades,CA,90272,Townhouse,1325000,3.0,3.0,1830.0,127646.0,1976.0,724.0,804.0,Pacific Palisades,34.0753179,-118.5627584,TheMLS,24-378329,View Listing,,False,,"Tal file PacPal_Sold_homes_2021-present, pulled 8 Sep 2026",305
2024-07-09,16075 Northfield St,Pacific Palisades,CA,90272,Single Family Residential,4850000,4.0,5.0,3494.0,6095.0,1998.0,1388.0,,Pacific Palisades,34.047368,-118.5365084,TheMLS,24-398105,View Listing,,False,,"Tal file PacPal_Sold_homes_2021-present, pulled 8 Sep 2026",306
2024-07-03,700 Almar Ave,Pacific Palisades,CA,90272,Single Family Residential,6200000,5.0,6.0,4120.0,7565.0,2009.0,1505.0,,Pacific Palisades,34.0455946,-118.5346086,TheMLS,24-397579,View Listing,,False,,"Tal file PacPal_Sold_homes_2021-present, pulled 8 Sep 2026",307
2024-07-02,16886 Charmel Ln,Pacific Palisades,CA,90272,Single Family Residential,4015000,5.0,4.0,4097.0,17721.0,1987.0,980.0,,Pacific Palisades,34.0642121,-118.5515421,CRMLS,P1-16987,View Listing,,False,,"Tal file PacPal_Sold_homes_2021-present, pulled 8 Sep 2026",308
2024-06-27,1639 Michael Ln,Pacific Palisades,CA,90272,Townhouse,1885000,3.0,3.0,2500.0,333393.0,1977.0,754.0,815.0,Pacific Palisades,34.07918,-118.56506,TheMLS,24-383403,View Listing,,False,,"Tal file PacPal_Sold_homes_2021-present, pulled 8 Sep 2026",309
2024-06-26,1550 Michael Ln,Pacific Palisades,CA,90272,Townhouse,1830000,3.0,3.5,2467.0,400291.0,1979.0,742.0,684.0,Pacific Palisades,34.0782101,-118.5645084,CRMLS,SR24082669,View Listing,,False,,"Tal file PacPal_Sold_homes_2021-present, pulled 8 Sep 2026",310
2024-06-21,461 W Rustic Rd,Santa Monica,CA,90402,Single Family Residential,6500000,4.0,4.0,3400.0,6252.0,2016.0,1912.0,,Outside Palisades,34.0334816,-118.5182627,TheMLS,24-406675,View Listing,,False,,"Tal file PacPal_Sold_homes_2021-present, pulled 8 Sep 2026",311
2024-06-18,17212 Avenida De La Herradura,Pacific Palisades,CA,90272,Single Family Residential,2525000,3.0,3.0,2333.0,7452.0,1977.0,1082.0,280.0,Pacific Palisades,34.0775919,-118.5609997,TheMLS,24-377151,View Listing,,False,,"Tal file PacPal_Sold_homes_2021-present, pulled 8 Sep 2026",312
2024-06-18,1039 Galloway St,Pacific Palisades,CA,90272,Single Family Residential,4300000,4.0,4.0,2551.0,5201.0,1926.0,1686.0,,Pacific Palisades,34.0484332,-118.521673,TheMLS,24-393031,View Listing,,False,,"Tal file PacPal_Sold_homes_2021-present, pulled 8 Sep 2026",313
2024-06-17,16656 Calle Haleigh,Pacific Palisades,CA,90272,Single Family Residential,3115000,3.0,4.0,3466.0,8125.0,1999.0,899.0,756.0,Pacific Palisades,34.0739148,-118.5492376,TheMLS,24-383005,View Listing,,False,,"Tal file PacPal_Sold_homes_2021-present, pulled 8 Sep 2026",314
2024-06-14,17481 Tramonto Dr,Pacific Palisades,CA,90272,Single Family Residential,2624000,4.0,3.0,2803.0,6644.0,1975.0,936.0,,Pacific Palisades,34.0418118,-118.5581052,TheMLS,24-377727,View Listing,,False,,"Tal file PacPal_Sold_homes_2021-present, pulled 8 Sep 2026",315
2024-06-13,1383 Palisades Dr,Pacific Palisades,CA,90272,Townhouse,1400000,2.0,3.0,1676.0,175900.0,1973.0,835.0,911.0,Pacific Palisades,34.0719518,-118.5634952,TheMLS,24-380377,View Listing,,False,,"Tal file PacPal_Sold_homes_2021-present, pulled 8 Sep 2026",316
2024-06-13,955 Bienveneda Ave,Pacific Palisades,CA,90272,Single Family Residential,6578900,5.0,6.0,4772.0,16147.0,2018.0,1379.0,,Pacific Palisades,34.0516125,-118.5401727,TheMLS,24-403775,View Listing,,False,,"Tal file PacPal_Sold_homes_2021-present, pulled 8 Sep 2026",317
2024-06-10,1142 Charm Acres Pl,Pacific Palisades,CA,90272,Single Family Residential,6400000,5.0,6.0,4300.0,6228.0,2024.0,1488.0,,Pacific Palisades,34.0498458,-118.5256218,TheMLS,24-351933,View Listing,,False,,"Tal file PacPal_Sold_homes_2021-present, pulled 8 Sep 2026",318
2024-06-07,14626 Hilltree Rd,Santa Monica,CA,90402,Single Family Residential,4150000,3.0,3.0,2493.0,10013.0,1953.0,1665.0,,Outside Palisades,34.0369391,-118.5159606,TheMLS,23-321487,View Listing,,False,,"Tal file PacPal_Sold_homes_2021-present, pulled 8 Sep 2026",319
2024-06-07,819 Jacon Way,Pacific Palisades,CA,90272,Single Family Residential,2825000,4.0,2.0,2600.0,7744.0,1956.0,1087.0,,Pacific Palisades,34.0514924,-118.5471094,TheMLS,24-384061,View Listing,,False,,"Tal file PacPal_Sold_homes_2021-present, pulled 8 Sep 2026",320
2024-06-07,1329 Avenida De Cortez,Pacific Palisades,CA,90272,Single Family Residential,2300000,3.0,2.0,1995.0,6328.0,1975.0,1153.0,266.0,Pacific Palisades,34.071443,-118.5596756,CRMLS,SR24116813,View Listing,,False,,"Tal file PacPal_Sold_homes_2021-present, pulled 8 Sep 2026",321
2024-06-03,14330 W Sunset Blvd,Pacific Palisades,CA,90272,Single Family Residential,25375000,7.0,13.0,15100.0,43560.0,2023.0,1680.0,,Pacific Palisades,34.0497808,-118.5114183,TheMLS,23-327461,View Listing,,False,,"Tal file PacPal_Sold_homes_2021-present, pulled 8 Sep 2026",322
2024-05-31,680 N Las Casas Ave,Pacific Palisades,CA,90272,Single Family Residential,2825000,3.0,3.0,1964.0,8801.0,1973.0,1438.0,,Pacific Palisades,34.0481337,-118.5414222,TheMLS,24-377033,View Listing,,False,,"Tal file PacPal_Sold_homes_2021-present, pulled 8 Sep 2026",323
2024-05-31,231 Giardino Way,Pacific Palisades,CA,90272,Single Family Residential,2200000,3.0,2.0,1776.0,7980.0,1957.0,1239.0,,Pacific Palisades,34.0445969,-118.5637713,TheMLS,24-378349,View Listing,,False,,"Tal file PacPal_Sold_homes_2021-present, pulled 8 Sep 2026",324
2024-05-29,16505 Akron St,Pacific Palisades,CA,90272,Single Family Residential,2350000,2.0,2.0,1492.0,13192.0,1956.0,1575.0,,Pacific Palisades,34.0514715,-118.5419476,TheMLS,24-375681,View Listing,,False,,"Tal file PacPal_Sold_homes_2021-present, pulled 8 Sep 2026",325
2024-05-28,1390 Avenida De Cortez,Pacific Palisades,CA,90272,Single Family Residential,2730000,3.0,2.0,2097.0,6590.0,1973.0,1302.0,432.0,Pacific Palisades,34.0723353,-118.5621526,TheMLS,24-374222,View Listing,,False,,"Tal file PacPal_Sold_homes_2021-present, pulled 8 Sep 2026",326
2024-05-23,279 Mabery Rd,Santa Monica,CA,90402,Single Family Residential,3950000,4.0,4.0,2772.0,7295.0,1954.0,1425.0,,Outside Palisades,34.029715,-118.5141176,TheMLS,24-346559,View Listing,,False,,"Tal file PacPal_Sold_homes_2021-present, pulled 8 Sep 2026",327
2024-05-21,1548 Michael Ln,Pacific Palisades,CA,90272,Townhouse,1617000,3.0,4.0,2435.0,400290.0,1979.0,664.0,655.0,Pacific Palisades,34.078312,-118.5650283,TheMLS,24-382145,View Listing,,False,,"Tal file PacPal_Sold_homes_2021-present, pulled 8 Sep 2026",328
2024-05-21,254 Toyopa Dr,Pacific Palisades,CA,90272,Single Family Residential,6300000,4.0,5.0,4674.0,14712.0,1957.0,1348.0,42.0,Pacific Palisades,34.0318578,-118.519637,TheMLS,24-388519,View Listing,,False,,"Tal file PacPal_Sold_homes_2021-present, pulled 8 Sep 2026",329
2024-05-20,13301 Westcove Dr,Los Angeles,CA,90049,Single Family Residential,2575000,3.0,3.0,2410.0,10141.0,1958.0,1068.0,,Outside Palisades,34.0575972,-118.4962999,TheMLS,24-372597,View Listing,,False,,"Tal file PacPal_Sold_homes_2021-present, pulled 8 Sep 2026",330
2024-05-17,501 Arbramar Ave,Pacific Palisades,CA,90272,Single Family Residential,2832550,3.0,2.0,1767.0,6589.0,1948.0,1603.0,,Pacific Palisades,34.0423864,-118.5361735,TheMLS,24-366601,View Listing,,False,,"Tal file PacPal_Sold_homes_2021-present, pulled 8 Sep 2026",331
2024-05-17,1565 Umeo Rd,Pacific Palisades,CA,90272,Single Family Residential,8850000,4.0,5.0,5070.0,25944.0,2013.0,1746.0,13.0,Pacific Palisades,34.0606458,-118.5041712,TheMLS,24-361925,View Listing,,False,,"Tal file PacPal_Sold_homes_2021-present, pulled 8 Sep 2026",332
2024-05-15,748 Haverford Ave,Pacific Palisades,CA,90272,Single Family Residential,2375000,4.0,4.0,3040.0,5993.0,1956.0,781.0,,Pacific Palisades,34.0442136,-118.5288647,CRMLS,PW23220474,View Listing,,False,,"Tal file PacPal_Sold_homes_2021-present, pulled 8 Sep 2026",333
2024-05-10,617 Frontera Dr,Pacific Palisades,CA,90272,Single Family Residential,6000500,6.0,6.0,5198.0,8619.0,1941.0,1154.0,25.0,Pacific Palisades,34.0400381,-118.5227086,TheMLS,24-369243,View Listing,,False,,"Tal file PacPal_Sold_homes_2021-present, pulled 8 Sep 2026",334
2024-05-10,16918 Donna Ynez Ln,Pacific Palisades,CA,90272,Single Family Residential,2300000,4.0,3.0,1968.0,6995.0,1962.0,1169.0,,Pacific Palisades,34.0473709,-118.5503806,TheMLS,24-378271,View Listing,,False,,"Tal file PacPal_Sold_homes_2021-present, pulled 8 Sep 2026",335
2024-05-09,14928 La Cumbre Dr,Pacific Palisades,CA,90272,Single Family Residential,16550000,6.0,8.0,9222.0,14908.0,2024.0,1795.0,,Pacific Palisades,34.033443,-118.5215832,TheMLS,24-366453,View Listing,,False,,"Tal file PacPal_Sold_homes_2021-present, pulled 8 Sep 2026",336
2024-05-07,837 Muskingum Ave,Pacific Palisades,CA,90272,Single Family Residential,3610000,3.0,2.0,2128.0,18555.0,1948.0,1696.0,,Pacific Palisades,34.0501294,-118.5348259,TheMLS,24-345883,View Listing,,False,,"Tal file PacPal_Sold_homes_2021-present, pulled 8 Sep 2026",337
2024-05-03,17728 Porto Marina Way,Pacific Palisades,CA,90272,Single Family Residential,2860000,2.0,2.0,1415.0,5460.0,1953.0,2021.0,,Pacific Palisades,34.0412353,-118.5626938,TheMLS,24-346605,View Listing,,False,,"Tal file PacPal_Sold_homes_2021-present, pulled 8 Sep 2026",338
2024-05-03,563 Spoleto Dr,Pacific Palisades,CA,90272,Single Family Residential,18300000,5.0,7.0,7713.0,21006.0,2004.0,2373.0,25.0,Pacific Palisades,34.0366983,-118.5139907,TheMLS,24-345761,View Listing,,False,,"Tal file PacPal_Sold_homes_2021-present, pulled 8 Sep 2026",339
2024-05-02,15975 Alcima Ave,Pacific Palisades,CA,90272,Single Family Residential,14500000,7.0,12.0,11700.0,33196.0,2022.0,1239.0,,Pacific Palisades,34.0516206,-118.5348407,TheMLS,24-348185,View Listing,,False,,"Tal file PacPal_Sold_homes_2021-present, pulled 8 Sep 2026",340
2024-05-02,681 Amalfi Dr,Pacific Palisades,CA,90272,Single Family Residential,16550000,8.0,10.0,9380.0,24830.0,,1764.0,25.0,Pacific Palisades,34.0401728,-118.5121418,TheMLS,24-363215,View Listing,,False,,"Tal file PacPal_Sold_homes_2021-present, pulled 8 Sep 2026",341
2024-05-02,15291 Bestor Blvd,Pacific Palisades,CA,90272,Single Family Residential,7500000,6.0,7.0,6620.0,7618.0,2014.0,1133.0,,Pacific Palisades,34.0513539,-118.5255981,TheMLS,24-356023,View Listing,,False,,"Tal file PacPal_Sold_homes_2021-present, pulled 8 Sep 2026",342
2024-05-02,1457 San Remo Dr,Pacific Palisades,CA,90272,Single Family Residential,9500000,5.0,5.0,4489.0,20876.0,1953.0,2116.0,,Pacific Palisades,34.0564496,-118.498532,TheMLS,24-353629,View Listing,,False,,"Tal file PacPal_Sold_homes_2021-present, pulled 8 Sep 2026",343
2024-05-02,654 Swarthmore Ave,Pacific Palisades,CA,90272,Single Family Residential,2763500,5.0,4.0,2780.0,3957.0,1990.0,994.0,,Pacific Palisades,34.0417334,-118.5271668,TheMLS,23-316213,View Listing,,False,,"Tal file PacPal_Sold_homes_2021-present, pulled 8 Sep 2026",344
2024-05-01,17145 Palisades Cir #90,Pacific Palisades,CA,90272,Townhouse,1395000,2.0,3.0,1734.0,361377.0,1974.0,804.0,753.0,Pacific Palisades,34.07564,-118.56222,TheMLS,24-344143,View Listing,,False,,"Tal file PacPal_Sold_homes_2021-present, pulled 8 Sep 2026",345
2024-04-30,926 Embury St,Pacific Palisades,CA,90272,Single Family Residential,4987545,5.0,6.0,3300.0,5204.0,2015.0,1511.0,,Pacific Palisades,34.0460891,-118.5226658,TheMLS,24-371794,View Listing,,False,,"Tal file PacPal_Sold_homes_2021-present, pulled 8 Sep 2026",346
2024-04-26,254 Mabery Rd,Santa Monica,CA,90402,Single Family Residential,3250000,5.0,4.0,3815.0,6043.0,1926.0,852.0,,Outside Palisades,34.0290877,-118.5143771,TheMLS,24-351781,View Listing,,False,,"Tal file PacPal_Sold_homes_2021-present, pulled 8 Sep 2026",347
2024-04-17,817 Galloway St,Pacific Palisades,CA,90272,Single Family Residential,3100000,3.0,3.0,1651.0,3526.0,,1878.0,,Pacific Palisades,34.0437712,-118.5205786,TheMLS,24-361145,View Listing,,False,,"Tal file PacPal_Sold_homes_2021-present, pulled 8 Sep 2026",348
2024-04-17,615 Palmera Ave,Pacific Palisades,CA,90272,Single Family Residential,3300000,4.0,3.0,3197.0,5491.0,1948.0,1032.0,,Pacific Palisades,34.0461619,-118.5392253,TheMLS,24-363103,View Listing,,False,,"Tal file PacPal_Sold_homes_2021-present, pulled 8 Sep 2026",349
2024-04-16,13115 Nimrod Pl,Los Angeles,CA,90049,Single Family Residential,4400000,3.0,3.0,2504.0,10075.0,1955.0,1757.0,,Outside Palisades,34.0511483,-118.4958024,TheMLS,24-370101,View Listing,,False,,"Tal file PacPal_Sold_homes_2021-present, pulled 8 Sep 2026",350
2024-04-09,736 Swarthmore Ave,Pacific Palisades,CA,90272,Single Family Residential,4360000,5.0,5.0,3648.0,7003.0,1926.0,1195.0,,Pacific Palisades,34.0436196,-118.5265331,TheMLS,24-368363,View Listing,,False,,"Tal file PacPal_Sold_homes_2021-present, pulled 8 Sep 2026",351
2024-04-05,16625 Calle Haleigh,Pacific Palisades,CA,90272,Single Family Residential,3400000,5.0,5.0,4583.0,6447.0,1999.0,742.0,705.0,Pacific Palisades,34.073457,-118.5482821,TheMLS,24-356397,View Listing,,False,,"Tal file PacPal_Sold_homes_2021-present, pulled 8 Sep 2026",352
2024-04-01,1300 Capri Dr,Pacific Palisades,CA,90272,Single Family Residential,4225000,3.0,3.0,2646.0,15877.0,1954.0,1597.0,25.0,Pacific Palisades,34.0532109,-118.5023635,TheMLS,24-361019,View Listing,,False,,"Tal file PacPal_Sold_homes_2021-present, pulled 8 Sep 2026",353
2024-03-28,1055 El Medio Ave,Pacific Palisades,CA,90272,Single Family Residential,5795000,3.0,3.0,2214.0,30566.0,1956.0,2617.0,,Pacific Palisades,34.0524117,-118.5321978,TheMLS,24-374087,View Listing,,False,,"Tal file PacPal_Sold_homes_2021-present, pulled 8 Sep 2026",354
2024-03-28,1328 Las Pulgas Rd,Pacific Palisades,CA,90272,Single Family Residential,7800000,5.0,7.0,6025.0,49027.0,1996.0,1295.0,,Pacific Palisades,34.0554325,-118.5382902,TheMLS,23-341473,View Listing,,False,,"Tal file PacPal_Sold_homes_2021-present, pulled 8 Sep 2026",355
2024-03-26,1117 Kagawa St,Pacific Palisades,CA,90272,Single Family Residential,6450000,5.0,6.0,3600.0,6500.0,2006.0,1792.0,,Pacific Palisades,34.050186,-118.518906,TheMLS,24-412403,View Listing,,False,,"Tal file PacPal_Sold_homes_2021-present, pulled 8 Sep 2026",356
2024-03-22,525 El Medio Ave,Pacific Palisades,CA,90272,Single Family Residential,3515000,3.0,2.0,,7791.0,1950.0,,,Pacific Palisades,34.0427054,-118.534913,TheMLS,24-371839,View Listing,,False,,"Tal file PacPal_Sold_homes_2021-present, pulled 8 Sep 2026",357
2024-03-22,17965 Surfview Ln,Pacific Palisades,CA,90272,Single Family Residential,4294000,5.0,5.0,4602.0,20004.0,1965.0,933.0,4.0,Pacific Palisades,34.0477794,-118.5654663,TheMLS,23-265707,View Listing,,False,,"Tal file PacPal_Sold_homes_2021-present, pulled 8 Sep 2026",358
2024-03-21,1273 Palisades Dr,Pacific Palisades,CA,90272,Townhouse,1379000,3.0,3.0,1820.0,136722.0,1973.0,758.0,874.0,Pacific Palisades,34.0695803,-118.5616911,TheMLS,23-264155,View Listing,,False,,"Tal file PacPal_Sold_homes_2021-present, pulled 8 Sep 2026",359
2024-03-21,16604 Calle Jermaine,Pacific Palisades,CA,90272,Single Family Residential,3141250,5.0,4.0,3232.0,10447.0,1995.0,972.0,433.0,Pacific Palisades,34.0721424,-118.5481477,TheMLS,24-362539,View Listing,,False,,"Tal file PacPal_Sold_homes_2021-present, pulled 8 Sep 2026",360
2024-03-15,783 Paseo Miramar,Pacific Palisades,CA,90272,Single Family Residential,8150000,4.0,5.0,5071.0,14871.0,1981.0,1607.0,,Pacific Palisades,34.0489323,-118.5573492,TheMLS,23-331675,View Listing,,False,,"Tal file PacPal_Sold_homes_2021-present, pulled 8 Sep 2026",361
2024-03-15,851 Castac Pl,Pacific Palisades,CA,90272,Single Family Residential,2225000,2.0,2.0,1248.0,5883.0,1941.0,1783.0,,Pacific Palisades,34.0494995,-118.5427039,TheMLS,24-345057,View Listing,,False,,"Tal file PacPal_Sold_homes_2021-present, pulled 8 Sep 2026",362
2024-03-13,1307 Palisades Dr,Pacific Palisades,CA,90272,Townhouse,1200000,3.0,3.0,1743.0,136765.0,1973.0,688.0,1030.0,Pacific Palisades,34.070159,-118.562205,TheMLS,24-350907,View Listing,,False,,"Tal file PacPal_Sold_homes_2021-present, pulled 8 Sep 2026",363
2024-03-13,1020 Glenhaven Dr,Pacific Palisades,CA,90272,Single Family Residential,3450000,5.0,4.0,3585.0,9013.0,1958.0,962.0,,Pacific Palisades,34.053512,-118.5459972,TheMLS,24-359469,View Listing,,False,,"Tal file PacPal_Sold_homes_2021-present, pulled 8 Sep 2026",364
2024-03-07,700 Radcliffe Ave,Pacific Palisades,CA,90272,Single Family Residential,2865000,3.0,2.0,1530.0,7502.0,1940.0,1873.0,,Pacific Palisades,34.0431792,-118.5303109,TheMLS,23-313434,View Listing,,False,,"Tal file PacPal_Sold_homes_2021-present, pulled 8 Sep 2026",365
2024-03-06,15341 De Pauw St,Pacific Palisades,CA,90272,Single Family Residential,2800000,3.0,2.5,1632.0,5004.0,1926.0,1716.0,,Pacific Palisades,34.0402077,-118.527206,CRMLS,GD24006496,View Listing,,False,,"Tal file PacPal_Sold_homes_2021-present, pulled 8 Sep 2026",366
2024-03-01,575 Tahquitz Pl,Pacific Palisades,CA,90272,Single Family Residential,2800000,4.0,3.0,1952.0,5449.0,1939.0,1434.0,,Pacific Palisades,34.0442855,-118.537631,TheMLS,24-364101,View Listing,,False,,"Tal file PacPal_Sold_homes_2021-present, pulled 8 Sep 2026",367
2024-03-01,14929 Whitfield Ave,Pacific Palisades,CA,90272,Single Family Residential,3025000,3.0,2.0,1815.0,6242.0,1950.0,1667.0,,Pacific Palisades,34.0522579,-118.5229301,TheMLS,23-342203,View Listing,,False,,"Tal file PacPal_Sold_homes_2021-present, pulled 8 Sep 2026",368
2024-03-01,911 Kagawa St,Pacific Palisades,CA,90272,Single Family Residential,3512500,5.0,4.0,2704.0,6499.0,1940.0,1299.0,,Pacific Palisades,34.0464258,-118.5180879,TheMLS,23-313359,View Listing,,False,,"Tal file PacPal_Sold_homes_2021-present, pulled 8 Sep 2026",369
2024-02-27,664 Kingman Ave,Santa Monica,CA,90402,Single Family Residential,2500000,3.0,2.0,1336.0,7894.0,1946.0,1871.0,,Outside Palisades,34.0360511,-118.5081726,TheMLS,23-334205,View Listing,,False,,"Tal file PacPal_Sold_homes_2021-present, pulled 8 Sep 2026",370
2024-02-26,226 Giardino Way,Pacific Palisades,CA,90272,Single Family Residential,3275000,3.0,2.0,1972.0,6455.0,1957.0,1661.0,17.0,Pacific Palisades,34.0443239,-118.5636402,TheMLS,24-351629,View Listing,,False,,"Tal file PacPal_Sold_homes_2021-present, pulled 8 Sep 2026",371
2024-02-20,447 Sycamore Rd,Santa Monica,CA,90402,Single Family Residential,2982653,2.0,3.0,1529.0,3723.0,1921.0,1951.0,,Outside Palisades,34.0335423,-118.5174241,TheMLS,24-346945,View Listing,,False,,"Tal file PacPal_Sold_homes_2021-present, pulled 8 Sep 2026",372
2024-02-16,1172 Lachman Ln,Pacific Palisades,CA,90272,Single Family Residential,4945000,4.0,4.0,3203.0,9698.0,1963.0,1544.0,,Pacific Palisades,34.0568408,-118.5463754,TheMLS,23-330297,View Listing,,False,,"Tal file PacPal_Sold_homes_2021-present, pulled 8 Sep 2026",373
2024-02-12,14401 Villa Woods Pl,Pacific Palisades,CA,90272,Single Family Residential,4520000,4.0,4.5,3578.0,15812.0,1953.0,1263.0,,Pacific Palisades,34.0525167,-118.5140668,CSMAR,224000073,View Listing,,False,,"Tal file PacPal_Sold_homes_2021-present, pulled 8 Sep 2026",374
2024-02-01,17264 Palisades Cir,Pacific Palisades,CA,90272,Townhouse,1460000,2.0,3.0,2126.0,221326.0,1983.0,687.0,692.0,Pacific Palisades,34.0753723,-118.5646563,TheMLS,23-310217,View Listing,,False,,"Tal file PacPal_Sold_homes_2021-present, pulled 8 Sep 2026",375
2024-02-01,13325 Westcove Dr,Los Angeles,CA,90049,Single Family Residential,3050000,4.0,2.5,2374.0,6839.0,1956.0,1285.0,,Outside Palisades,34.0573246,-118.496955,CRMLS,PV23118350,View Listing,,False,,"Tal file PacPal_Sold_homes_2021-present, pulled 8 Sep 2026",376
2024-01-30,807 Napoli Dr,Pacific Palisades,CA,90272,Single Family Residential,8621700,6.0,6.0,5576.0,18793.0,2000.0,1546.0,,Pacific Palisades,34.0431856,-118.509295,TheMLS,23-328001,View Listing,,False,,"Tal file PacPal_Sold_homes_2021-present, pulled 8 Sep 2026",377
2024-01-19,809 Las Lomas Ave,Pacific Palisades,CA,90272,Single Family Residential,1980000,4.0,3.0,1816.0,6467.0,1956.0,1090.0,,Pacific Palisades,34.0490655,-118.5386758,TheMLS,23-335563,View Listing,,False,,"Tal file PacPal_Sold_homes_2021-present, pulled 8 Sep 2026",378
2024-01-16,16637 Calle Haleigh,Pacific Palisades,CA,90272,Single Family Residential,3250000,5.0,5.0,4583.0,6414.0,1999.0,709.0,705.0,Pacific Palisades,34.0737203,-118.548522,TheMLS,23-339159,View Listing,,False,,"Tal file PacPal_Sold_homes_2021-present, pulled 8 Sep 2026",379
2024-01-10,1031 Fiske St,Pacific Palisades,CA,90272,Single Family Residential,2725000,2.0,2.0,1317.0,5201.0,1946.0,2069.0,,Pacific Palisades,34.0480647,-118.5226125,TheMLS,23-264797,View Listing,,False,,"Tal file PacPal_Sold_homes_2021-present, pulled 8 Sep 2026",380
2024-01-10,1006 Embury St,Pacific Palisades,CA,90272,Single Family Residential,4350000,4.0,5.0,3400.0,5202.0,2007.0,1279.0,,Pacific Palisades,34.0472478,-118.5229426,TheMLS,23-318541,View Listing,,False,,"Tal file PacPal_Sold_homes_2021-present, pulled 8 Sep 2026",381
2024-01-05,901 Hartzell St,Pacific Palisades,CA,90272,Single Family Residential,4999999,5.0,5.0,3180.0,6183.0,2006.0,1572.0,,Pacific Palisades,34.0457995,-118.5200663,TheMLS,23-334021,View Listing,,False,,"Tal file PacPal_Sold_homes_2021-present, pulled 8 Sep 2026",382
2024-01-02,1734 E Chastain Pkwy,Pacific Palisades,CA,90272,Single Family Residential,3610000,4.0,4.0,4528.0,7345.0,1996.0,797.0,410.0,Pacific Palisades,34.0742731,-118.5474743,TheMLS,23-313511,View Listing,,False,,"Tal file PacPal_Sold_homes_2021-present, pulled 8 Sep 2026",383
2023-12-22,751 Swarthmore Ave,Pacific Palisades,CA,90272,Single Family Residential,9950000,6.0,9.0,7639.0,9007.0,2023.0,1303.0,,Pacific Palisades,34.0439242,-118.5270167,TheMLS,23-288015,View Listing,,False,,"Tal file PacPal_Sold_homes_2021-present, pulled 8 Sep 2026",384
2023-12-22,841 Muskingum Ave,Pacific Palisades,CA,90272,Single Family Residential,5861986,5.0,4.0,4050.0,19170.0,1958.0,1447.0,,Pacific Palisades,34.050211,-118.5345851,TheMLS,23-326003,View Listing,,False,,"Tal file PacPal_Sold_homes_2021-present, pulled 8 Sep 2026",385
2023-12-21,17062 Bollinger Dr,Pacific Palisades,CA,90272,Single Family Residential,4300000,5.0,5.0,4314.0,6171.0,2002.0,997.0,,Pacific Palisades,34.0426315,-118.5502831,TheMLS,23-341221,View Listing,,False,,"Tal file PacPal_Sold_homes_2021-present, pulled 8 Sep 2026",386
2023-12-19,17900 Vicino Way,Pacific Palisades,CA,90272,Single Family Residential,4250000,4.0,4.0,4234.0,18252.0,,1004.0,,Pacific Palisades,34.0429628,-118.5650088,TheMLS,23-312909,View Listing,,False,,"Tal file PacPal_Sold_homes_2021-present, pulled 8 Sep 2026",387
2023-12-12,781 Wildomar St,Pacific Palisades,CA,90272,Single Family Residential,2500000,4.0,3.0,2263.0,6307.0,2003.0,1105.0,,Pacific Palisades,34.0482834,-118.5354901,TheMLS,23-299473,View Listing,,False,,"Tal file PacPal_Sold_homes_2021-present, pulled 8 Sep 2026",388
2023-12-11,1698 Michael Ln,Pacific Palisades,CA,90272,Townhouse,1851000,3.0,4.0,2467.0,400173.0,1979.0,750.0,655.0,Pacific Palisades,34.079986,-118.5636017,TheMLS,23-324137,View Listing,,False,,"Tal file PacPal_Sold_homes_2021-present, pulled 8 Sep 2026",389
2023-12-08,1190 Bienveneda Ave,Pacific Palisades,CA,90272,Single Family Residential,2375000,4.0,2.0,1938.0,11371.0,1972.0,1225.0,,Pacific Palisades,34.0565768,-118.5406579,TheMLS,23-323461,View Listing,,False,,"Tal file PacPal_Sold_homes_2021-present, pulled 8 Sep 2026",390
2023-12-06,1022 Galloway St,Pacific Palisades,CA,90272,Single Family Residential,2700000,3.0,1.0,1106.0,5203.0,1947.0,2441.0,,Pacific Palisades,34.048087,-118.5210667,TheMLS,23-241433,View Listing,,False,,"Tal file PacPal_Sold_homes_2021-present, pulled 8 Sep 2026",391
2023-12-06,501 N Las Casas Ave,Pacific Palisades,CA,90272,Single Family Residential,2100000,3.0,2.0,1522.0,5896.0,1953.0,1380.0,,Pacific Palisades,34.0439047,-118.543695,TheMLS,23-316997,View Listing,,False,,"Tal file PacPal_Sold_homes_2021-present, pulled 8 Sep 2026",392
2023-12-01,612 E Channel Rd,Santa Monica,CA,90402,Single Family Residential,10399000,5.0,8.0,6084.0,19360.0,1969.0,1709.0,,Outside Palisades,34.0369423,-118.5103205,TheMLS,23-325971,View Listing,,False,,"Tal file PacPal_Sold_homes_2021-present, pulled 8 Sep 2026",393
2023-12-01,1656 Casale Rd,Pacific Palisades,CA,90272,Single Family Residential,9880000,6.0,8.0,5324.0,14458.0,1959.0,1856.0,,Pacific Palisades,34.0619514,-118.5011554,TheMLS,23-265735,View Listing,,False,,"Tal file PacPal_Sold_homes_2021-present, pulled 8 Sep 2026",394
2023-12-01,15932 Temecula St,Pacific Palisades,CA,90272,Single Family Residential,4999500,5.0,6.0,3454.0,6466.0,2013.0,1447.0,,Pacific Palisades,34.0444396,-118.5351843,TheMLS,23-329587,View Listing,,False,,"Tal file PacPal_Sold_homes_2021-present, pulled 8 Sep 2026",395
2023-11-30,17679 Camino De Yatasto,Pacific Palisades,CA,90272,Single Family Residential,7300000,7.0,8.0,7401.0,19324.0,2001.0,986.0,540.0,Pacific Palisades,34.0793469,-118.5710053,TheMLS,23-268203,View Listing,,False,,"Tal file PacPal_Sold_homes_2021-present, pulled 8 Sep 2026",396
2023-11-30,222 Amalfi Dr,Santa Monica,CA,90402,Single Family Residential,4400000,5.0,6.0,5123.0,5929.0,1929.0,859.0,,Outside Palisades,34.0323388,-118.5132858,TheMLS,23-298163,View Listing,,False,,"Tal file PacPal_Sold_homes_2021-present, pulled 8 Sep 2026",397
2023-11-22,16639 W Sunset Blvd,Pacific Palisades,CA,90272,Single Family Residential,1925000,3.0,3.0,1794.0,4632.0,1947.0,1073.0,,Pacific Palisades,34.04719,-118.5441508,TheMLS,23-316993,View Listing,,False,,"Tal file PacPal_Sold_homes_2021-present, pulled 8 Sep 2026",398
2023-11-22,13317 Westcove Dr,Los Angeles,CA,90049,Single Family Residential,4292500,4.0,5.0,3537.0,12638.0,1958.0,1214.0,,Outside Palisades,34.05757,-118.4972127,TheMLS,23-334807,View Listing,,False,,"Tal file PacPal_Sold_homes_2021-present, pulled 8 Sep 2026",399
2023-11-21,260 Mabery Rd,Santa Monica,CA,90402,Single Family Residential,2500000,2.0,3.0,1425.0,5485.0,1930.0,1754.0,,Outside Palisades,34.0292012,-118.5142938,TheMLS,23-313067,View Listing,,False,,"Tal file PacPal_Sold_homes_2021-present, pulled 8 Sep 2026",400
2023-11-20,216 Toyopa Dr,Pacific Palisades,CA,90272,Single Family Residential,14970000,5.0,6.0,7000.0,17020.0,2004.0,2139.0,49.0,Pacific Palisades,34.0307773,-118.519712,TheMLS,23-325843,View Listing,,False,,"Tal file PacPal_Sold_homes_2021-present, pulled 8 Sep 2026",401
2023-11-19,1379 Piedra Morada Dr,Pacific Palisades,CA,90272,Single Family Residential,5500000,5.0,6.0,4689.0,15910.0,1986.0,1173.0,450.0,Pacific Palisades,34.0728127,-118.5516601,TheMLS,23-333395,View Listing,,False,,"Tal file PacPal_Sold_homes_2021-present, pulled 8 Sep 2026",402
2023-11-14,939 Galloway St,Pacific Palisades,CA,90272,Single Family Residential,3200000,3.0,4.0,1806.0,5197.0,1949.0,1772.0,,Pacific Palisades,34.0466478,-118.5212381,TheMLS,23-313369,View Listing,,False,,"Tal file PacPal_Sold_homes_2021-present, pulled 8 Sep 2026",403
2023-11-13,1554 Michael Ln,Pacific Palisades,CA,90272,Townhouse,1665000,3.0,3.0,2081.0,400173.0,1979.0,800.0,655.0,Pacific Palisades,34.0779024,-118.5649729,TheMLS,23-274571,View Listing,,False,,"Tal file PacPal_Sold_homes_2021-present, pulled 8 Sep 2026",404
2023-11-13,16722 Monte Alto Pl,Pacific Palisades,CA,90272,Single Family Residential,4500000,5.0,5.0,6193.0,34446.0,1987.0,727.0,495.0,Pacific Palisades,34.0723706,-118.5525766,TheMLS,23-312015,View Listing,,False,,"Tal file PacPal_Sold_homes_2021-present, pulled 8 Sep 2026",405
2023-11-13,802 Galloway St,Pacific Palisades,CA,90272,Single Family Residential,6200000,5.0,6.0,4200.0,5857.0,2023.0,1476.0,,Pacific Palisades,34.0433651,-118.5200754,TheMLS,23-285309,View Listing,,False,,"Tal file PacPal_Sold_homes_2021-present, pulled 8 Sep 2026",406
2023-11-09,857 Toyopa Dr,Pacific Palisades,CA,90272,Single Family Residential,5390000,3.0,2.0,2216.0,8625.0,1938.0,2432.0,,Pacific Palisades,34.0436643,-118.5231047,TheMLS,23-303441,View Listing,,False,,"Tal file PacPal_Sold_homes_2021-present, pulled 8 Sep 2026",407
2023-11-06,2034 Palisades Dr,Pacific Palisades,CA,90272,Townhouse,1999000,2.0,3.0,2199.0,207507.0,1988.0,909.0,880.0,Pacific Palisades,34.0736212,-118.5532767,TheMLS,23-309989,View Listing,,False,,"Tal file PacPal_Sold_homes_2021-present, pulled 8 Sep 2026",408
2023-11-03,542 Bienveneda Ave,Pacific Palisades,CA,90272,Single Family Residential,4232000,4.0,4.0,3041.0,6104.0,1948.0,1392.0,,Pacific Palisades,34.045292,-118.5401133,TheMLS,23-291345,View Listing,,False,,"Tal file PacPal_Sold_homes_2021-present, pulled 8 Sep 2026",409
2023-11-02,710 Hartzell St,Pacific Palisades,CA,90272,Single Family Residential,6382721,5.0,6.0,5325.0,9512.0,2018.0,1199.0,,Pacific Palisades,34.0419123,-118.5186703,TheMLS,23-314973,View Listing,,False,,"Tal file PacPal_Sold_homes_2021-present, pulled 8 Sep 2026",410
2023-11-02,659 Jacon Way,Pacific Palisades,CA,90272,Single Family Residential,2500000,3.0,2.0,2186.0,9799.0,1956.0,1144.0,,Pacific Palisades,34.0488953,-118.5475359,TheMLS,23-315687,View Listing,,False,,"Tal file PacPal_Sold_homes_2021-present, pulled 8 Sep 2026",411
2023-10-31,15975 Asilomar Blvd,Pacific Palisades,CA,90272,Single Family Residential,4275000,3.0,2.0,1938.0,6763.0,1951.0,2206.0,,Pacific Palisades,34.0404464,-118.5384838,TheMLS,23-303485,View Listing,,False,,"Tal file PacPal_Sold_homes_2021-present, pulled 8 Sep 2026",412
2023-10-27,565 Toyopa Dr,Pacific Palisades,CA,90272,Single Family Residential,4890000,3.0,2.0,1923.0,8267.0,1953.0,2543.0,18.0,Pacific Palisades,34.0382471,-118.5194748,TheMLS,23-257115,View Listing,,False,,"Tal file PacPal_Sold_homes_2021-present, pulled 8 Sep 2026",413
2023-10-25,765 Alma Real Dr,Pacific Palisades,CA,90272,Single Family Residential,4450000,3.0,3.0,2547.0,7583.0,1948.0,1747.0,,Pacific Palisades,34.0422635,-118.5233173,TheMLS,23-279561,View Listing,,False,,"Tal file PacPal_Sold_homes_2021-present, pulled 8 Sep 2026",414
2023-10-25,16915 Donna Ynez Ln,Pacific Palisades,CA,90272,Single Family Residential,3100000,4.0,3.0,2107.0,10745.0,1963.0,1471.0,,Pacific Palisades,34.04786,-118.55043,TheMLS,22-197211,View Listing,,False,,"Tal file PacPal_Sold_homes_2021-present, pulled 8 Sep 2026",415
2023-10-20,557 Via De La Paz,Pacific Palisades,CA,90272,Single Family Residential,4489000,4.0,5.0,2979.0,5500.0,2000.0,1507.0,,Pacific Palisades,34.0396667,-118.5293209,TheMLS,23-305597,View Listing,,False,,"Tal file PacPal_Sold_homes_2021-present, pulled 8 Sep 2026",416
2023-10-20,1218 Piedra Morada Dr,Pacific Palisades,CA,90272,Single Family Residential,4300000,5.0,6.0,5456.0,16686.0,1985.0,788.0,495.0,Pacific Palisades,34.0685261,-118.5514481,TheMLS,23-282633,View Listing,,False,,"Tal file PacPal_Sold_homes_2021-present, pulled 8 Sep 2026",417
2023-10-18,1676 Michael Ln,Pacific Palisades,CA,90272,Townhouse,1760000,3.0,4.0,2597.0,400173.0,1979.0,678.0,595.0,Pacific Palisades,34.0798282,-118.5637229,TheMLS,23-272337,View Listing,,False,,"Tal file PacPal_Sold_homes_2021-present, pulled 8 Sep 2026",418
2023-10-16,469 Arbramar Ave,Pacific Palisades,CA,90272,Single Family Residential,2757500,3.0,2.0,1458.0,5718.0,1947.0,1891.0,,Pacific Palisades,34.0417458,-118.5364394,TheMLS,23-303087,View Listing,,False,,"Tal file PacPal_Sold_homes_2021-present, pulled 8 Sep 2026",419
2023-10-16,15233 Bestor Blvd,Pacific Palisades,CA,90272,Single Family Residential,8125000,6.0,7.0,6219.0,7162.0,2014.0,1306.0,,Pacific Palisades,34.0513992,-118.5251928,TheMLS,23-306179,View Listing,,False,,"Tal file PacPal_Sold_homes_2021-present, pulled 8 Sep 2026",420
2023-10-12,15976 Alcima Ave,Pacific Palisades,CA,90272,Single Family Residential,12000000,6.0,7.0,6033.0,18368.0,2012.0,1989.0,,Pacific Palisades,34.0508623,-118.5346868,TheMLS,23-321299,View Listing,,False,,"Tal file PacPal_Sold_homes_2021-present, pulled 8 Sep 2026",421
2023-10-11,16951 Livorno Dr,Pacific Palisades,CA,90272,Single Family Residential,4950000,5.0,5.5,4720.0,6889.0,2007.0,1049.0,,Pacific Palisades,34.0432824,-118.5484041,CRMLS,AR23146805,View Listing,,False,,"Tal file PacPal_Sold_homes_2021-present, pulled 8 Sep 2026",422
2023-10-11,18064 Sandy Cape Dr,Pacific Palisades,CA,90272,Single Family Residential,6690000,4.0,3.0,3756.0,21184.0,1965.0,1781.0,,Pacific Palisades,34.0477637,-118.569361,TheMLS,23-288855,View Listing,,False,,"Tal file PacPal_Sold_homes_2021-present, pulled 8 Sep 2026",423
2023-10-10,1648 Michael Ln,Pacific Palisades,CA,90272,Townhouse,1350000,2.0,3.0,1955.0,400173.0,1979.0,691.0,655.0,Pacific Palisades,34.0789803,-118.5647167,TheMLS,23-299736,View Listing,,False,,"Tal file PacPal_Sold_homes_2021-present, pulled 8 Sep 2026",424
2023-10-05,1486 Amalfi Dr,Pacific Palisades,CA,90272,Single Family Residential,10625000,5.0,8.0,7653.0,16519.0,1993.0,1388.0,25.0,Pacific Palisades,34.0571481,-118.5033202,TheMLS,23-308607,View Listing,,False,,"Tal file PacPal_Sold_homes_2021-present, pulled 8 Sep 2026",425
2023-10-04,17210 Palisades Cir,Pacific Palisades,CA,90272,Townhouse,1895000,3.0,3.0,2725.0,221553.0,1983.0,695.0,692.0,Pacific Palisades,34.0754638,-118.563672,TheMLS,23-299417,View Listing,,False,,"Tal file PacPal_Sold_homes_2021-present, pulled 8 Sep 2026",426
2023-10-04,620 Palisades Dr,Pacific Palisades,CA,90272,Townhouse,2115000,3.0,3.0,2308.0,,1991.0,916.0,660.0,Pacific Palisades,34.0479159,-118.551733,CRMLS,SR23100288,View Listing,,False,,"Tal file PacPal_Sold_homes_2021-present, pulled 8 Sep 2026",427
2023-09-29,694 Amalfi Dr,Pacific Palisades,CA,90272,Single Family Residential,17450000,6.0,9.0,7467.0,47216.0,1933.0,2337.0,,Pacific Palisades,34.040539,-118.511268,TheMLS,23-302809,View Listing,,False,,"Tal file PacPal_Sold_homes_2021-present, pulled 8 Sep 2026",428
2023-09-28,259 Surfview Dr,Pacific Palisades,CA,90272,Single Family Residential,3901000,5.0,3.0,2876.0,26168.0,1965.0,1356.0,,Pacific Palisades,34.0452619,-118.5680662,TheMLS,23-289305,View Listing,,False,,"Tal file PacPal_Sold_homes_2021-present, pulled 8 Sep 2026",429
2023-09-22,637 Las Lomas Ave,Pacific Palisades,CA,90272,Single Family Residential,2675000,3.0,3.0,1872.0,5195.0,1951.0,1429.0,,Pacific Palisades,34.0469281,-118.5395645,TheMLS,23-303885,View Listing,,False,,"Tal file PacPal_Sold_homes_2021-present, pulled 8 Sep 2026",430
2023-09-22,1001 Las Pulgas Rd,Pacific Palisades,CA,90272,Single Family Residential,2500000,3.0,2.0,1777.0,7364.0,1953.0,1407.0,,Pacific Palisades,34.0510869,-118.5377579,TheMLS,23-298035,View Listing,,False,,"Tal file PacPal_Sold_homes_2021-present, pulled 8 Sep 2026",431
2023-09-21,16042 Northfield St,Pacific Palisades,CA,90272,Single Family Residential,5950000,5.0,6.0,3954.0,5751.0,2023.0,1505.0,,Pacific Palisades,34.0463323,-118.5360193,TheMLS,23-295291,View Listing,,False,,"Tal file PacPal_Sold_homes_2021-present, pulled 8 Sep 2026",432
2023-09-20,1619 Michael Ln,Pacific Palisades,CA,90272,Townhouse,1900000,3.0,3.0,1857.0,333295.0,1977.0,1023.0,815.0,Pacific Palisades,34.07882,-118.56516,TheMLS,23-299685,View Listing,,False,,"Tal file PacPal_Sold_homes_2021-present, pulled 8 Sep 2026",433
2023-09-15,1459 Palisades Dr,Pacific Palisades,CA,90272,Townhouse,1390000,2.0,3.0,1676.0,175848.0,1973.0,829.0,894.0,Pacific Palisades,34.0736213,-118.5644513,TheMLS,23-292247,View Listing,,False,,"Tal file PacPal_Sold_homes_2021-present, pulled 8 Sep 2026",434
2023-09-14,1711 Alta Mura Rd,Pacific Palisades,CA,90272,Single Family Residential,14250000,5.0,6.0,6880.0,24884.0,1960.0,2071.0,13.0,Pacific Palisades,34.0632568,-118.5024207,TheMLS,23-288869,View Listing,,False,,"Tal file PacPal_Sold_homes_2021-present, pulled 8 Sep 2026",435
2023-09-12,1016 Monument St,Pacific Palisades,CA,90272,Single Family Residential,3145000,2.0,1.0,972.0,6495.0,1950.0,3236.0,,Pacific Palisades,34.0474859,-118.5240619,TheMLS,23-298367,View Listing,,False,,"Tal file PacPal_Sold_homes_2021-present, pulled 8 Sep 2026",436
2023-09-12,17432 Posetano Rd,Pacific Palisades,CA,90272,Single Family Residential,2100000,2.0,2.0,1207.0,3854.0,1952.0,1740.0,,Pacific Palisades,34.0397796,-118.5577449,TheMLS,23-304861,View Listing,,False,,"Tal file PacPal_Sold_homes_2021-present, pulled 8 Sep 2026",437
2023-09-12,16945 Livorno Dr,Pacific Palisades,CA,90272,Single Family Residential,2600000,3.0,2.0,2415.0,6891.0,1949.0,1077.0,,Pacific Palisades,34.0433684,-118.5482217,TheMLS,23-295613,View Listing,,False,,"Tal file PacPal_Sold_homes_2021-present, pulled 8 Sep 2026",438
2023-09-07,1476 Amalfi Dr,Pacific Palisades,CA,90272,Single Family Residential,11070000,6.0,7.0,6220.0,14433.0,1991.0,1780.0,25.0,Pacific Palisades,34.0568382,-118.5033225,TheMLS,23-288859,View Listing,,False,,"Tal file PacPal_Sold_homes_2021-present, pulled 8 Sep 2026",439
2023-09-06,887 Muskingum Ave,Pacific Palisades,CA,90272,Single Family Residential,8525000,7.0,9.0,7500.0,22695.0,1997.0,1137.0,,Pacific Palisades,34.0506478,-118.5327706,TheMLS,23-282799,View Listing,,False,,"Tal file PacPal_Sold_homes_2021-present, pulled 8 Sep 2026",440
2023-09-06,17213 Palisades Cir,Pacific Palisades,CA,90272,Townhouse,1500000,3.0,2.5,1830.0,361270.0,1974.0,820.0,689.0,Pacific Palisades,34.07575,-118.56381,CRMLS,V1-19054,View Listing,,False,,"Tal file PacPal_Sold_homes_2021-present, pulled 8 Sep 2026",441
2023-09-01,206 W Channel Rd,Santa Monica,CA,90402,Single Family Residential,3250000,2.0,3.0,1223.0,2584.0,1940.0,2657.0,,Outside Palisades,34.0291877,-118.5174612,TheMLS,23-280513,View Listing,,False,,"Tal file PacPal_Sold_homes_2021-present, pulled 8 Sep 2026",442
2023-08-31,772 Ocampo Dr,Pacific Palisades,CA,90272,Single Family Residential,4823000,4.0,3.0,2963.0,8051.0,1930.0,1628.0,,Pacific Palisades,34.0424447,-118.5221654,TheMLS,23-307177,View Listing,,False,,"Tal file PacPal_Sold_homes_2021-present, pulled 8 Sep 2026",443
2023-08-29,345 N Grenola St,Pacific Palisades,CA,90272,Single Family Residential,4999000,5.0,4.0,3803.0,7572.0,1939.0,1314.0,,Pacific Palisades,34.0420807,-118.5425532,TheMLS,23-281713,View Listing,,False,,"Tal file PacPal_Sold_homes_2021-present, pulled 8 Sep 2026",444
2023-08-29,823 Enchanted Way,Pacific Palisades,CA,90272,Single Family Residential,3550000,4.0,3.0,2536.0,11809.0,1957.0,1400.0,,Pacific Palisades,34.0514594,-118.5492145,TheMLS,23-292629,View Listing,,False,,"Tal file PacPal_Sold_homes_2021-present, pulled 8 Sep 2026",445
2023-08-29,1332 W Pavia Pl,Pacific Palisades,CA,90272,Single Family Residential,11328250,5.0,7.0,7609.0,13430.0,2013.0,1489.0,25.0,Pacific Palisades,34.0534203,-118.5036118,TheMLS,23-259401,View Listing,,False,,"Tal file PacPal_Sold_homes_2021-present, pulled 8 Sep 2026",446
2023-08-28,1562 Chastain Pkwy,Pacific Palisades,CA,90272,Single Family Residential,3800000,4.0,5.0,4278.0,6162.0,1991.0,888.0,410.0,Pacific Palisades,34.076755,-118.550767,TheMLS,23-241907,View Listing,,False,,"Tal file PacPal_Sold_homes_2021-present, pulled 8 Sep 2026",447
2023-08-28,17144 Avenida De Santa Ynez,Pacific Palisades,CA,90272,Single Family Residential,2745000,4.0,4.5,3030.0,7803.0,1974.0,906.0,415.0,Pacific Palisades,34.0694867,-118.5596579,CRMLS,OC23108805,View Listing,,False,,"Tal file PacPal_Sold_homes_2021-present, pulled 8 Sep 2026",448
2023-08-25,1445 Cuesta Linda,Pacific Palisades,CA,90272,Single Family Residential,3900000,4.0,5.0,3925.0,25117.0,1988.0,994.0,,Pacific Palisades,34.0757668,-118.5552499,TheMLS,23-289281,View Listing,,False,,"Tal file PacPal_Sold_homes_2021-present, pulled 8 Sep 2026",449
2023-08-25,275 Monte Grigio Dr,Pacific Palisades,CA,90272,Single Family Residential,3999000,4.0,2.5,2719.0,5203.0,1965.0,1471.0,17.0,Pacific Palisades,34.0451261,-118.5628288,CRMLS,SR23119606,View Listing,,False,,"Tal file PacPal_Sold_homes_2021-present, pulled 8 Sep 2026",450
2023-08-23,1575 Capri Dr,Pacific Palisades,CA,90272,Single Family Residential,24950000,7.0,11.0,10853.0,60692.0,1937.0,2299.0,,Pacific Palisades,34.0598402,-118.5030237,TheMLS,22-189847,View Listing,,False,,"Tal file PacPal_Sold_homes_2021-present, pulled 8 Sep 2026",451
2023-08-22,1333 Brinkley Ave,Los Angeles,CA,90049,Single Family Residential,7010000,5.0,7.0,5950.0,8425.0,2008.0,1178.0,,Outside Palisades,34.0518096,-118.4968439,TheMLS,23-261791,View Listing,,False,,"Tal file PacPal_Sold_homes_2021-present, pulled 8 Sep 2026",452
2023-08-21,526 Swarthmore Ave,Pacific Palisades,CA,90272,Single Family Residential,3975000,4.0,2.0,1865.0,10538.0,1950.0,2131.0,,Pacific Palisades,34.0386989,-118.5278157,TheMLS,23-241149,View Listing,,False,,"Tal file PacPal_Sold_homes_2021-present, pulled 8 Sep 2026",453
2023-08-18,1047 Kagawa St,Pacific Palisades,CA,90272,Single Family Residential,3150000,2.0,1.0,1433.0,6500.0,1938.0,2198.0,,Pacific Palisades,34.0491537,-118.5186626,TheMLS,23-301699,View Listing,,False,,"Tal file PacPal_Sold_homes_2021-present, pulled 8 Sep 2026",454
2023-08-18,1505 Umeo Rd,Pacific Palisades,CA,90272,Single Family Residential,8800000,4.0,7.0,6245.0,28012.0,2011.0,1409.0,13.0,Pacific Palisades,34.0592966,-118.5050255,TheMLS,23-269491,View Listing,,False,,"Tal file PacPal_Sold_homes_2021-present, pulled 8 Sep 2026",455
2023-08-17,1830 Palisades Dr,Pacific Palisades,CA,90272,Townhouse,1395000,2.0,3.0,1955.0,284024.0,1978.0,714.0,850.0,Pacific Palisades,34.0752429,-118.5587762,CRMLS,SB23131237,View Listing,,False,,"Tal file PacPal_Sold_homes_2021-present, pulled 8 Sep 2026",456
2023-08-16,711 Ocampo Dr,Pacific Palisades,CA,90272,Single Family Residential,4950000,4.0,5.0,4078.0,8752.0,1941.0,1214.0,25.0,Pacific Palisades,34.0407097,-118.521033,TheMLS,23-268755,View Listing,,False,,"Tal file PacPal_Sold_homes_2021-present, pulled 8 Sep 2026",457
2023-08-16,1131 Hartzell St,Pacific Palisades,CA,90272,Single Family Residential,3500000,3.0,2.0,1752.0,6501.0,1948.0,1998.0,,Pacific Palisades,34.0502822,-118.5210344,TheMLS,23-289293,View Listing,,False,,"Tal file PacPal_Sold_homes_2021-present, pulled 8 Sep 2026",458
2023-08-15,743 Almar Ave,Pacific Palisades,CA,90272,Single Family Residential,5535000,6.0,4.0,3468.0,6551.0,1947.0,1596.0,,Pacific Palisades,34.0468653,-118.534571,TheMLS,23-290323,View Listing,,False,,"Tal file PacPal_Sold_homes_2021-present, pulled 8 Sep 2026",459
2023-08-09,17501 Tramonto Dr,Pacific Palisades,CA,90272,Single Family Residential,3140000,3.0,3.0,2199.0,5614.0,1962.0,1428.0,17.0,Pacific Palisades,34.0414693,-118.557904,TheMLS,23-276459,View Listing,,False,,"Tal file PacPal_Sold_homes_2021-present, pulled 8 Sep 2026",460
2023-08-08,1136 Donaire Way,Pacific Palisades,CA,90272,Single Family Residential,4900000,5.0,5.0,4800.0,12318.0,1960.0,1021.0,,Pacific Palisades,34.0569192,-118.5449449,TheMLS,23-278049,View Listing,,False,,"Tal file PacPal_Sold_homes_2021-present, pulled 8 Sep 2026",461
2023-08-04,13657 W Sunset Blvd,Pacific Palisades,CA,90272,Single Family Residential,3375000,4.0,5.0,3085.0,20038.0,1952.0,1094.0,25.0,Pacific Palisades,34.052247,-118.5044388,TheMLS,23-292693,View Listing,,False,,"Tal file PacPal_Sold_homes_2021-present, pulled 8 Sep 2026",462
2023-08-03,946 Galloway St,Pacific Palisades,CA,90272,Single Family Residential,5789000,5.0,6.0,3869.0,5204.0,2023.0,1496.0,,Pacific Palisades,34.0469347,-118.5207893,TheMLS,23-235547,View Listing,,False,,"Tal file PacPal_Sold_homes_2021-present, pulled 8 Sep 2026",463
2023-08-03,16432 Akron St,Pacific Palisades,CA,90272,Single Family Residential,3700000,3.0,4.0,2800.0,6111.0,1958.0,1321.0,,Pacific Palisades,34.0505497,-118.5405795,TheMLS,23-282040,View Listing,,False,,"Tal file PacPal_Sold_homes_2021-present, pulled 8 Sep 2026",464
2023-07-27,14800 W Sunset Blvd,Pacific Palisades,CA,90272,Single Family Residential,2400000,3.0,2.0,2055.0,7753.0,1952.0,1168.0,22.0,Pacific Palisades,34.0417839,-118.5194509,TheMLS,23-280781,View Listing,,False,,"Tal file PacPal_Sold_homes_2021-present, pulled 8 Sep 2026",465
2023-07-26,1233 Bienveneda Ave,Pacific Palisades,CA,90272,Single Family Residential,8000000,4.0,6.0,5300.0,13800.0,1972.0,1509.0,,Pacific Palisades,34.0574861,-118.5420949,TheMLS,23-279257,View Listing,,False,,"Tal file PacPal_Sold_homes_2021-present, pulled 8 Sep 2026",466
2023-07-24,708 Jacon Way,Pacific Palisades,CA,90272,Single Family Residential,3250000,3.0,3.0,2197.0,9133.0,1956.0,1479.0,,Pacific Palisades,34.0493003,-118.5468139,TheMLS,23-277981,View Listing,,False,,"Tal file PacPal_Sold_homes_2021-present, pulled 8 Sep 2026",467
2023-07-24,520 N Beirut Ave,Pacific Palisades,CA,90272,Single Family Residential,3415000,4.0,3.0,3200.0,5814.0,1932.0,1067.0,,Pacific Palisades,34.0389525,-118.530135,TheMLS,23-277253,View Listing,,False,,"Tal file PacPal_Sold_homes_2021-present, pulled 8 Sep 2026",468
2023-07-21,16808 Marquez Ave,Pacific Palisades,CA,90272,Single Family Residential,3075000,3.0,3.0,1965.0,4556.0,1952.0,1565.0,,Pacific Palisades,34.0457396,-118.5470362,TheMLS,23-294579,View Listing,,False,,"Tal file PacPal_Sold_homes_2021-present, pulled 8 Sep 2026",469
2023-07-21,1449 Palisades Dr,Pacific Palisades,CA,90272,Townhouse,1650000,3.0,3.0,1676.0,175848.0,1973.0,984.0,864.0,Pacific Palisades,34.0726966,-118.5642023,TheMLS,23-282025,View Listing,,False,,"Tal file PacPal_Sold_homes_2021-present, pulled 8 Sep 2026",470
2023-07-20,1309 El Hito Cir,Pacific Palisades,CA,90272,Single Family Residential,3675180,4.0,3.0,2398.0,9120.0,1976.0,1533.0,,Pacific Palisades,34.0593531,-118.5427666,TheMLS,23-283563,View Listing,,False,,"Tal file PacPal_Sold_homes_2021-present, pulled 8 Sep 2026",471
2023-07-19,530 Alma Real Dr,Pacific Palisades,CA,90272,Single Family Residential,5895000,4.0,4.0,3646.0,8860.0,1950.0,1617.0,35.0,Pacific Palisades,34.0380806,-118.5227077,TheMLS,23-277977,View Listing,,False,,"Tal file PacPal_Sold_homes_2021-present, pulled 8 Sep 2026",472
2023-07-19,212 Aderno Way,Pacific Palisades,CA,90272,Single Family Residential,4850000,4.0,5.0,3494.0,8752.0,,1388.0,,Pacific Palisades,34.0423812,-118.5448037,TheMLS,23-278751,View Listing,,False,,"Tal file PacPal_Sold_homes_2021-present, pulled 8 Sep 2026",473
2023-07-18,318 Amalfi Dr,Santa Monica,CA,90402,Single Family Residential,3976000,3.0,3.0,2641.0,5999.0,1961.0,1505.0,,Outside Palisades,34.032381,-118.5140278,TheMLS,23-267289,View Listing,,False,,"Tal file PacPal_Sold_homes_2021-present, pulled 8 Sep 2026",474
2023-07-14,1435 Chastain,Pacific Palisades,CA,90272,Single Family Residential,3850000,5.0,6.0,6166.0,12519.0,1995.0,624.0,400.0,Pacific Palisades,34.0746917,-118.552562,TheMLS,23-290721,View Listing,,False,,"Tal file PacPal_Sold_homes_2021-present, pulled 8 Sep 2026",475
2023-07-12,1220 Las Lomas Pl,Pacific Palisades,CA,90272,Single Family Residential,3925000,4.0,7.0,4200.0,11621.0,1956.0,935.0,27.0,Pacific Palisades,34.0549517,-118.5344403,TheMLS,23-253509,View Listing,,False,,"Tal file PacPal_Sold_homes_2021-present, pulled 8 Sep 2026",476
2023-07-12,1060 Palisair Pl,Pacific Palisades,CA,90272,Single Family Residential,2225000,3.0,2.0,1725.0,11956.0,1954.0,1290.0,24.0,Pacific Palisades,34.0531616,-118.5318032,TheMLS,23-258645,View Listing,,False,,"Tal file PacPal_Sold_homes_2021-present, pulled 8 Sep 2026",477
2023-07-10,1447 Palisades Dr,Pacific Palisades,CA,90272,Townhouse,1245000,2.0,2.0,1300.0,175848.0,1973.0,958.0,864.0,Pacific Palisades,34.0727603,-118.5642061,TheMLS,23-269133,View Listing,,False,,"Tal file PacPal_Sold_homes_2021-present, pulled 8 Sep 2026",478
2023-07-06,1279 El Hito Cir,Pacific Palisades,CA,90272,Single Family Residential,3200000,4.0,3.0,2010.0,8571.0,1972.0,1592.0,,Pacific Palisades,34.058736,-118.5420537,CRMLS,SR23040958,View Listing,,False,,"Tal file PacPal_Sold_homes_2021-present, pulled 8 Sep 2026",479
2023-07-06,1720 Palisades Dr,Pacific Palisades,CA,90272,Townhouse,1330000,2.0,2.0,1776.0,363061.0,1978.0,749.0,576.0,Pacific Palisades,34.0762053,-118.5616721,TheMLS,23-265259,View Listing,,False,,"Tal file PacPal_Sold_homes_2021-present, pulled 8 Sep 2026",480
2023-07-05,17607 Tramonto Dr,Pacific Palisades,CA,90272,Single Family Residential,3550000,2.0,2.0,2240.0,6307.0,1953.0,1585.0,8.0,Pacific Palisades,34.0420553,-118.5591308,TheMLS,23-275993,View Listing,,False,,"Tal file PacPal_Sold_homes_2021-present, pulled 8 Sep 2026",481
2023-07-03,16121 Alcima Ave,Pacific Palisades,CA,90272,Single Family Residential,2600000,4.0,4.0,3000.0,6766.0,1951.0,867.0,,Pacific Palisades,34.0507577,-118.5357088,TheMLS,23-235951,View Listing,,False,,"Tal file PacPal_Sold_homes_2021-present, pulled 8 Sep 2026",482
2023-06-30,950 Las Lomas Ave,Pacific Palisades,CA,90272,Single Family Residential,3075000,4.0,4.0,2885.0,8415.0,1959.0,1066.0,,Pacific Palisades,34.0511224,-118.5357059,TheMLS,23-257601,View Listing,,False,,"Tal file PacPal_Sold_homes_2021-present, pulled 8 Sep 2026",483
2023-06-30,1628 Michael Ln,Pacific Palisades,CA,90272,Townhouse,1695000,3.0,3.0,1955.0,400173.0,1979.0,867.0,595.0,Pacific Palisades,34.078534,-118.564297,TheMLS,23-268497,View Listing,,False,,"Tal file PacPal_Sold_homes_2021-present, pulled 8 Sep 2026",484
2023-06-30,1142 Bienveneda Ave,Pacific Palisades,CA,90272,Single Family Residential,4850000,5.0,7.0,4151.0,25102.0,2020.0,1168.0,,Pacific Palisades,34.0554496,-118.5400952,TheMLS,23-274157,View Listing,,False,,"Tal file PacPal_Sold_homes_2021-present, pulled 8 Sep 2026",485
2023-06-29,329 Sycamore Rd,Santa Monica,CA,90402,Single Family Residential,3113000,4.0,4.0,1842.0,6179.0,1924.0,1690.0,,Outside Palisades,34.0311238,-118.5156705,TheMLS,23-269007,View Listing,,False,,"Tal file PacPal_Sold_homes_2021-present, pulled 8 Sep 2026",486
2023-06-28,841 Jacon Way,Pacific Palisades,CA,90272,Single Family Residential,3300000,3.0,2.0,1982.0,10665.0,1956.0,1665.0,,Pacific Palisades,34.0520615,-118.5472163,TheMLS,23-270442,View Listing,,False,,"Tal file PacPal_Sold_homes_2021-present, pulled 8 Sep 2026",487
2023-06-27,16050 Miami Way,Pacific Palisades,CA,90272,Single Family Residential,4995500,5.0,5.0,3833.0,5654.0,2006.0,1303.0,,Pacific Palisades,34.0455016,-118.5375504,TheMLS,23-270271,View Listing,,False,,"Tal file PacPal_Sold_homes_2021-present, pulled 8 Sep 2026",488
2023-06-26,1102 Villa View Dr,Pacific Palisades,CA,90272,Single Family Residential,3070000,4.0,3.0,2343.0,11374.0,1951.0,1310.0,,Pacific Palisades,34.0501173,-118.5141614,TheMLS,23-264975,View Listing,,False,,"Tal file PacPal_Sold_homes_2021-present, pulled 8 Sep 2026",489
2023-06-20,13545 D Este Dr,Pacific Palisades,CA,90272,Single Family Residential,7500000,4.0,4.0,3029.0,16200.0,1952.0,2476.0,32.0,Pacific Palisades,34.0577267,-118.4992295,TheMLS,23-272467,View Listing,,False,,"Tal file PacPal_Sold_homes_2021-present, pulled 8 Sep 2026",490
2023-06-16,1150 Iliff St,Pacific Palisades,CA,90272,Single Family Residential,3965000,5.0,3.0,2447.0,6501.0,1952.0,1620.0,,Pacific Palisades,34.0509288,-118.5195719,TheMLS,23-251657,View Listing,,False,,"Tal file PacPal_Sold_homes_2021-present, pulled 8 Sep 2026",491
2023-06-14,355 Sycamore Rd,Santa Monica,CA,90402,Single Family Residential,4950000,5.0,5.0,2948.0,6285.0,1950.0,1679.0,,Outside Palisades,34.0316608,-118.5162902,TheMLS,23-236519,View Listing,,False,,"Tal file PacPal_Sold_homes_2021-present, pulled 8 Sep 2026",492
2023-06-14,1053 Enchanted Way,Pacific Palisades,CA,90272,Single Family Residential,2750000,3.0,3.0,2219.0,37750.0,1965.0,1239.0,,Pacific Palisades,34.0566942,-118.5496677,TheMLS,23-237229,View Listing,,False,,"Tal file PacPal_Sold_homes_2021-present, pulled 8 Sep 2026",493
2023-06-12,14949 Mc Kendree Ave,Pacific Palisades,CA,90272,Single Family Residential,2300000,3.0,3.0,1697.0,6442.0,1956.0,1355.0,,Pacific Palisades,34.052878,-118.5231157,TheMLS,23-271487,View Listing,,False,,"Tal file PacPal_Sold_homes_2021-present, pulled 8 Sep 2026",494
2023-06-09,357 N Grenola St,Pacific Palisades,CA,90272,Single Family Residential,5500000,5.0,5.0,4604.0,8325.0,1993.0,1195.0,,Pacific Palisades,34.0424893,-118.5426023,TheMLS,23-265445,View Listing,,False,,"Tal file PacPal_Sold_homes_2021-present, pulled 8 Sep 2026",495
2023-06-07,809 Toyopa Dr,Pacific Palisades,CA,90272,Single Family Residential,4525000,2.0,3.0,1683.0,8051.0,1950.0,2689.0,23.0,Pacific Palisades,34.0425364,-118.5217472,TheMLS,23-247173,View Listing,,False,,"Tal file PacPal_Sold_homes_2021-present, pulled 8 Sep 2026",496
2023-06-05,1728 Palisades Dr,Pacific Palisades,CA,90272,Townhouse,1250000,2.0,2.0,1776.0,363061.0,1978.0,704.0,576.0,Pacific Palisades,34.077272,-118.5619207,TheMLS,23-247129,View Listing,,False,,"Tal file PacPal_Sold_homes_2021-present, pulled 8 Sep 2026",497
2023-06-01,16748 Calle Arbolada,Pacific Palisades,CA,90272,Single Family Residential,2950000,4.0,4.0,3572.0,5828.0,1990.0,826.0,410.0,Pacific Palisades,34.0753218,-118.5514757,TheMLS,23-259831,View Listing,,False,,"Tal file PacPal_Sold_homes_2021-present, pulled 8 Sep 2026",498
2023-06-01,1615 Michael Ln,Pacific Palisades,CA,90272,Townhouse,1890000,3.0,3.0,1857.0,333295.0,1977.0,1018.0,815.0,Pacific Palisades,34.07875,-118.56519,TheMLS,23-261015,View Listing,,False,,"Tal file PacPal_Sold_homes_2021-present, pulled 8 Sep 2026",499
2023-05-24,906 Fiske St,Pacific Palisades,CA,90272,Single Family Residential,2585000,3.0,2.0,1494.0,5198.0,1947.0,1730.0,,Pacific Palisades,34.045722,-118.5215224,TheMLS,23-263491,View Listing,,False,,"Tal file PacPal_Sold_homes_2021-present, pulled 8 Sep 2026",500
2023-05-23,13208 Dobbins Pl,Los Angeles,CA,90049,Single Family Residential,3875000,4.0,4.0,3172.0,9819.0,1954.0,1222.0,,Outside Palisades,34.0526072,-118.4980206,CRMLS,SR23044033,View Listing,,False,,"Tal file PacPal_Sold_homes_2021-present, pulled 8 Sep 2026",501
2023-05-22,1569 Michael Ln,Pacific Palisades,CA,90272,Townhouse,1758000,2.0,3.0,1926.0,333295.0,1977.0,913.0,815.0,Pacific Palisades,34.0780961,-118.5653847,TheMLS,23-250187,View Listing,,False,,"Tal file PacPal_Sold_homes_2021-present, pulled 8 Sep 2026",502
2023-05-19,380 N Grenola St,Pacific Palisades,CA,90272,Single Family Residential,7610000,6.0,8.0,5750.0,9702.0,2018.0,1323.0,,Pacific Palisades,34.043237,-118.5425669,TheMLS,23-246541,View Listing,,False,,"Tal file PacPal_Sold_homes_2021-present, pulled 8 Sep 2026",503
2023-05-19,501 Almar Ave,Pacific Palisades,CA,90272,Single Family Residential,3693000,3.0,2.0,2217.0,6590.0,1946.0,1666.0,,Pacific Palisades,34.0422229,-118.5376691,TheMLS,23-248001,View Listing,,False,,"Tal file PacPal_Sold_homes_2021-present, pulled 8 Sep 2026",504
2023-05-15,1810 Palisades Dr,Pacific Palisades,CA,90272,Townhouse,1612500,2.0,3.0,1955.0,284024.0,1978.0,825.0,850.0,Pacific Palisades,34.07552,-118.5598,TheMLS,23-257463,View Listing,,False,,"Tal file PacPal_Sold_homes_2021-present, pulled 8 Sep 2026",505
2023-05-15,835 Greentree Rd,Pacific Palisades,CA,90272,Single Family Residential,3640000,3.0,3.0,2671.0,19627.0,1948.0,1363.0,,Pacific Palisades,34.0444615,-118.5159829,TheMLS,23-233585,View Listing,,False,,"Tal file PacPal_Sold_homes_2021-present, pulled 8 Sep 2026",506
2023-05-15,463 Puerto Del Mar,Pacific Palisades,CA,90272,Single Family Residential,2025000,1.0,1.0,688.0,3787.0,1956.0,2943.0,,Pacific Palisades,34.0417607,-118.5384394,TheMLS,23-261345,View Listing,,False,,"Tal file PacPal_Sold_homes_2021-present, pulled 8 Sep 2026",507
2023-05-15,1806 Palisades Dr,Pacific Palisades,CA,90272,Townhouse,1699999,3.0,3.0,2081.0,284024.0,1978.0,817.0,850.0,Pacific Palisades,34.07556,-118.55992,TheMLS,23-242225,View Listing,,False,,"Tal file PacPal_Sold_homes_2021-present, pulled 8 Sep 2026",508
2023-05-12,17282 Avenida De La Herradura,Pacific Palisades,CA,90272,Single Family Residential,2000000,3.0,3.0,2113.0,6159.0,1977.0,947.0,280.0,Pacific Palisades,34.0785566,-118.563232,TheMLS,23-229639,View Listing,,False,,"Tal file PacPal_Sold_homes_2021-present, pulled 8 Sep 2026",509
2023-05-08,850 Toyopa Dr,Pacific Palisades,CA,90272,Single Family Residential,4184700,3.0,2.0,1937.0,8049.0,1936.0,2160.0,23.0,Pacific Palisades,34.043825,-118.5224956,TheMLS,23-246359,View Listing,,False,,"Tal file PacPal_Sold_homes_2021-present, pulled 8 Sep 2026",510
2023-05-05,16628 Calle Jermaine,Pacific Palisades,CA,90272,Single Family Residential,2890000,5.0,4.0,3341.0,11841.0,1995.0,865.0,410.0,Pacific Palisades,34.0727991,-118.5488185,TheMLS,23-244473,View Listing,,False,,"Tal file PacPal_Sold_homes_2021-present, pulled 8 Sep 2026",511
2023-05-05,15873 Seabec Cir,Pacific Palisades,CA,90272,Single Family Residential,3544000,4.0,2.0,1738.0,7508.0,1949.0,2039.0,,Pacific Palisades,34.0410615,-118.5347148,TheMLS,23-254074,View Listing,,False,,"Tal file PacPal_Sold_homes_2021-present, pulled 8 Sep 2026",512
2023-05-04,1399 Palisades Dr,Pacific Palisades,CA,90272,Townhouse,1650000,3.0,3.0,1820.0,175848.0,1973.0,907.0,864.0,Pacific Palisades,34.0722695,-118.5639606,TheMLS,23-244177,View Listing,,False,,"Tal file PacPal_Sold_homes_2021-present, pulled 8 Sep 2026",513
2023-05-04,16880 Avenida De Santa Ynez,Pacific Palisades,CA,90272,Single Family Residential,4320000,4.0,4.0,5200.0,9474.0,1996.0,831.0,415.0,Pacific Palisades,34.0747892,-118.5620025,TheMLS,23-245579,View Listing,,False,,"Tal file PacPal_Sold_homes_2021-present, pulled 8 Sep 2026",514
2023-05-02,418 Sycamore Rd,Santa Monica,CA,90402,Single Family Residential,3319000,3.0,2.0,1820.0,4641.0,1920.0,1824.0,,Outside Palisades,34.032887,-118.5166573,CRMLS,SB23051989,View Listing,,False,,"Tal file PacPal_Sold_homes_2021-present, pulled 8 Sep 2026",515
2023-05-01,1766 Palisades Dr,Pacific Palisades,CA,90272,Townhouse,1508000,2.0,3.0,1568.0,363061.0,1978.0,962.0,537.0,Pacific Palisades,34.0762976,-118.5612529,TheMLS,23-244965,View Listing,,False,,"Tal file PacPal_Sold_homes_2021-present, pulled 8 Sep 2026",516
2023-05-01,390 Vance St,Pacific Palisades,CA,90272,Single Family Residential,4940000,4.0,3.0,3535.0,14004.0,1992.0,1397.0,,Pacific Palisades,34.0319697,-118.5179817,TheMLS,22-215601,View Listing,,False,,"Tal file PacPal_Sold_homes_2021-present, pulled 8 Sep 2026",517
2023-04-28,1056 Tellem Dr,Pacific Palisades,CA,90272,Single Family Residential,3900000,3.0,3.0,2366.0,14476.0,1960.0,1648.0,,Pacific Palisades,34.0554373,-118.5457439,TheMLS,23-253947,View Listing,,False,,"Tal file PacPal_Sold_homes_2021-present, pulled 8 Sep 2026",518
2023-04-28,1332 Luna Vista Dr,Pacific Palisades,CA,90272,Single Family Residential,4280000,4.0,3.0,2111.0,13700.0,1971.0,2027.0,,Pacific Palisades,34.0612356,-118.5515398,TheMLS,23-253093,View Listing,,False,,"Tal file PacPal_Sold_homes_2021-present, pulled 8 Sep 2026",519
2023-04-28,1100 Las Lomas Ave,Pacific Palisades,CA,90272,Single Family Residential,2525000,3.0,2.0,1624.0,11063.0,1956.0,1555.0,20.0,Pacific Palisades,34.0535489,-118.5353032,TheMLS,23-239229,View Listing,,False,,"Tal file PacPal_Sold_homes_2021-present, pulled 8 Sep 2026",520
2023-04-26,1473 Palisades Dr,Pacific Palisades,CA,90272,Townhouse,1475000,3.0,3.0,1676.0,175848.0,1973.0,880.0,844.0,Pacific Palisades,34.0738023,-118.5647608,TheMLS,23-243207,View Listing,,False,,"Tal file PacPal_Sold_homes_2021-present, pulled 8 Sep 2026",521
2023-04-25,1451 Chastain Pkwy,Pacific Palisades,CA,90272,Single Family Residential,4950000,5.0,6.0,6184.0,12956.0,2001.0,800.0,,Pacific Palisades,34.0751936,-118.5529601,TheMLS,23-253203,View Listing,,False,,"Tal file PacPal_Sold_homes_2021-present, pulled 8 Sep 2026",522
2023-04-21,1110 Vista Grande Dr,Pacific Palisades,CA,90272,Single Family Residential,6120000,4.0,3.0,2416.0,16180.0,1966.0,2533.0,,Pacific Palisades,34.0577634,-118.5503635,TheMLS,22-218191,View Listing,,False,,"Tal file PacPal_Sold_homes_2021-present, pulled 8 Sep 2026",523
2023-04-21,212 Surfview Dr,Pacific Palisades,CA,90272,Single Family Residential,4246500,5.0,5.0,3454.0,15040.0,1965.0,1229.0,10.0,Pacific Palisades,34.0442168,-118.5673845,TheMLS,22-212461,View Listing,,False,,"Tal file PacPal_Sold_homes_2021-present, pulled 8 Sep 2026",524
2023-04-18,919 Fiske St,Pacific Palisades,CA,90272,Single Family Residential,3075000,2.0,2.0,,5203.0,1946.0,,,Pacific Palisades,34.0459533,-118.5221539,TheMLS,23-235761,View Listing,,False,,"Tal file PacPal_Sold_homes_2021-present, pulled 8 Sep 2026",525
2023-04-14,1031 Enchanted Way,Pacific Palisades,CA,90272,Single Family Residential,16199000,5.0,6.0,7607.0,36299.0,2018.0,2129.0,,Pacific Palisades,34.0556164,-118.5495852,TheMLS,23-259373,View Listing,,False,,"Tal file PacPal_Sold_homes_2021-present, pulled 8 Sep 2026",526
2023-04-14,16778 Calle De Catalina,Pacific Palisades,CA,90272,Single Family Residential,2500000,4.0,4.0,3032.0,143964.0,1996.0,825.0,752.0,Pacific Palisades,34.0759703,-118.5513386,TheMLS,23-233587,View Listing,,False,,"Tal file PacPal_Sold_homes_2021-present, pulled 8 Sep 2026",527
2023-04-06,520 N Las Casas Ave,Pacific Palisades,CA,90272,Single Family Residential,2580000,4.0,3.0,1931.0,5372.0,1950.0,1336.0,,Pacific Palisades,34.0444664,-118.5430993,TheMLS,22-218439,View Listing,,False,,"Tal file PacPal_Sold_homes_2021-present, pulled 8 Sep 2026",528
2023-04-06,1339 Marinette Rd,Pacific Palisades,CA,90272,Single Family Residential,3685000,4.0,3.0,2653.0,10614.0,1957.0,1389.0,,Pacific Palisades,34.0542519,-118.5196464,TheMLS,23-247807,View Listing,,False,,"Tal file PacPal_Sold_homes_2021-present, pulled 8 Sep 2026",529
2023-03-31,779 Latimer Rd,Santa Monica,CA,90402,Single Family Residential,6387500,4.0,4.0,,12623.0,1961.0,,,Outside Palisades,34.044293,-118.5120574,TheMLS,23-255963,View Listing,,False,,"Tal file PacPal_Sold_homes_2021-present, pulled 8 Sep 2026",530
2023-03-31,221 Tranquillo Rd,Pacific Palisades,CA,90272,Single Family Residential,6200000,3.0,4.0,2525.0,7131.0,1954.0,2455.0,,Pacific Palisades,34.0435129,-118.5626151,CRMLS,OC23053481,View Listing,,False,,"Tal file PacPal_Sold_homes_2021-present, pulled 8 Sep 2026",531
2023-03-31,17792 Camino De Yatasto,Pacific Palisades,CA,90272,Single Family Residential,2700000,5.0,4.0,3441.0,41763.0,1976.0,785.0,450.0,Pacific Palisades,34.0797077,-118.5683581,TheMLS,23-230463,View Listing,,False,,"Tal file PacPal_Sold_homes_2021-present, pulled 8 Sep 2026",532
2023-03-30,247 Amalfi Dr,Santa Monica,CA,90402,Single Family Residential,9600000,4.0,5.0,4800.0,13674.0,1951.0,2000.0,,Outside Palisades,34.0315754,-118.5138154,TheMLS,23-237179,View Listing,,False,,"Tal file PacPal_Sold_homes_2021-present, pulled 8 Sep 2026",533
2023-03-30,1119 Monument St,Pacific Palisades,CA,90272,Single Family Residential,8500000,6.0,8.0,7000.0,7123.0,2018.0,1214.0,,Pacific Palisades,34.049263,-118.5251061,TheMLS,23-252337,View Listing,,False,,"Tal file PacPal_Sold_homes_2021-present, pulled 8 Sep 2026",534
2023-03-30,741 Ocampo Dr,Pacific Palisades,CA,90272,Single Family Residential,5100000,4.0,2.0,2513.0,8626.0,1951.0,2029.0,24.0,Pacific Palisades,34.0413699,-118.5217157,TheMLS,23-232767,View Listing,,False,,"Tal file PacPal_Sold_homes_2021-present, pulled 8 Sep 2026",535
2023-03-30,15232 De Pauw St,Pacific Palisades,CA,90272,Single Family Residential,7960000,6.0,8.0,7492.0,7490.0,2023.0,1062.0,,Pacific Palisades,34.0372213,-118.5253706,TheMLS,23-255951,View Listing,,False,,"Tal file PacPal_Sold_homes_2021-present, pulled 8 Sep 2026",536
2023-03-29,1241 Corsica Dr,Pacific Palisades,CA,90272,Single Family Residential,6265000,3.0,4.0,3045.0,15222.0,1950.0,2057.0,,Pacific Palisades,34.0515884,-118.5032682,TheMLS,23-239879,View Listing,,False,,"Tal file PacPal_Sold_homes_2021-present, pulled 8 Sep 2026",537
2023-03-29,922 Chautauqua Blvd,Pacific Palisades,CA,90272,Single Family Residential,9525000,7.0,7.0,5880.0,14479.0,2007.0,1620.0,,Pacific Palisades,34.0470046,-118.5161001,TheMLS,23-243391,View Listing,,False,,"Tal file PacPal_Sold_homes_2021-present, pulled 8 Sep 2026",538
2023-03-29,1166 Corsica Dr,Pacific Palisades,CA,90272,Single Family Residential,15200000,6.0,8.0,9000.0,14000.0,2015.0,1689.0,25.0,Pacific Palisades,34.0496338,-118.5041575,TheMLS,23-229793,View Listing,,False,,"Tal file PacPal_Sold_homes_2021-present, pulled 8 Sep 2026",539
2023-03-28,1511 Amalfi Dr,Pacific Palisades,CA,90272,Single Family Residential,5600000,4.0,4.0,3992.0,21713.0,1978.0,1403.0,,Pacific Palisades,34.05755,-118.50408,TheMLS,23-244565,View Listing,,False,,"Tal file PacPal_Sold_homes_2021-present, pulled 8 Sep 2026",540
2023-03-24,326 Entrada Dr,Santa Monica,CA,90402,Single Family Residential,5890000,5.0,5.0,3723.0,7271.0,2022.0,1582.0,,Outside Palisades,34.0299942,-118.5145423,TheMLS,23-232021,View Listing,,False,,"Tal file PacPal_Sold_homes_2021-present, pulled 8 Sep 2026",541
2023-03-24,1007 Chautauqua Blvd,Pacific Palisades,CA,90272,Single Family Residential,4875000,5.0,5.0,3141.0,7921.0,1986.0,1552.0,,Pacific Palisades,34.0482566,-118.517294,TheMLS,23-243907,View Listing,,False,,"Tal file PacPal_Sold_homes_2021-present, pulled 8 Sep 2026",542
2023-03-24,537 W Rustic Rd,Santa Monica,CA,90402,Single Family Residential,2900000,2.0,2.0,,18396.0,1924.0,,,Outside Palisades,34.0352576,-118.5186151,TheMLS,23-235798,View Listing,,False,,"Tal file PacPal_Sold_homes_2021-present, pulled 8 Sep 2026",543
2023-03-24,1147 Hartzell St,Pacific Palisades,CA,90272,Single Family Residential,5275000,5.0,5.0,3500.0,6501.0,2014.0,1507.0,,Pacific Palisades,34.0506734,-118.5211194,TheMLS,23-244469,View Listing,,False,,"Tal file PacPal_Sold_homes_2021-present, pulled 8 Sep 2026",544
2023-03-24,18034 Sandy Cape Dr,Pacific Palisades,CA,90272,Single Family Residential,8750000,5.0,7.0,3400.0,19055.0,1965.0,2574.0,17.0,Pacific Palisades,34.0474869,-118.5682855,TheMLS,23-239255,View Listing,,False,,"Tal file PacPal_Sold_homes_2021-present, pulled 8 Sep 2026",545
2023-03-24,14380 W Sunset Blvd,Pacific Palisades,CA,90272,Single Family Residential,8500000,4.0,5.0,3588.0,48981.0,1925.0,2369.0,,Pacific Palisades,34.0476262,-118.5118037,TheMLS,23-234835,View Listing,,False,,"Tal file PacPal_Sold_homes_2021-present, pulled 8 Sep 2026",546
2023-03-24,501 Swarthmore Ave,Pacific Palisades,CA,90272,Single Family Residential,9500000,6.0,7.0,6295.0,8175.0,2022.0,1509.0,,Pacific Palisades,34.0382286,-118.5284912,TheMLS,23-253781,View Listing,,False,,"Tal file PacPal_Sold_homes_2021-present, pulled 8 Sep 2026",547
2023-03-24,14949 La Cumbre Dr,Pacific Palisades,CA,90272,Single Family Residential,5999000,4.0,3.0,2926.0,11982.0,1961.0,2050.0,25.0,Pacific Palisades,34.0339208,-118.5223277,CRMLS,SR23041337,View Listing,,False,,"Tal file PacPal_Sold_homes_2021-present, pulled 8 Sep 2026",548
2023-03-22,701 Amalfi Dr,Pacific Palisades,CA,90272,Single Family Residential,9500000,4.0,4.0,3340.0,20962.0,1965.0,2844.0,,Pacific Palisades,34.041368,-118.5121678,TheMLS,23-252884,View Listing,,False,,"Tal file PacPal_Sold_homes_2021-present, pulled 8 Sep 2026",549
2023-03-21,640 Resolano Dr,Pacific Palisades,CA,90272,Single Family Residential,4500000,3.0,2.0,2397.0,63400.0,1959.0,1877.0,6.0,Pacific Palisades,34.0476253,-118.5560066,TheMLS,22-217769,View Listing,,False,,"Tal file PacPal_Sold_homes_2021-present, pulled 8 Sep 2026",550
2023-03-21,14707 Oracle Pl,Pacific Palisades,CA,90272,Single Family Residential,2695500,3.0,2.5,2254.0,20603.0,1957.0,1196.0,,Pacific Palisades,34.0556792,-118.5189616,CRMLS,SR22217534,View Listing,,False,,"Tal file PacPal_Sold_homes_2021-present, pulled 8 Sep 2026",551
2023-03-16,15922 Northfield St,Pacific Palisades,CA,90272,Single Family Residential,5750000,6.0,5.0,4273.0,6733.0,2013.0,1346.0,,Pacific Palisades,34.0450996,-118.5345368,TheMLS,23-240531,View Listing,,False,,"Tal file PacPal_Sold_homes_2021-present, pulled 8 Sep 2026",552
2023-03-15,616 Ocampo Dr,Pacific Palisades,CA,90272,Single Family Residential,5150000,3.0,3.0,,8728.0,1950.0,,25.0,Pacific Palisades,34.0392406,-118.5197744,TheMLS,23-238107,View Listing,,False,,"Tal file PacPal_Sold_homes_2021-present, pulled 8 Sep 2026",553
2023-03-15,1390 Bella Oceana Vis,Pacific Palisades,CA,90272,Single Family Residential,8230000,6.0,6.0,8182.0,26629.0,1995.0,1006.0,1250.0,Pacific Palisades,34.0617706,-118.5436622,TheMLS,23-233041,View Listing,,False,,"Tal file PacPal_Sold_homes_2021-present, pulled 8 Sep 2026",554
2023-03-10,610 Haverford Ave,Pacific Palisades,CA,90272,Single Family Residential,2800000,4.0,3.0,2130.0,9844.0,1926.0,1315.0,,Pacific Palisades,34.0411479,-118.5298095,CRMLS,NDP2300504,View Listing,,False,,"Tal file PacPal_Sold_homes_2021-present, pulled 8 Sep 2026",555
2023-03-10,965 Napoli Dr,Pacific Palisades,CA,90272,Single Family Residential,9580000,5.0,6.0,5712.0,13186.0,2009.0,1677.0,,Pacific Palisades,34.0454035,-118.5066856,TheMLS,23-233979,View Listing,,False,,"Tal file PacPal_Sold_homes_2021-present, pulled 8 Sep 2026",556
2023-03-10,16056 Aiglon St,Pacific Palisades,CA,90272,Single Family Residential,4603000,5.0,5.0,4598.0,5750.0,2015.0,1001.0,,Pacific Palisades,34.0448209,-118.5381751,TheMLS,23-240775,View Listing,,False,,"Tal file PacPal_Sold_homes_2021-present, pulled 8 Sep 2026",557
2023-03-07,735 Iliff St,Pacific Palisades,CA,90272,Single Family Residential,6100000,5.0,6.0,4310.0,6499.0,2022.0,1415.0,,Pacific Palisades,34.0424268,-118.5182596,TheMLS,22-227799,View Listing,,False,,"Tal file PacPal_Sold_homes_2021-present, pulled 8 Sep 2026",558
2023-03-03,16690 Calle Arbolada,Pacific Palisades,CA,90272,Single Family Residential,2667210,4.0,4.0,3341.0,5948.0,1990.0,798.0,405.0,Pacific Palisades,34.0738873,-118.5507274,TheMLS,23-233667,View Listing,,False,,"Tal file PacPal_Sold_homes_2021-present, pulled 8 Sep 2026",559
2023-03-01,1300 Pavia Pl,Pacific Palisades,CA,90272,Single Family Residential,7220000,4.0,4.0,4562.0,17455.0,1937.0,1583.0,,Pacific Palisades,34.053077,-118.5044224,TheMLS,22-221705,View Listing,,False,,"Tal file PacPal_Sold_homes_2021-present, pulled 8 Sep 2026",560
2023-03-01,412 Swarthmore Ave,Pacific Palisades,CA,90272,Single Family Residential,3000000,3.0,2.0,1604.0,6248.0,1946.0,1870.0,,Pacific Palisades,34.0372047,-118.5281499,TheMLS,23-229467,View Listing,,False,,"Tal file PacPal_Sold_homes_2021-present, pulled 8 Sep 2026",561
2023-02-28,13705 Romany Dr,Pacific Palisades,CA,90272,Single Family Residential,10300000,4.0,5.0,4182.0,41171.0,1951.0,2463.0,,Pacific Palisades,34.0552644,-118.5052732,TheMLS,23-228959,View Listing,,False,,"Tal file PacPal_Sold_homes_2021-present, pulled 8 Sep 2026",562
2023-02-27,720 Brooktree Rd,Pacific Palisades,CA,90272,Single Family Residential,7722000,5.0,5.0,5083.0,13809.0,1987.0,1519.0,,Pacific Palisades,34.0414424,-118.5149843,TheMLS,22-228199,View Listing,,False,,"Tal file PacPal_Sold_homes_2021-present, pulled 8 Sep 2026",563
2023-02-27,670 Radcliffe Ave,Pacific Palisades,CA,90272,Single Family Residential,3825000,4.0,3.0,,9000.0,1945.0,,,Pacific Palisades,34.0428984,-118.5303667,TheMLS,22-222320,View Listing,,False,,"Tal file PacPal_Sold_homes_2021-present, pulled 8 Sep 2026",564
2023-02-23,761 Swarthmore Ave,Pacific Palisades,CA,90272,Single Family Residential,6130000,6.0,6.0,5250.0,6004.0,2009.0,1168.0,,Pacific Palisades,34.0442355,-118.5269214,TheMLS,22-206821,View Listing,,False,,"Tal file PacPal_Sold_homes_2021-present, pulled 8 Sep 2026",565
2023-02-22,1104 Via De La Paz,Pacific Palisades,CA,90272,Single Family Residential,6000000,5.0,6.0,4200.0,5885.0,2023.0,1429.0,,Pacific Palisades,34.0491685,-118.5263499,TheMLS,23-230963,View Listing,,False,,"Tal file PacPal_Sold_homes_2021-present, pulled 8 Sep 2026",566
2023-02-17,623 El Cerco Pl,Pacific Palisades,CA,90272,Single Family Residential,5900000,5.0,6.0,4633.0,9240.0,1950.0,1273.0,26.0,Pacific Palisades,34.0392251,-118.5230745,TheMLS,23-228709,View Listing,,False,,"Tal file PacPal_Sold_homes_2021-present, pulled 8 Sep 2026",567
2023-02-01,1354 Lachman Ln,Pacific Palisades,CA,90272,Single Family Residential,5875000,5.0,7.0,8047.0,16705.0,2024.0,730.0,,Pacific Palisades,34.0591253,-118.5487503,TheMLS,23-229451,View Listing,,False,,"Tal file PacPal_Sold_homes_2021-present, pulled 8 Sep 2026",568
2023-01-27,365 Sycamore Rd,Santa Monica,CA,90402,Single Family Residential,3110000,3.0,4.0,2336.0,6270.0,1940.0,1331.0,,Outside Palisades,34.0318917,-118.516494,TheMLS,22-204257,View Listing,,False,,"Tal file PacPal_Sold_homes_2021-present, pulled 8 Sep 2026",569
2023-01-20,1053 Lachman Ln,Pacific Palisades,CA,90272,Single Family Residential,2855000,4.0,3.0,2723.0,9487.0,1959.0,1048.0,,Pacific Palisades,34.0543178,-118.5466739,TheMLS,22-199399,View Listing,,False,,"Tal file PacPal_Sold_homes_2021-present, pulled 8 Sep 2026",570
2023-01-18,1488 Paseo De Oro,Pacific Palisades,CA,90272,Single Family Residential,2465000,4.0,4.0,3102.0,90385.0,1997.0,795.0,665.0,Pacific Palisades,34.0743784,-118.5514875,TheMLS,22-214421,View Listing,,False,,"Tal file PacPal_Sold_homes_2021-present, pulled 8 Sep 2026",571
2023-01-17,15907 Asilomar Blvd,Pacific Palisades,CA,90272,Single Family Residential,4800000,2.0,2.0,1660.0,7926.0,1950.0,2892.0,,Pacific Palisades,34.0405335,-118.5361988,CRMLS,SR20241093,View Listing,,False,,"Tal file PacPal_Sold_homes_2021-present, pulled 8 Sep 2026",572
2023-01-12,16671 Calle Brittany,Pacific Palisades,CA,90272,Single Family Residential,3005000,5.0,5.0,4583.0,13527.0,1999.0,656.0,655.0,Pacific Palisades,34.075092,-118.5487983,TheMLS,22-213145,View Listing,,False,,"Tal file PacPal_Sold_homes_2021-present, pulled 8 Sep 2026",573
2023-01-09,845 Las Lomas Ave,Pacific Palisades,CA,90272,Single Family Residential,2686250,3.0,2.0,1884.0,5817.0,1962.0,1426.0,,Pacific Palisades,34.0498081,-118.5377759,TheMLS,22-221045,View Listing,,False,,"Tal file PacPal_Sold_homes_2021-present, pulled 8 Sep 2026",574
2023-01-06,1364 Brinkley Ave,Los Angeles,CA,90049,Single Family Residential,3695000,3.0,3.0,2270.0,8926.0,1953.0,1628.0,,Outside Palisades,34.0527822,-118.4959806,TheMLS,22-219847,View Listing,,False,,"Tal file PacPal_Sold_homes_2021-present, pulled 8 Sep 2026",575
2023-01-03,842 Radcliffe Ave,Pacific Palisades,CA,90272,Single Family Residential,2475000,3.0,2.0,1003.0,6580.0,1925.0,2468.0,,Pacific Palisades,34.0463848,-118.5292957,TheMLS,22-211079,View Listing,,False,,"Tal file PacPal_Sold_homes_2021-present, pulled 8 Sep 2026",576
2023-01-03,17834 Porto Marina Way,Pacific Palisades,CA,90272,Single Family Residential,4400000,3.0,3.0,,3747.0,1956.0,,,Pacific Palisades,34.0418775,-118.5639246,TheMLS,22-220763,View Listing,,False,,"Tal file PacPal_Sold_homes_2021-present, pulled 8 Sep 2026",577
2022-12-29,641 Las Lomas Ave,Pacific Palisades,CA,90272,Single Family Residential,2400000,3.0,4.0,4015.0,5251.0,1950.0,598.0,,Pacific Palisades,34.0470597,-118.5395809,TheMLS,22-212571,View Listing,,False,,"Tal file PacPal_Sold_homes_2021-present, pulled 8 Sep 2026",578
2022-12-20,1075 Palisair Pl,Pacific Palisades,CA,90272,Single Family Residential,4500000,3.0,2.0,2298.0,18463.0,1955.0,1958.0,8.0,Pacific Palisades,34.0535367,-118.5323605,TheMLS,22-222303,View Listing,,False,,"Tal file PacPal_Sold_homes_2021-present, pulled 8 Sep 2026",579
2022-12-19,1312 Marinette Rd,Pacific Palisades,CA,90272,Single Family Residential,4010000,3.0,2.0,2378.0,17959.0,1958.0,1686.0,,Pacific Palisades,34.0539321,-118.518621,TheMLS,22-225715,View Listing,,False,,"Tal file PacPal_Sold_homes_2021-present, pulled 8 Sep 2026",580
2022-12-15,737 Chapala Dr,Pacific Palisades,CA,90272,Single Family Residential,6700000,6.0,7.0,4925.0,8500.0,1938.0,1360.0,24.0,Pacific Palisades,34.0408744,-118.5224126,TheMLS,22-202009,View Listing,,False,,"Tal file PacPal_Sold_homes_2021-present, pulled 8 Sep 2026",581
2022-12-14,15449 De Pauw St,Pacific Palisades,CA,90272,Single Family Residential,3825000,5.0,4.0,2860.0,5184.0,1954.0,1337.0,,Pacific Palisades,34.0407081,-118.5297232,TheMLS,22-200543,View Listing,,False,,"Tal file PacPal_Sold_homes_2021-present, pulled 8 Sep 2026",582
2022-12-14,16952 Dulce Ynez Ln,Pacific Palisades,CA,90272,Single Family Residential,3220000,4.0,3.0,3112.0,8064.0,1965.0,1035.0,,Pacific Palisades,34.046435,-118.55075,TheMLS,22-203033,View Listing,,False,,"Tal file PacPal_Sold_homes_2021-present, pulled 8 Sep 2026",583
2022-12-13,701 Hampden Pl,Pacific Palisades,CA,90272,Single Family Residential,1787500,2.0,2.0,1006.0,2879.0,1951.0,1777.0,,Pacific Palisades,34.0424964,-118.5266504,TheMLS,22-208063,View Listing,,False,,"Tal file PacPal_Sold_homes_2021-present, pulled 8 Sep 2026",584
2022-12-13,16828 Charmel Ln,Pacific Palisades,CA,90272,Single Family Residential,2900000,4.0,3.0,2253.0,27019.0,1973.0,1287.0,,Pacific Palisades,34.062182,-118.5516909,TheMLS,22-202533,View Listing,,False,,"Tal file PacPal_Sold_homes_2021-present, pulled 8 Sep 2026",585
2022-12-13,434 Chautauqua Blvd,Pacific Palisades,CA,90272,Single Family Residential,5850000,5.0,5.0,4969.0,20360.0,1963.0,1177.0,24.0,Pacific Palisades,34.0350102,-118.5192984,TheMLS,22-171595,View Listing,,False,,"Tal file PacPal_Sold_homes_2021-present, pulled 8 Sep 2026",586
2022-12-13,620 Resolano Dr,Pacific Palisades,CA,90272,Single Family Residential,7420000,6.0,7.0,5000.0,13941.0,1962.0,1484.0,4.0,Pacific Palisades,34.0472662,-118.5567683,TheMLS,22-162601,View Listing,,False,,"Tal file PacPal_Sold_homes_2021-present, pulled 8 Sep 2026",587
2022-12-06,15934 Alcima Ave,Pacific Palisades,CA,90272,Single Family Residential,4580000,4.0,4.0,3636.0,18448.0,1951.0,1260.0,,Pacific Palisades,34.051197,-118.5335263,TheMLS,22-197329,View Listing,,False,,"Tal file PacPal_Sold_homes_2021-present, pulled 8 Sep 2026",588
2022-12-02,1406 Avenida De Cortez,Pacific Palisades,CA,90272,Single Family Residential,2586000,4.0,3.0,2614.0,9154.0,1973.0,989.0,371.0,Pacific Palisades,34.0731471,-118.5626441,TheMLS,22-204005,View Listing,,False,,"Tal file PacPal_Sold_homes_2021-present, pulled 8 Sep 2026",589
2022-11-29,13838 W Sunset Blvd,Pacific Palisades,CA,90272,Single Family Residential,3197500,3.0,3.0,2596.0,15000.0,1952.0,1232.0,,Pacific Palisades,34.0476313,-118.5069431,TheMLS,22-188939,View Listing,,False,,"Tal file PacPal_Sold_homes_2021-present, pulled 8 Sep 2026",590
2022-11-22,1200 Chautauqua Blvd,Pacific Palisades,CA,90272,Single Family Residential,5900000,4.0,5.0,3613.0,8360.0,1962.0,1633.0,,Pacific Palisades,34.0517822,-118.5178735,TheMLS,22-203105,View Listing,,False,,"Tal file PacPal_Sold_homes_2021-present, pulled 8 Sep 2026",591
2022-11-22,16162 Alcima Ave,Pacific Palisades,CA,90272,Single Family Residential,3422500,3.0,3.0,2677.0,8958.0,1955.0,1278.0,,Pacific Palisades,34.0499007,-118.536514,TheMLS,22-211313,View Listing,,False,,"Tal file PacPal_Sold_homes_2021-present, pulled 8 Sep 2026",592
2022-11-18,15515 W Sunset Blvd #220,Pacific Palisades,CA,90272,Townhouse,1400000,2.0,3.0,1434.0,83124.0,1975.0,976.0,810.0,Pacific Palisades,34.0492182,-118.5283225,TheMLS,22-190659,View Listing,,False,,"Tal file PacPal_Sold_homes_2021-present, pulled 8 Sep 2026",593
2022-11-17,525 Spoleto Dr,Pacific Palisades,CA,90272,Single Family Residential,29500000,5.0,7.0,,13950.0,2007.0,,,Pacific Palisades,34.034545,-118.5152567,TheMLS,23-308989,View Listing,,False,,"Tal file PacPal_Sold_homes_2021-present, pulled 8 Sep 2026",594
2022-11-17,15333 De Pauw St,Pacific Palisades,CA,90272,Single Family Residential,8800000,6.0,7.0,7448.0,8432.0,2022.0,1182.0,,Pacific Palisades,34.0400743,-118.5268946,TheMLS,22-166677,View Listing,,False,,"Tal file PacPal_Sold_homes_2021-present, pulled 8 Sep 2026",595
2022-11-16,16573 Via Floresta,Pacific Palisades,CA,90272,Single Family Residential,2820000,3.0,3.0,2426.0,84863.0,1986.0,1162.0,,Pacific Palisades,34.0607695,-118.5470922,TheMLS,22-202583,View Listing,,False,,"Tal file PacPal_Sold_homes_2021-present, pulled 8 Sep 2026",596
2022-11-15,1090 Ravoli Dr,Pacific Palisades,CA,90272,Single Family Residential,6775000,6.0,6.0,5568.0,21388.0,1996.0,1217.0,,Pacific Palisades,34.0491243,-118.5086009,TheMLS,22-174288,View Listing,,False,,"Tal file PacPal_Sold_homes_2021-present, pulled 8 Sep 2026",597
2022-11-15,1345 Chautauqua Blvd,Pacific Palisades,CA,90272,Single Family Residential,7524000,5.0,6.0,4865.0,10233.0,1992.0,1547.0,,Pacific Palisades,34.0533241,-118.5204339,TheMLS,22-213283,View Listing,,False,,"Tal file PacPal_Sold_homes_2021-present, pulled 8 Sep 2026",598
2022-11-14,806 Alma Real Dr,Pacific Palisades,CA,90272,Single Family Residential,6125000,5.0,6.0,4859.0,8627.0,2006.0,1261.0,,Pacific Palisades,34.0431508,-118.5230245,TheMLS,22-186571,View Listing,,False,,"Tal file PacPal_Sold_homes_2021-present, pulled 8 Sep 2026",599
2022-11-14,16647 Bienveneda Pl,Pacific Palisades,CA,90272,Single Family Residential,4850000,4.0,6.0,4314.0,11060.0,1975.0,1124.0,,Pacific Palisades,34.0603919,-118.5450678,TheMLS,22-179195,View Listing,,False,,"Tal file PacPal_Sold_homes_2021-present, pulled 8 Sep 2026",600
2022-11-11,500 Ocampo Dr,Pacific Palisades,CA,90272,Single Family Residential,5365000,4.0,3.0,2453.0,8924.0,1937.0,2187.0,,Pacific Palisades,34.0370332,-118.5204801,TheMLS,22-189097,View Listing,,False,,"Tal file PacPal_Sold_homes_2021-present, pulled 8 Sep 2026",601
2022-11-09,1460 San Remo Dr,Pacific Palisades,CA,90272,Single Family Residential,3800000,5.0,5.0,4910.0,47112.0,1955.0,774.0,,Pacific Palisades,34.0558348,-118.4975481,TheMLS,22-152871,View Listing,,False,,"Tal file PacPal_Sold_homes_2021-present, pulled 8 Sep 2026",602
2022-11-08,718 Palisades Dr,Pacific Palisades,CA,90272,Townhouse,1811550,3.0,3.0,2284.0,228922.0,1995.0,793.0,638.0,Pacific Palisades,34.052065,-118.552339,TheMLS,22-197343,View Listing,,False,,"Tal file PacPal_Sold_homes_2021-present, pulled 8 Sep 2026",603
2022-11-04,17133 Avenida De La Herradura,Pacific Palisades,CA,90272,Single Family Residential,2600000,5.0,4.0,2961.0,7505.0,1976.0,878.0,240.0,Pacific Palisades,34.0767517,-118.5590556,TheMLS,22-186551,View Listing,,False,,"Tal file PacPal_Sold_homes_2021-present, pulled 8 Sep 2026",604
2022-11-04,830 Haverford Ave #5,Pacific Palisades,CA,90272,Townhouse,1640000,3.0,3.0,2095.0,17821.0,1982.0,783.0,600.0,Pacific Palisades,34.0457008,-118.5284134,TheMLS,22-194771,View Listing,,False,,"Tal file PacPal_Sold_homes_2021-present, pulled 8 Sep 2026",605
2022-11-03,1336 Las Canoas Rd,Pacific Palisades,CA,90272,Single Family Residential,3300000,4.0,4.0,2796.0,13380.0,1962.0,1180.0,24.0,Pacific Palisades,34.0547097,-118.5383209,TheMLS,22-175543,View Listing,,False,,"Tal file PacPal_Sold_homes_2021-present, pulled 8 Sep 2026",606
2022-11-02,14832 W Sunset Blvd,Pacific Palisades,CA,90272,Single Family Residential,2375000,3.0,2.0,2058.0,6900.0,1950.0,1154.0,20.0,Pacific Palisades,34.042347,-118.5201531,TheMLS,22-198261,View Listing,,False,,"Tal file PacPal_Sold_homes_2021-present, pulled 8 Sep 2026",607
2022-11-02,888 Toulon Dr,Pacific Palisades,CA,90272,Single Family Residential,16500000,5.0,7.0,8800.0,14019.0,1994.0,1875.0,25.0,Pacific Palisades,34.0442259,-118.5079134,TheMLS,22-190687,View Listing,,False,,"Tal file PacPal_Sold_homes_2021-present, pulled 8 Sep 2026",608
2022-10-31,860 Radcliffe Ave,Pacific Palisades,CA,90272,Single Family Residential,4730000,5.0,6.0,3279.0,4685.0,1939.0,1443.0,,Pacific Palisades,34.0467377,-118.5290714,TheMLS,22-196141,View Listing,,False,,"Tal file PacPal_Sold_homes_2021-present, pulled 8 Sep 2026",609
2022-10-28,1422 Lachman Ln,Pacific Palisades,CA,90272,Single Family Residential,6000000,5.0,7.0,8552.0,19075.0,,702.0,,Pacific Palisades,34.061179,-118.5496815,TheMLS,22-124033,View Listing,,False,,"Tal file PacPal_Sold_homes_2021-present, pulled 8 Sep 2026",610
2022-10-25,1042 Embury St,Pacific Palisades,CA,90272,Single Family Residential,5200000,5.0,6.0,3669.0,5202.0,2015.0,1417.0,,Pacific Palisades,34.048325,-118.5231405,TheMLS,22-197403,View Listing,,False,,"Tal file PacPal_Sold_homes_2021-present, pulled 8 Sep 2026",611
2022-10-21,1574 Michael Ln,Pacific Palisades,CA,90272,Townhouse,1680000,2.0,3.0,1955.0,400173.0,1979.0,859.0,620.0,Pacific Palisades,34.0779685,-118.5650714,TheMLS,22-192815,View Listing,,False,,"Tal file PacPal_Sold_homes_2021-present, pulled 8 Sep 2026",612
2022-10-21,668 Bienveneda Ave,Pacific Palisades,CA,90272,Single Family Residential,3175000,4.0,5.0,2800.0,6400.0,1954.0,1134.0,,Pacific Palisades,34.0477609,-118.5398935,CRMLS,OC22184022,View Listing,,False,,"Tal file PacPal_Sold_homes_2021-present, pulled 8 Sep 2026",613
2022-10-20,555 Almar Ave,Pacific Palisades,CA,90272,Single Family Residential,4025000,3.0,4.0,2417.0,8486.0,1949.0,1665.0,,Pacific Palisades,34.0435377,-118.5371629,TheMLS,22-197439,View Listing,,False,,"Tal file PacPal_Sold_homes_2021-present, pulled 8 Sep 2026",614
2022-10-14,785 Napoli Dr,Pacific Palisades,CA,90272,Single Family Residential,6800000,3.0,3.5,3959.0,17475.0,1996.0,1718.0,25.0,Pacific Palisades,34.0428806,-118.5099561,CRMLS,SR22188008,View Listing,,False,,"Tal file PacPal_Sold_homes_2021-present, pulled 8 Sep 2026",615
2022-10-14,16121 Northfield St,Pacific Palisades,CA,90272,Single Family Residential,4095000,5.0,4.0,3415.0,7465.0,1947.0,1199.0,,Pacific Palisades,34.0479313,-118.5372538,TheMLS,22-198397,View Listing,,False,,"Tal file PacPal_Sold_homes_2021-present, pulled 8 Sep 2026",616
2022-10-14,649 Las Lomas Ave,Pacific Palisades,CA,90272,Single Family Residential,2365123,3.0,2.0,1779.0,6583.0,1950.0,1329.0,,Pacific Palisades,34.0473634,-118.5395064,TheMLS,22-197165,View Listing,,False,,"Tal file PacPal_Sold_homes_2021-present, pulled 8 Sep 2026",617
2022-10-12,650 Palisades Dr,Pacific Palisades,CA,90272,Townhouse,2495000,3.0,3.0,2308.0,,1995.0,1081.0,638.0,Pacific Palisades,34.0487089,-118.5519154,TheMLS,22-179713,View Listing,,False,,"Tal file PacPal_Sold_homes_2021-present, pulled 8 Sep 2026",618
2022-10-12,1853 E Chastain Pkwy,Pacific Palisades,CA,90272,Single Family Residential,6200000,6.0,8.0,6548.0,18250.0,2006.0,947.0,400.0,Pacific Palisades,34.0711225,-118.5484881,TheMLS,22-158695,View Listing,,False,,"Tal file PacPal_Sold_homes_2021-present, pulled 8 Sep 2026",619
2022-10-07,16661 Cumbre Verde Ct,Pacific Palisades,CA,90272,Single Family Residential,5205000,5.0,6.0,6500.0,15071.0,1988.0,801.0,400.0,Pacific Palisades,34.071254,-118.5509641,TheMLS,22-168791,View Listing,,False,,"Tal file PacPal_Sold_homes_2021-present, pulled 8 Sep 2026",620
2022-10-05,16011 Temecula St,Pacific Palisades,CA,90272,Single Family Residential,4837000,4.0,4.0,2870.0,5749.0,2009.0,1685.0,,Pacific Palisades,34.0456185,-118.5357903,SDMLS,22-205993,View Listing,,False,,"Tal file PacPal_Sold_homes_2021-present, pulled 8 Sep 2026",621
2022-10-04,1124 Kagawa St,Pacific Palisades,CA,90272,Single Family Residential,7655000,6.0,7.0,5061.0,6025.0,2021.0,1513.0,,Pacific Palisades,34.0503966,-118.5184229,TheMLS,22-180005,View Listing,,False,,"Tal file PacPal_Sold_homes_2021-present, pulled 8 Sep 2026",622
2022-10-04,13741 Romany Dr,Pacific Palisades,CA,90272,Single Family Residential,5850000,4.0,3.0,2794.0,12760.0,1953.0,2094.0,,Pacific Palisades,34.0541398,-118.506011,TheMLS,22-175713,View Listing,,False,,"Tal file PacPal_Sold_homes_2021-present, pulled 8 Sep 2026",623
2022-10-03,1030 Rivas Canyon Rd,Pacific Palisades,CA,90272,Single Family Residential,9025000,4.0,5.0,4140.0,63547.0,1960.0,2180.0,,Pacific Palisades,34.0498213,-118.5154507,TheMLS,22-180561,View Listing,,False,,"Tal file PacPal_Sold_homes_2021-present, pulled 8 Sep 2026",624
2022-10-03,455 Almar Ave,Pacific Palisades,CA,90272,Single Family Residential,3000000,4.0,3.0,2264.0,10259.0,1941.0,1325.0,,Pacific Palisades,34.0414748,-118.5382984,TheMLS,22-171219,View Listing,,False,,"Tal file PacPal_Sold_homes_2021-present, pulled 8 Sep 2026",625
2022-09-30,15415 Albright St,Pacific Palisades,CA,90272,Single Family Residential,4075000,3.0,2.0,1840.0,9986.0,1947.0,2215.0,,Pacific Palisades,34.0494526,-118.5272339,TheMLS,22-189551,View Listing,,False,,"Tal file PacPal_Sold_homes_2021-present, pulled 8 Sep 2026",626
2022-09-30,1172 Napoli Dr,Pacific Palisades,CA,90272,Single Family Residential,28500000,7.0,9.0,13453.0,24319.0,2017.0,2118.0,25.0,Pacific Palisades,34.0497271,-118.5029553,TheMLS,22-186977,View Listing,,False,,"Tal file PacPal_Sold_homes_2021-present, pulled 8 Sep 2026",627
2022-09-29,1339 Capri Dr,Pacific Palisades,CA,90272,Single Family Residential,9150000,3.0,7.0,6791.0,20464.0,2008.0,1347.0,,Pacific Palisades,34.0540799,-118.50303,TheMLS,22-190517,View Listing,,False,,"Tal file PacPal_Sold_homes_2021-present, pulled 8 Sep 2026",628
2022-09-28,1714 Chastain Pkwy,Pacific Palisades,CA,90272,Single Family Residential,3800000,6.0,5.0,5650.0,8201.0,1996.0,673.0,400.0,Pacific Palisades,34.0749165,-118.5478735,TheMLS,22-165823,View Listing,,False,,"Tal file PacPal_Sold_homes_2021-present, pulled 8 Sep 2026",629
2022-09-27,18000 Sea Reef Dr,Pacific Palisades,CA,90272,Single Family Residential,4500000,4.0,4.0,3686.0,14180.0,1965.0,1221.0,,Pacific Palisades,34.0463236,-118.5687185,CRMLS,PV22165747,View Listing,,False,,"Tal file PacPal_Sold_homes_2021-present, pulled 8 Sep 2026",630
2022-09-26,17536 Camino De Yatasto,Pacific Palisades,CA,90272,Single Family Residential,6750000,5.0,9.0,8183.0,33597.0,1983.0,825.0,450.0,Pacific Palisades,34.0770416,-118.5716748,TheMLS,21-775580,View Listing,,False,,"Tal file PacPal_Sold_homes_2021-present, pulled 8 Sep 2026",631
2022-09-23,16843 W Sunset Blvd,Pacific Palisades,CA,90272,Single Family Residential,2925000,4.0,4.0,3432.0,7198.0,1948.0,852.0,,Pacific Palisades,34.0435026,-118.5452971,TheMLS,22-147983,View Listing,,False,,"Tal file PacPal_Sold_homes_2021-present, pulled 8 Sep 2026",632
2022-09-21,926 Bienveneda Ave,Pacific Palisades,CA,90272,Single Family Residential,2225000,3.0,2.0,1672.0,9433.0,1952.0,1331.0,,Pacific Palisades,34.0513601,-118.539164,TheMLS,22-180291,View Listing,,False,,"Tal file PacPal_Sold_homes_2021-present, pulled 8 Sep 2026",633
2022-09-20,1321 Piedra Morada Dr,Pacific Palisades,CA,90272,Single Family Residential,5400000,6.0,7.0,6472.0,17643.0,1986.0,834.0,400.0,Pacific Palisades,34.071469,-118.5521213,TheMLS,22-159561,View Listing,,False,,"Tal file PacPal_Sold_homes_2021-present, pulled 8 Sep 2026",634
2022-09-19,934 Galloway St,Pacific Palisades,CA,90272,Single Family Residential,5940000,4.0,5.0,3700.0,5203.0,2014.0,1605.0,,Pacific Palisades,34.0466165,-118.520688,TheMLS,22-182821,View Listing,,False,,"Tal file PacPal_Sold_homes_2021-present, pulled 8 Sep 2026",635
2022-09-16,1427 W Chastain Pkwy,Pacific Palisades,CA,90272,Single Family Residential,3770000,6.0,5.0,5268.0,13754.0,1996.0,716.0,400.0,Pacific Palisades,34.0743587,-118.5524018,TheMLS,22-170805,View Listing,,False,,"Tal file PacPal_Sold_homes_2021-present, pulled 8 Sep 2026",636
2022-09-15,1486 Palisades Dr,Pacific Palisades,CA,90272,Townhouse,1730000,3.0,3.0,2725.0,221326.0,1983.0,635.0,692.0,Pacific Palisades,34.074872,-118.563979,TheMLS,22-160658,View Listing,,False,,"Tal file PacPal_Sold_homes_2021-present, pulled 8 Sep 2026",637
2022-09-14,17446 Revello Dr,Pacific Palisades,CA,90272,Single Family Residential,3740000,4.0,3.0,2467.0,4622.0,1963.0,1516.0,,Pacific Palisades,34.0404211,-118.556154,TheMLS,22-182275,View Listing,,False,,"Tal file PacPal_Sold_homes_2021-present, pulled 8 Sep 2026",638
2022-09-13,1631 Michael Ln,Pacific Palisades,CA,90272,Townhouse,1910000,3.0,3.0,2017.0,333295.0,1977.0,947.0,775.0,Pacific Palisades,34.07905,-118.565371,TheMLS,22-161599,View Listing,,False,,"Tal file PacPal_Sold_homes_2021-present, pulled 8 Sep 2026",639
2022-09-12,1415 Chautauqua Blvd,Pacific Palisades,CA,90272,Single Family Residential,4150000,4.0,4.0,2900.0,7096.0,1962.0,1431.0,,Pacific Palisades,34.0546382,-118.5220614,TheMLS,22-191445,View Listing,,False,,"Tal file PacPal_Sold_homes_2021-present, pulled 8 Sep 2026",640
2022-09-12,1150 Monument St,Pacific Palisades,CA,90272,Single Family Residential,4385000,3.0,3.0,3003.0,6499.0,1946.0,1460.0,,Pacific Palisades,34.0502836,-118.5246293,TheMLS,22-181985,View Listing,,False,,"Tal file PacPal_Sold_homes_2021-present, pulled 8 Sep 2026",641
2022-09-09,1690 Michael Ln,Pacific Palisades,CA,90272,Townhouse,1799000,3.0,4.0,2467.0,400173.0,1979.0,729.0,595.0,Pacific Palisades,34.0795825,-118.5645523,CRMLS,SR22135923,View Listing,,False,,"Tal file PacPal_Sold_homes_2021-present, pulled 8 Sep 2026",642
2022-09-07,1126 Tellem Dr,Pacific Palisades,CA,90272,Single Family Residential,5005000,3.0,3.0,2556.0,14826.0,1960.0,1958.0,,Pacific Palisades,34.0560388,-118.5440973,TheMLS,22-189017,View Listing,,False,,"Tal file PacPal_Sold_homes_2021-present, pulled 8 Sep 2026",643
2022-09-07,16865 Calle Bellevista,Pacific Palisades,CA,90272,Single Family Residential,11130000,9.0,11.0,13151.0,95832.0,2003.0,846.0,895.0,Pacific Palisades,34.0791218,-118.5512863,TheMLS,21-114189,View Listing,,False,,"Tal file PacPal_Sold_homes_2021-present, pulled 8 Sep 2026",644
2022-08-31,14943 Alva Dr,Pacific Palisades,CA,90272,Single Family Residential,5680000,3.0,3.0,2676.0,8492.0,1950.0,2123.0,24.0,Pacific Palisades,34.0357785,-118.5219741,TheMLS,22-175945,View Listing,,False,,"Tal file PacPal_Sold_homes_2021-present, pulled 8 Sep 2026",645
2022-08-30,16667 Calle Haleigh,Pacific Palisades,CA,90272,Single Family Residential,3550000,5.0,5.0,4583.0,8071.0,1999.0,775.0,680.0,Pacific Palisades,34.0744045,-118.5491072,TheMLS,22-168179,View Listing,,False,,"Tal file PacPal_Sold_homes_2021-present, pulled 8 Sep 2026",646
2022-08-29,1724 Palisades Dr,Pacific Palisades,CA,90272,Townhouse,1560000,3.0,3.0,1777.0,363061.0,1978.0,878.0,661.0,Pacific Palisades,34.077272,-118.5619207,TheMLS,22-188231,View Listing,,False,,"Tal file PacPal_Sold_homes_2021-present, pulled 8 Sep 2026",647
2022-08-26,1339 Luna Vista Dr,Pacific Palisades,CA,90272,Single Family Residential,3547600,3.0,3.0,,10706.0,,,,Pacific Palisades,34.0614526,-118.5507575,TheMLS,22-160543,View Listing,,False,,"Tal file PacPal_Sold_homes_2021-present, pulled 8 Sep 2026",648
2022-08-26,734 Palisades Dr,Pacific Palisades,CA,90272,Townhouse,1830000,3.0,3.0,2284.0,228922.0,1995.0,801.0,638.0,Pacific Palisades,34.051664,-118.5525538,TheMLS,22-181777,View Listing,,False,,"Tal file PacPal_Sold_homes_2021-present, pulled 8 Sep 2026",649
2022-08-24,16601 Calle Haleigh,Pacific Palisades,CA,90272,Single Family Residential,3275000,5.0,5.0,4583.0,9790.0,1999.0,715.0,670.0,Pacific Palisades,34.0731011,-118.5478847,TheMLS,22-167375,View Listing,,False,,"Tal file PacPal_Sold_homes_2021-present, pulled 8 Sep 2026",650
2022-08-19,16672 Calle Arbolada,Pacific Palisades,CA,90272,Single Family Residential,3325000,5.0,4.0,3847.0,16053.0,1990.0,864.0,450.0,Pacific Palisades,34.0734364,-118.5505701,TheMLS,22-178411,View Listing,,False,,"Tal file PacPal_Sold_homes_2021-present, pulled 8 Sep 2026",651
2022-08-16,754 Iliff St,Pacific Palisades,CA,90272,Single Family Residential,2900000,2.0,1.0,1276.0,5751.0,1939.0,2273.0,,Pacific Palisades,34.043055,-118.5178725,TheMLS,22-176099,View Listing,,False,,"Tal file PacPal_Sold_homes_2021-present, pulled 8 Sep 2026",652
2022-08-12,500 Alma Real Dr,Pacific Palisades,CA,90272,Single Family Residential,12080000,8.0,11.0,10108.0,12763.0,2010.0,1195.0,24.0,Pacific Palisades,34.0373633,-118.5222036,TheMLS,22-181863,View Listing,,False,,"Tal file PacPal_Sold_homes_2021-present, pulled 8 Sep 2026",653
2022-08-09,1411 Palisades Dr,Pacific Palisades,CA,90272,Townhouse,1650000,3.0,3.0,1743.0,175848.0,1973.0,947.0,844.0,Pacific Palisades,34.0724345,-118.5640609,TheMLS,22-162741,View Listing,,False,,"Tal file PacPal_Sold_homes_2021-present, pulled 8 Sep 2026",654
2022-08-02,561 Mount Holyoke Ave,Pacific Palisades,CA,90272,Single Family Residential,6400000,4.0,3.0,2405.0,14251.0,1948.0,2661.0,,Pacific Palisades,34.0397971,-118.5300908,TheMLS,22-176293,View Listing,,False,,"Tal file PacPal_Sold_homes_2021-present, pulled 8 Sep 2026",655
2022-08-02,267 Amalfi Dr,Santa Monica,CA,90402,Single Family Residential,4995000,3.0,3.0,3037.0,6557.0,2007.0,1645.0,,Outside Palisades,34.0312973,-118.5144586,TheMLS,22-125719,View Listing,,False,,"Tal file PacPal_Sold_homes_2021-present, pulled 8 Sep 2026",656
2022-08-01,668 Hampden Pl,Pacific Palisades,CA,90272,Single Family Residential,4425000,4.0,4.0,3046.0,6288.0,1956.0,1453.0,,Pacific Palisades,34.0416809,-118.5268071,TheMLS,22-170911,View Listing,,False,,"Tal file PacPal_Sold_homes_2021-present, pulled 8 Sep 2026",657
2022-07-29,17246 Palisades Cir,Pacific Palisades,CA,90272,Townhouse,1620000,2.0,3.0,2002.0,221555.0,1983.0,809.0,692.0,Pacific Palisades,34.07543,-118.5644,TheMLS,22-159805,View Listing,,False,,"Tal file PacPal_Sold_homes_2021-present, pulled 8 Sep 2026",658
2022-07-29,400 Vance St,Pacific Palisades,CA,90272,Single Family Residential,4680000,4.0,3.0,2734.0,26631.0,1948.0,1712.0,,Pacific Palisades,34.032084,-118.5185919,TheMLS,22-125345,View Listing,,False,,"Tal file PacPal_Sold_homes_2021-present, pulled 8 Sep 2026",659
2022-07-26,505 Paseo Miramar,Pacific Palisades,CA,90272,Single Family Residential,3800000,3.0,2.0,2365.0,11248.0,1958.0,1607.0,,Pacific Palisades,34.0464281,-118.5563894,TheMLS,22-167171,View Listing,,False,,"Tal file PacPal_Sold_homes_2021-present, pulled 8 Sep 2026",660
2022-07-22,1457 Floresta Pl,Pacific Palisades,CA,90272,Single Family Residential,4600000,5.0,6.0,4125.0,41828.0,1987.0,1115.0,,Pacific Palisades,34.0623806,-118.5477654,TheMLS,22-165467,View Listing,,False,,"Tal file PacPal_Sold_homes_2021-present, pulled 8 Sep 2026",661
2022-07-22,1584 Palisades Dr,Pacific Palisades,CA,90272,Townhouse,1315000,2.0,3.0,1734.0,361270.0,1974.0,758.0,627.0,Pacific Palisades,34.0769236,-118.5642386,TheMLS,22-172807,View Listing,,False,,"Tal file PacPal_Sold_homes_2021-present, pulled 8 Sep 2026",662
2022-07-22,1105 Charm Acres Pl,Pacific Palisades,CA,90272,Single Family Residential,6636000,5.0,5.0,3970.0,5989.0,2020.0,1672.0,,Pacific Palisades,34.0490226,-118.5259663,TheMLS,22-170897,View Listing,,False,,"Tal file PacPal_Sold_homes_2021-present, pulled 8 Sep 2026",663
2022-07-21,591 Paseo Miramar,Pacific Palisades,CA,90272,Single Family Residential,3650000,3.0,3.0,2847.0,20806.0,1975.0,1282.0,,Pacific Palisades,34.0471169,-118.5578632,TheMLS,22-148285,View Listing,,False,,"Tal file PacPal_Sold_homes_2021-present, pulled 8 Sep 2026",664
2022-07-18,750 Palisades Dr,Pacific Palisades,CA,90272,Townhouse,2784000,4.0,3.0,2547.0,,1995.0,1093.0,638.0,Pacific Palisades,34.0526682,-118.5526906,TheMLS,22-164841,View Listing,,False,,"Tal file PacPal_Sold_homes_2021-present, pulled 8 Sep 2026",665
2022-07-18,16656 Linda Ter,Pacific Palisades,CA,90272,Single Family Residential,4205000,4.0,3.0,3244.0,7242.0,1953.0,1296.0,,Pacific Palisades,34.0487749,-118.5454013,TheMLS,22-167655,View Listing,,False,,"Tal file PacPal_Sold_homes_2021-present, pulled 8 Sep 2026",666
2022-07-14,42 Haldeman Rd,Santa Monica,CA,90402,Single Family Residential,9250000,4.0,5.0,4448.0,21513.0,1922.0,2080.0,,Outside Palisades,34.0398073,-118.5133666,TheMLS,22-168731,View Listing,,False,,"Tal file PacPal_Sold_homes_2021-present, pulled 8 Sep 2026",667
2022-07-12,233 Amalfi Dr,Santa Monica,CA,90402,Single Family Residential,4400000,4.0,4.0,2680.0,6223.0,1954.0,1642.0,,Outside Palisades,34.031812,-118.5133278,TheMLS,22-157477,View Listing,,False,,"Tal file PacPal_Sold_homes_2021-present, pulled 8 Sep 2026",668
2022-07-11,401 Surfview Dr,Pacific Palisades,CA,90272,Single Family Residential,4450000,4.0,3.0,2916.0,14203.0,1965.0,1526.0,8.0,Pacific Palisades,34.0474783,-118.5664156,TheMLS,22-162883,View Listing,,False,,"Tal file PacPal_Sold_homes_2021-present, pulled 8 Sep 2026",669
2022-07-08,17190 Avenida De Santa Ynez,Pacific Palisades,CA,90272,Single Family Residential,2800000,4.0,3.0,3387.0,8670.0,1974.0,827.0,349.0,Pacific Palisades,34.0704628,-118.5611906,TheMLS,22-152967,View Listing,,False,,"Tal file PacPal_Sold_homes_2021-present, pulled 8 Sep 2026",670
2022-07-07,1652 Palisades Dr,Pacific Palisades,CA,90272,Townhouse,1287000,2.0,2.0,1776.0,363061.0,1978.0,725.0,576.0,Pacific Palisades,34.0772758,-118.5633798,TheMLS,22-158093,View Listing,,False,,"Tal file PacPal_Sold_homes_2021-present, pulled 8 Sep 2026",671
2022-07-07,18008 Sandy Cape Dr,Pacific Palisades,CA,90272,Single Family Residential,4379000,5.0,4.0,3691.0,15325.0,1965.0,1186.0,,Pacific Palisades,34.0471911,-118.5676536,TheMLS,22-138384,View Listing,,False,,"Tal file PacPal_Sold_homes_2021-present, pulled 8 Sep 2026",672
2022-07-06,15313 Via De Las Olas,Pacific Palisades,CA,90272,Single Family Residential,10000000,4.0,4.0,4003.0,7174.0,1952.0,2498.0,,Pacific Palisades,34.0359591,-118.528594,TheMLS,22-162263,View Listing,,False,,"Tal file PacPal_Sold_homes_2021-present, pulled 8 Sep 2026",673
2022-07-06,1682 San Onofre Dr,Pacific Palisades,CA,90272,Single Family Residential,6550000,4.0,4.0,2915.0,15562.0,1949.0,2247.0,,Pacific Palisades,34.0624772,-118.5020778,TheMLS,21-103571,View Listing,,False,,"Tal file PacPal_Sold_homes_2021-present, pulled 8 Sep 2026",674
2022-07-06,16597 Calle Victoria,Pacific Palisades,CA,90272,Single Family Residential,7650000,7.0,8.0,7220.0,43178.0,2005.0,1060.0,400.0,Pacific Palisades,34.071172,-118.5494326,TheMLS,22-158679,View Listing,,False,,"Tal file PacPal_Sold_homes_2021-present, pulled 8 Sep 2026",675
2022-07-05,914 Bienveneda Ave,Pacific Palisades,CA,90272,Single Family Residential,3600818,5.0,3.0,2290.0,10047.0,1953.0,1572.0,,Pacific Palisades,34.0511434,-118.5388867,TheMLS,22-164325,View Listing,,False,,"Tal file PacPal_Sold_homes_2021-present, pulled 8 Sep 2026",676
2022-07-01,433 Puerto Del Mar,Pacific Palisades,CA,90272,Single Family Residential,5050000,4.0,4.0,3516.0,8252.0,1957.0,1436.0,,Pacific Palisades,34.041206,-118.5396073,TheMLS,22-152663,View Listing,,False,,"Tal file PacPal_Sold_homes_2021-present, pulled 8 Sep 2026",677
2022-07-01,17328 Tramonto Dr #202,Pacific Palisades,CA,90272,Townhouse,2950000,3.0,4.0,2810.0,,2019.0,1050.0,1410.0,Pacific Palisades,34.0414518,-118.5552698,TheMLS,21-719642,View Listing,,False,,"Tal file PacPal_Sold_homes_2021-present, pulled 8 Sep 2026",678
2022-06-30,671 Latimer Rd,Santa Monica,CA,90402,Single Family Residential,17450000,6.0,7.0,5655.0,26428.0,2009.0,3086.0,,Outside Palisades,34.0409765,-118.5144886,TheMLS,22-122475,View Listing,,False,,"Tal file PacPal_Sold_homes_2021-present, pulled 8 Sep 2026",679
2022-06-30,283 Amalfi Dr,Santa Monica,CA,90402,Single Family Residential,4332000,4.0,2.0,2686.0,5712.0,1935.0,1613.0,,Outside Palisades,34.0315566,-118.5148747,TheMLS,22-161169,View Listing,,False,,"Tal file PacPal_Sold_homes_2021-present, pulled 8 Sep 2026",680
2022-06-29,1531 Michael Ln,Pacific Palisades,CA,90272,Townhouse,1685000,3.0,3.0,1857.0,333295.0,1977.0,907.0,775.0,Pacific Palisades,34.0776551,-118.5656345,TheMLS,22-157131,View Listing,,False,,"Tal file PacPal_Sold_homes_2021-present, pulled 8 Sep 2026",681
2022-06-28,1680 Michael Ln,Pacific Palisades,CA,90272,Townhouse,1850000,4.0,4.0,2597.0,400173.0,1979.0,712.0,595.0,Pacific Palisades,34.0798133,-118.5636701,TheMLS,22-162759,View Listing,,False,,"Tal file PacPal_Sold_homes_2021-present, pulled 8 Sep 2026",682
2022-06-22,17719 Posetano Rd,,CA,90272,Single Family Residential,4002000,3.0,3.0,2622.0,3892.0,2013.0,1526.0,,Unknown,34.041909,-118.561144,TheMLS,22-145803,View Listing,,False,,"Tal file PacPal_Sold_homes_2021-present, pulled 8 Sep 2026",683
2022-06-22,1160 Ravoli Dr,Pacific Palisades,CA,90272,Single Family Residential,6000000,4.0,4.0,3110.0,21228.0,2015.0,1929.0,,Pacific Palisades,34.0509838,-118.5076369,TheMLS,22-152223,View Listing,,False,,"Tal file PacPal_Sold_homes_2021-present, pulled 8 Sep 2026",684
2022-06-21,935 Galloway St,Pacific Palisades,CA,90272,Single Family Residential,5795000,5.0,6.0,3300.0,5197.0,2018.0,1756.0,,Pacific Palisades,34.0465223,-118.5212869,TheMLS,22-152657,View Listing,,False,,"Tal file PacPal_Sold_homes_2021-present, pulled 8 Sep 2026",685
2022-06-17,643 Radcliffe Ave,Pacific Palisades,CA,90272,Single Family Residential,4650000,4.0,4.0,3677.0,11789.0,2004.0,1265.0,,Pacific Palisades,34.0422285,-118.531132,TheMLS,22-141053,View Listing,,False,,"Tal file PacPal_Sold_homes_2021-present, pulled 8 Sep 2026",686
2022-06-16,16749 Marquez Ter,Pacific Palisades,CA,90272,Single Family Residential,6618195,6.0,6.0,5434.0,7245.0,2013.0,1218.0,,Pacific Palisades,34.0474578,-118.5462291,TheMLS,22-156111,View Listing,,False,,"Tal file PacPal_Sold_homes_2021-present, pulled 8 Sep 2026",687
2022-06-16,1026 Iliff St,Pacific Palisades,CA,90272,Single Family Residential,6000000,5.0,5.0,4084.0,6500.0,2011.0,1469.0,,Pacific Palisades,34.0485419,-118.5190409,TheMLS,22-156787,View Listing,,False,,"Tal file PacPal_Sold_homes_2021-present, pulled 8 Sep 2026",688
2022-06-09,1088 Villa Grove Dr,Pacific Palisades,CA,90272,Single Family Residential,4599000,4.0,4.0,4367.0,10587.0,1953.0,1053.0,,Pacific Palisades,34.0504449,-118.5132837,TheMLS,22-148419,View Listing,,False,,"Tal file PacPal_Sold_homes_2021-present, pulled 8 Sep 2026",689
2022-06-08,14203 W Evans Road Blvd,Pacific Palisades,CA,90272,Single Family Residential,8000000,5.0,6.0,4177.0,72463.0,1981.0,1915.0,,Pacific Palisades,34.05117,-118.50998,TheMLS,22-133109,View Listing,,False,,"Tal file PacPal_Sold_homes_2021-present, pulled 8 Sep 2026",690
2022-06-06,16948 Livorno Dr,Pacific Palisades,CA,90272,Single Family Residential,4340000,4.0,4.0,3198.0,6606.0,1950.0,1357.0,,Pacific Palisades,34.0428397,-118.5481817,TheMLS,22-149923,View Listing,,False,,"Tal file PacPal_Sold_homes_2021-present, pulled 8 Sep 2026",691
2022-06-03,780 Brooktree Rd,Pacific Palisades,CA,90272,Single Family Residential,7230000,4.0,4.0,2648.0,11626.0,1953.0,2730.0,,Pacific Palisades,34.0430571,-118.513795,TheMLS,22-144419,View Listing,,False,,"Tal file PacPal_Sold_homes_2021-present, pulled 8 Sep 2026",692
2022-06-03,16054 Temecula St,Pacific Palisades,CA,90272,Single Family Residential,5200000,3.0,2.0,3129.0,5750.0,2020.0,1662.0,,Pacific Palisades,34.0460013,-118.5368536,TheMLS,22-188787,View Listing,,False,,"Tal file PacPal_Sold_homes_2021-present, pulled 8 Sep 2026",693
2022-06-02,1405 El Bosque Ct,Pacific Palisades,CA,90272,Single Family Residential,3075000,4.0,4.0,3504.0,15640.0,1987.0,878.0,425.0,Pacific Palisades,34.0745071,-118.556752,TheMLS,22-143709,View Listing,,False,,"Tal file PacPal_Sold_homes_2021-present, pulled 8 Sep 2026",694
2022-06-01,645 San Lorenzo St,Santa Monica,CA,90402,Single Family Residential,7770000,6.0,5.0,5236.0,11391.0,2004.0,1484.0,,Outside Palisades,34.0360571,-118.5096833,TheMLS,22-127631,View Listing,,False,,"Tal file PacPal_Sold_homes_2021-present, pulled 8 Sep 2026",695
2022-06-01,725 Via De La Paz,Pacific Palisades,CA,90272,Single Family Residential,3950000,4.0,2.0,1966.0,8300.0,1949.0,2009.0,,Pacific Palisades,34.043475,-118.5284747,TheMLS,22-153255,View Listing,,False,,"Tal file PacPal_Sold_homes_2021-present, pulled 8 Sep 2026",696
2022-05-31,13316 W Sunset Blvd,Los Angeles,CA,90049,Single Family Residential,2270000,3.0,3.0,2071.0,9160.0,1960.0,1096.0,,Outside Palisades,34.0560512,-118.4961305,TheMLS,22-153089,View Listing,,False,,"Tal file PacPal_Sold_homes_2021-present, pulled 8 Sep 2026",697
2022-05-27,17314 Tramonto Dr #801,Pacific Palisades,CA,90272,Townhouse,4370000,4.0,5.0,4091.0,,2020.0,1068.0,1464.0,Pacific Palisades,34.0407086,-118.554602,TheMLS,22-156937,View Listing,,False,,"Tal file PacPal_Sold_homes_2021-present, pulled 8 Sep 2026",698
2022-05-27,530 Muskingum Pl,Pacific Palisades,CA,90272,Single Family Residential,2630000,3.0,2.0,1178.0,5226.0,1949.0,2233.0,,Pacific Palisades,34.0427828,-118.5378104,TheMLS,22-155897,View Listing,,False,,"Tal file PacPal_Sold_homes_2021-present, pulled 8 Sep 2026",699
2022-05-24,1001 Amalfi Dr,Pacific Palisades,CA,90272,Single Family Residential,3325000,4.0,3.0,2307.0,10940.0,1955.0,1441.0,25.0,Pacific Palisades,34.0467368,-118.5096861,CRMLS,SR21249006,View Listing,,False,,"Tal file PacPal_Sold_homes_2021-present, pulled 8 Sep 2026",700
2022-05-20,1344 San Remo Dr,Pacific Palisades,CA,90272,Single Family Residential,6640000,6.0,6.0,6269.0,8614.0,2002.0,1059.0,,Pacific Palisades,34.0546541,-118.499395,TheMLS,22-144827,View Listing,,False,,"Tal file PacPal_Sold_homes_2021-present, pulled 8 Sep 2026",701
2022-05-19,1579 Michael Ln,Pacific Palisades,CA,90272,Townhouse,1925000,3.0,3.0,1857.0,333295.0,1977.0,1037.0,775.0,Pacific Palisades,34.07813,-118.5654123,TheMLS,22-147775,View Listing,,False,,"Tal file PacPal_Sold_homes_2021-present, pulled 8 Sep 2026",702
2022-05-19,1444 Lachman Ln,Pacific Palisades,CA,90272,Single Family Residential,5817500,4.0,3.0,3472.0,22067.0,1973.0,1676.0,,Pacific Palisades,34.0615925,-118.5493845,TheMLS,22-142933,View Listing,,False,,"Tal file PacPal_Sold_homes_2021-present, pulled 8 Sep 2026",703
2022-05-18,1049 Glenhaven Dr,Pacific Palisades,CA,90272,Single Family Residential,4500000,3.0,3.0,3100.0,12582.0,1960.0,1452.0,,Pacific Palisades,34.053774,-118.5472508,TheMLS,22-143325,View Listing,,False,,"Tal file PacPal_Sold_homes_2021-present, pulled 8 Sep 2026",704
2022-05-18,761 Radcliffe Ave,Pacific Palisades,CA,90272,Single Family Residential,2400000,2.0,2.0,1155.0,7509.0,1954.0,2078.0,,Pacific Palisades,34.0446762,-118.5304821,TheMLS,22-136672,View Listing,,False,,"Tal file PacPal_Sold_homes_2021-present, pulled 8 Sep 2026",705
2022-05-18,267 Toyopa Dr,Pacific Palisades,CA,90272,Single Family Residential,8400000,11.0,14.0,14000.0,14825.0,2025.0,600.0,,Pacific Palisades,34.032194,-118.5201967,TheMLS,22-144067,View Listing,,False,,"Tal file PacPal_Sold_homes_2021-present, pulled 8 Sep 2026",706
2022-05-17,536 Bienveneda Ave,Pacific Palisades,CA,90272,Single Family Residential,2700000,2.0,1.0,1145.0,5974.0,1948.0,2358.0,,Pacific Palisades,34.0451445,-118.5402603,CRMLS,SB22042613,View Listing,,False,,"Tal file PacPal_Sold_homes_2021-present, pulled 8 Sep 2026",707
2022-05-17,17144 Palisades Cir,Pacific Palisades,CA,90272,Townhouse,1440000,2.0,2.5,1734.0,127605.0,1976.0,830.0,653.0,Pacific Palisades,34.0754499,-118.56284,CRMLS,SR22043410,View Listing,,False,,"Tal file PacPal_Sold_homes_2021-present, pulled 8 Sep 2026",708
2022-05-16,341 W Channel Rd,Santa Monica,CA,90402,Single Family Residential,10500000,4.0,5.0,4706.0,6501.0,1926.0,2231.0,,Outside Palisades,34.0308599,-118.5144278,TheMLS,22-145465,View Listing,,False,,"Tal file PacPal_Sold_homes_2021-present, pulled 8 Sep 2026",709
2022-05-12,1601 San Remo Dr,Pacific Palisades,CA,90272,Single Family Residential,14799817,5.0,5.0,8981.0,26843.0,1950.0,1648.0,,Pacific Palisades,34.0604211,-118.5002334,TheMLS,22-121851,View Listing,,False,,"Tal file PacPal_Sold_homes_2021-present, pulled 8 Sep 2026",710
2022-05-10,373 Mesa Rd,Santa Monica,CA,90402,Single Family Residential,3855000,4.0,4.0,3380.0,4320.0,1929.0,1141.0,,Outside Palisades,34.0322596,-118.515951,TheMLS,22-134631,View Listing,,False,,"Tal file PacPal_Sold_homes_2021-present, pulled 8 Sep 2026",711
2022-05-09,636 Lachman Ln,Pacific Palisades,CA,90272,Single Family Residential,3000000,3.0,2.0,1716.0,7920.0,1954.0,1748.0,,Pacific Palisades,34.0479734,-118.5463569,TheMLS,22-130423,View Listing,,False,,"Tal file PacPal_Sold_homes_2021-present, pulled 8 Sep 2026",712
2022-05-09,724 Palisades Dr,Pacific Palisades,CA,90272,Townhouse,2087605,3.0,4.0,2675.0,,1995.0,780.0,638.0,Pacific Palisades,34.052006,-118.552339,TheMLS,22-152827,View Listing,,False,,"Tal file PacPal_Sold_homes_2021-present, pulled 8 Sep 2026",713
2022-05-05,949 Las Lomas Ave,Pacific Palisades,CA,90272,Single Family Residential,7125000,5.0,7.0,5392.0,88822.0,1938.0,1321.0,,Pacific Palisades,34.051649,-118.5361078,TheMLS,21-101809,View Listing,,False,,"Tal file PacPal_Sold_homes_2021-present, pulled 8 Sep 2026",714
2022-05-03,1573 Michael Ln,Pacific Palisades,CA,90272,Townhouse,1810000,2.0,2.5,1852.0,333295.0,1977.0,977.0,775.0,Pacific Palisades,34.0780965,-118.5653809,CRMLS,SR22064919,View Listing,,False,,"Tal file PacPal_Sold_homes_2021-present, pulled 8 Sep 2026",715
2022-05-03,933 Amalfi Dr,Pacific Palisades,CA,90272,Single Family Residential,6400000,4.0,5.0,4500.0,22590.0,1948.0,1422.0,25.0,Pacific Palisades,34.0462251,-118.5101103,TheMLS,22-137237,View Listing,,False,,"Tal file PacPal_Sold_homes_2021-present, pulled 8 Sep 2026",716
2022-04-29,15000 Corona Del Mar,Pacific Palisades,CA,90272,Single Family Residential,25500000,6.0,7.0,6673.0,33793.0,1999.0,3821.0,,Pacific Palisades,34.0313448,-118.5229847,TheMLS,22-136713,View Listing,,False,,"Tal file PacPal_Sold_homes_2021-present, pulled 8 Sep 2026",717
2022-04-29,659 Erskine Dr,Pacific Palisades,CA,90272,Single Family Residential,3007000,3.0,3.0,2249.0,10996.0,1955.0,1337.0,,Pacific Palisades,34.0443174,-118.5328986,TheMLS,22-136235,View Listing,,False,,"Tal file PacPal_Sold_homes_2021-present, pulled 8 Sep 2026",718
2022-04-27,377 N Las Casas Ave,Pacific Palisades,CA,90272,Single Family Residential,2150000,2.0,1.0,912.0,5893.0,1947.0,2357.0,,Pacific Palisades,34.0432129,-118.5436416,SDMLS,22-143715,View Listing,,False,,"Tal file PacPal_Sold_homes_2021-present, pulled 8 Sep 2026",719
2022-04-26,741 Radcliffe Ave,Pacific Palisades,CA,90272,Single Family Residential,2600000,3.0,3.0,1724.0,6140.0,1965.0,1508.0,,Pacific Palisades,34.0441448,-118.5305727,TheMLS,22-121701,View Listing,,False,,"Tal file PacPal_Sold_homes_2021-present, pulled 8 Sep 2026",720
2022-04-26,17484 Tramonto Dr,Pacific Palisades,CA,90272,Single Family Residential,3900000,6.0,5.0,4310.0,6723.0,2002.0,905.0,,Pacific Palisades,34.041839,-118.5576838,TheMLS,22-131717,View Listing,,False,,"Tal file PacPal_Sold_homes_2021-present, pulled 8 Sep 2026",721
2022-04-25,1374 Beckwith Ave,Los Angeles,CA,90049,Single Family Residential,3789750,4.0,3.0,2298.0,9365.0,1953.0,1649.0,,Outside Palisades,34.0530325,-118.4949181,CRMLS,SB22065050,View Listing,,False,,"Tal file PacPal_Sold_homes_2021-present, pulled 8 Sep 2026",722
2022-04-22,950 Fiske St,Pacific Palisades,CA,90272,Single Family Residential,5700000,5.0,4.0,3501.0,5198.0,2019.0,1628.0,,Pacific Palisades,34.0469707,-118.52174,TheMLS,22-146193,View Listing,,False,,"Tal file PacPal_Sold_homes_2021-present, pulled 8 Sep 2026",723
2022-04-20,16829 Bollinger Dr,Pacific Palisades,CA,90272,Single Family Residential,3125000,3.0,3.0,1578.0,6900.0,1951.0,1980.0,,Pacific Palisades,34.044901,-118.5463556,TheMLS,22-140625,View Listing,,False,,"Tal file PacPal_Sold_homes_2021-present, pulled 8 Sep 2026",724
2022-04-19,17328 Tramonto Dr #206,Pacific Palisades,CA,90272,Townhouse,3425000,3.0,4.0,2810.0,,2020.0,1219.0,1464.0,Pacific Palisades,34.0404582,-118.5555813,TheMLS,21-756964,View Listing,,False,,"Tal file PacPal_Sold_homes_2021-present, pulled 8 Sep 2026",725
2022-04-19,16049 Temecula St,Pacific Palisades,CA,90272,Single Family Residential,2650000,3.0,2.0,1536.0,5748.0,1948.0,1725.0,,Pacific Palisades,34.0462269,-118.5364327,TheMLS,22-127991,View Listing,,False,,"Tal file PacPal_Sold_homes_2021-present, pulled 8 Sep 2026",726
2022-04-19,17316 Tramonto Dr #703,Pacific Palisades,CA,90272,Townhouse,3770000,5.0,6.0,4443.0,,2020.0,849.0,1464.0,Pacific Palisades,34.0420683,-118.5554232,TheMLS,21-756732,View Listing,,False,,"Tal file PacPal_Sold_homes_2021-present, pulled 8 Sep 2026",727
2022-04-15,1332 Allenford Ave,Los Angeles,CA,90049,Single Family Residential,8600000,5.0,7.0,7450.0,12000.0,2021.0,1154.0,,Outside Palisades,34.0517117,-118.494412,TheMLS,21-795432,View Listing,,False,,"Tal file PacPal_Sold_homes_2021-present, pulled 8 Sep 2026",728
2022-04-14,14984 Corona Del Mar,Pacific Palisades,CA,90272,Single Family Residential,33946945,5.0,8.0,9380.0,31861.0,,3619.0,125.0,Pacific Palisades,34.0312056,-118.5226993,TheMLS,21-747314,View Listing,,False,,"Tal file PacPal_Sold_homes_2021-present, pulled 8 Sep 2026",729
2022-04-08,14100 Rustic Ln,Pacific Palisades,CA,90272,Single Family Residential,21520000,7.0,11.0,8162.0,103951.0,2008.0,2637.0,,Pacific Palisades,34.048539,-118.51027,TheMLS,21-756008,View Listing,,False,,"Tal file PacPal_Sold_homes_2021-present, pulled 8 Sep 2026",730
2022-04-08,17733 Porto Marina Way,Pacific Palisades,CA,90272,Single Family Residential,5000000,4.0,3.0,3856.0,3757.0,1930.0,1297.0,,Pacific Palisades,34.0414865,-118.5625588,TheMLS,22-133097,View Listing,,False,,"Tal file PacPal_Sold_homes_2021-present, pulled 8 Sep 2026",731
2022-04-07,440 Swarthmore Ave,Pacific Palisades,CA,90272,Single Family Residential,7900000,5.0,5.0,4782.0,8342.0,2011.0,1652.0,,Pacific Palisades,34.0377841,-118.5280643,TheMLS,22-137075,View Listing,,False,,"Tal file PacPal_Sold_homes_2021-present, pulled 8 Sep 2026",732
2022-04-07,1210 Piedra Morada Dr,Pacific Palisades,CA,90272,Single Family Residential,4200000,6.0,5.0,5480.0,15112.0,1986.0,766.0,425.0,Pacific Palisades,34.0683137,-118.5514119,TheMLS,22-121147,View Listing,,False,,"Tal file PacPal_Sold_homes_2021-present, pulled 8 Sep 2026",733
2022-04-05,13565 D Este Dr,Pacific Palisades,CA,90272,Single Family Residential,8400000,6.0,8.0,5644.0,17047.0,1956.0,1488.0,37.0,Pacific Palisades,34.0579224,-118.5001758,TheMLS,22-130767,View Listing,,False,,"Tal file PacPal_Sold_homes_2021-present, pulled 8 Sep 2026",734
2022-04-05,955 Hartzell St,Pacific Palisades,CA,90272,Single Family Residential,6700000,7.0,8.0,4965.0,5204.0,2020.0,1349.0,,Pacific Palisades,34.0472702,-118.5204168,TheMLS,22-127966,View Listing,,False,,"Tal file PacPal_Sold_homes_2021-present, pulled 8 Sep 2026",735
2022-04-05,1351 Avenida De Cortez,Pacific Palisades,CA,90272,Single Family Residential,2885000,4.0,4.0,3168.0,8898.0,1973.0,911.0,369.0,Pacific Palisades,34.0716693,-118.5608779,TheMLS,22-131645,View Listing,,False,,"Tal file PacPal_Sold_homes_2021-present, pulled 8 Sep 2026",736
2022-04-01,1038 Embury St,Pacific Palisades,CA,90272,Single Family Residential,5850000,5.0,6.0,3328.0,5202.0,2014.0,1758.0,,Pacific Palisades,34.0482137,-118.5231466,TheMLS,22-131675,View Listing,,False,,"Tal file PacPal_Sold_homes_2021-present, pulled 8 Sep 2026",737
2022-04-01,17847 Porto Marina Way,Pacific Palisades,CA,90272,Single Family Residential,5600000,5.0,5.0,3883.0,3700.0,1980.0,1442.0,,Pacific Palisades,34.0421829,-118.5644527,TheMLS,22-127799,View Listing,,False,,"Tal file PacPal_Sold_homes_2021-present, pulled 8 Sep 2026",738
2022-03-31,605 Baylor St,Pacific Palisades,CA,90272,Single Family Residential,2975000,5.0,4.0,3183.0,4421.0,2021.0,935.0,,Pacific Palisades,34.0463244,-118.5434687,TheMLS,21-768924,View Listing,,False,,"Tal file PacPal_Sold_homes_2021-present, pulled 8 Sep 2026",739
2022-03-31,16762 Calle De Catalina,Pacific Palisades,CA,90272,Single Family Residential,2630000,4.0,4.0,3117.0,143964.0,1996.0,844.0,727.0,Pacific Palisades,34.0762784,-118.551926,TheMLS,22-129891,View Listing,,False,,"Tal file PacPal_Sold_homes_2021-present, pulled 8 Sep 2026",740
2022-03-31,545 N Marquette St,Pacific Palisades,CA,90272,Single Family Residential,4100000,4.0,4.0,2815.0,6947.0,1950.0,1456.0,,Pacific Palisades,34.0448656,-118.5425157,TheMLS,22-123005,View Listing,,False,,"Tal file PacPal_Sold_homes_2021-present, pulled 8 Sep 2026",741
2022-03-29,1744 Palisades Dr,Pacific Palisades,CA,90272,Townhouse,1323000,2.0,2.0,1776.0,363061.0,1978.0,745.0,575.0,Pacific Palisades,34.0772296,-118.5622651,CRMLS,SR22029341,View Listing,,False,,"Tal file PacPal_Sold_homes_2021-present, pulled 8 Sep 2026",742
2022-03-29,15030 Altata Dr,Pacific Palisades,CA,90272,Single Family Residential,8100000,4.0,4.0,2986.0,13257.0,1952.0,2713.0,38.0,Pacific Palisades,34.0324594,-118.5228127,TheMLS,21-796986,View Listing,,False,,"Tal file PacPal_Sold_homes_2021-present, pulled 8 Sep 2026",743
2022-03-25,473 Wynola St,Pacific Palisades,CA,90272,Single Family Residential,4300000,4.0,5.0,3653.0,6982.0,2006.0,1177.0,,Pacific Palisades,34.0421779,-118.5369076,TheMLS,21-798142,View Listing,,False,,"Tal file PacPal_Sold_homes_2021-present, pulled 8 Sep 2026",744
2022-03-23,14800 Pampas Ricas Blvd,Pacific Palisades,CA,90272,Single Family Residential,6800000,4.0,4.0,3393.0,24630.0,1928.0,2004.0,41.0,Pacific Palisades,34.0408022,-118.5185137,TheMLS,21-795852,View Listing,,False,,"Tal file PacPal_Sold_homes_2021-present, pulled 8 Sep 2026",745
2022-03-23,16375 Shadow Mountain Dr,Pacific Palisades,CA,90272,Single Family Residential,13500000,5.0,8.0,9225.0,222396.0,1997.0,1463.0,1000.0,Pacific Palisades,34.0606187,-118.5402639,TheMLS,21-716572,View Listing,,False,,"Tal file PacPal_Sold_homes_2021-present, pulled 8 Sep 2026",746
2022-03-22,1374 Monument St,Pacific Palisades,CA,90272,Single Family Residential,3200000,2.0,2.0,1853.0,11716.0,1950.0,1727.0,,Pacific Palisades,34.0539378,-118.5255739,TheMLS,22-125486,View Listing,,False,,"Tal file PacPal_Sold_homes_2021-present, pulled 8 Sep 2026",747
2022-03-22,1461 Amalfi Dr,Pacific Palisades,CA,90272,Single Family Residential,10450000,5.0,7.0,7039.0,28238.0,1933.0,1485.0,25.0,Pacific Palisades,34.0567278,-118.503924,TheMLS,22-125453,View Listing,,False,,"Tal file PacPal_Sold_homes_2021-present, pulled 8 Sep 2026",748
2022-03-22,1030 Monument St,Pacific Palisades,CA,90272,Single Family Residential,3250000,3.0,4.0,2700.0,6496.0,1926.0,1204.0,,Pacific Palisades,34.0479113,-118.5241059,TheMLS,22-119380,View Listing,,False,,"Tal file PacPal_Sold_homes_2021-present, pulled 8 Sep 2026",749
2022-03-18,17179 Palisades Cir,Pacific Palisades,CA,90272,Townhouse,1287500,2.0,2.0,1332.0,361270.0,1974.0,967.0,588.0,Pacific Palisades,34.07574,-118.56281,TheMLS,22-120595,View Listing,,False,,"Tal file PacPal_Sold_homes_2021-present, pulled 8 Sep 2026",750
2022-03-18,1845 Chastain Pkwy,Pacific Palisades,CA,90272,Single Family Residential,5400000,5.0,6.0,5837.0,19975.0,2004.0,925.0,370.0,Pacific Palisades,34.071284,-118.5482692,TheMLS,22-128381,View Listing,,False,,"Tal file PacPal_Sold_homes_2021-present, pulled 8 Sep 2026",751
2022-03-18,1330 Monument St,Pacific Palisades,CA,90272,Single Family Residential,7295000,5.0,6.0,5520.0,6554.0,2019.0,1322.0,,Pacific Palisades,34.0542438,-118.5239813,TheMLS,20-662902,View Listing,,False,,"Tal file PacPal_Sold_homes_2021-present, pulled 8 Sep 2026",752
2022-03-17,540 Erskine Dr,Pacific Palisades,CA,90272,Single Family Residential,2667000,3.0,2.0,1368.0,6245.0,1947.0,1950.0,,Pacific Palisades,34.0419424,-118.5335155,TheMLS,22-127281,View Listing,,False,,"Tal file PacPal_Sold_homes_2021-present, pulled 8 Sep 2026",753
2022-03-16,15919 Temecula St,Pacific Palisades,CA,90272,Single Family Residential,2810000,3.0,2.0,1736.0,7291.0,1946.0,1619.0,,Pacific Palisades,34.0446343,-118.5345488,TheMLS,21-114507,View Listing,,False,,"Tal file PacPal_Sold_homes_2021-present, pulled 8 Sep 2026",754
2022-03-16,1027 Galloway St,Pacific Palisades,CA,90272,Single Family Residential,2747275,2.0,1.0,1018.0,5199.0,1925.0,2699.0,,Pacific Palisades,34.0480355,-118.5215493,TheMLS,22-131613,View Listing,,False,,"Tal file PacPal_Sold_homes_2021-present, pulled 8 Sep 2026",755
2022-03-16,1301 Palisades Dr,Pacific Palisades,CA,90272,Townhouse,1187890,2.0,2.0,1575.0,136722.0,1973.0,754.0,780.0,Pacific Palisades,34.070114,-118.562184,TheMLS,22-121167,View Listing,,False,,"Tal file PacPal_Sold_homes_2021-present, pulled 8 Sep 2026",756
2022-03-15,16771 Monte Hermoso Dr,Pacific Palisades,CA,90272,Single Family Residential,2995000,4.0,4.0,3620.0,21586.0,1987.0,827.0,425.0,Pacific Palisades,34.0689544,-118.5530554,TheMLS,22-123431,View Listing,,False,,"Tal file PacPal_Sold_homes_2021-present, pulled 8 Sep 2026",757
2022-03-15,841 Toulon Dr,Pacific Palisades,CA,90272,Single Family Residential,16088000,6.0,9.0,9700.0,13279.0,2017.0,1659.0,25.0,Pacific Palisades,34.0445331,-118.5088697,TheMLS,21-792574,View Listing,,False,,"Tal file PacPal_Sold_homes_2021-present, pulled 8 Sep 2026",758
2022-03-14,17560 Castellammare Dr,Pacific Palisades,CA,90272,Single Family Residential,3600000,3.0,4.0,2329.0,7294.0,1956.0,1546.0,,Pacific Palisades,34.040197,-118.560036,TheMLS,22-128497,View Listing,,False,,"Tal file PacPal_Sold_homes_2021-present, pulled 8 Sep 2026",759
2022-03-14,14715 Oracle Pl,Pacific Palisades,CA,90272,Single Family Residential,3045000,4.0,4.0,2278.0,14612.0,1957.0,1337.0,,Pacific Palisades,34.0557471,-118.5192158,TheMLS,22-115975,View Listing,,False,,"Tal file PacPal_Sold_homes_2021-present, pulled 8 Sep 2026",760
2022-03-11,17628 Camino De Yatasto,Pacific Palisades,CA,90272,Single Family Residential,4870000,5.0,7.0,6711.0,20778.0,1983.0,726.0,360.0,Pacific Palisades,34.0787236,-118.5728927,TheMLS,21-776806,View Listing,,False,,"Tal file PacPal_Sold_homes_2021-present, pulled 8 Sep 2026",761
2022-03-10,2028 Palisades Dr,Pacific Palisades,CA,90272,Townhouse,1785000,3.0,2.5,2871.0,207507.0,1988.0,622.0,772.0,Pacific Palisades,34.0738072,-118.5534466,CRMLS,OC21251773,View Listing,,False,,"Tal file PacPal_Sold_homes_2021-present, pulled 8 Sep 2026",762
2022-03-09,200 Surfview Dr,Pacific Palisades,CA,90272,Single Family Residential,3750000,4.0,3.0,3406.0,19139.0,1965.0,1101.0,,Pacific Palisades,34.043892,-118.5674439,TheMLS,22-117861,View Listing,,False,,"Tal file PacPal_Sold_homes_2021-present, pulled 8 Sep 2026",763
2022-03-04,1121 Embury St,Pacific Palisades,CA,90272,Single Family Residential,3318000,3.0,2.0,1302.0,6498.0,1948.0,2548.0,,Pacific Palisades,34.0495339,-118.5239965,TheMLS,22-118461,View Listing,,False,,"Tal file PacPal_Sold_homes_2021-present, pulled 8 Sep 2026",764
2022-03-04,16453 Akron St,Pacific Palisades,CA,90272,Single Family Residential,2311000,3.0,3.5,1929.0,7415.0,1947.0,1198.0,,Pacific Palisades,34.0510536,-118.5409756,CRMLS,SR21237598,View Listing,,False,,"Tal file PacPal_Sold_homes_2021-present, pulled 8 Sep 2026",765
2022-03-03,266 Mabery Rd,Santa Monica,CA,90402,Single Family Residential,3252000,3.0,2.0,1642.0,7282.0,1928.0,1981.0,,Outside Palisades,34.0293123,-118.5141696,TheMLS,22-119571,View Listing,,False,,"Tal file PacPal_Sold_homes_2021-present, pulled 8 Sep 2026",766
2022-03-02,1373 Las Canoas Rd,Pacific Palisades,CA,90272,Single Family Residential,3459226,3.0,2.0,2179.0,25353.0,1959.0,1588.0,24.0,Pacific Palisades,34.0552659,-118.539084,TheMLS,21-772362,View Listing,,False,,"Tal file PacPal_Sold_homes_2021-present, pulled 8 Sep 2026",767
2022-03-02,17925 Tramonto Dr,Pacific Palisades,CA,90272,Single Family Residential,3905000,3.0,3.5,2166.0,5408.0,1927.0,1803.0,13.0,Pacific Palisades,34.0440877,-118.5649967,CSMAR,222000408,View Listing,,False,,"Tal file PacPal_Sold_homes_2021-present, pulled 8 Sep 2026",768
2022-03-01,17095 Palisades Cir,Pacific Palisades,CA,90272,Townhouse,1310000,2.0,3.0,1568.0,363061.0,1978.0,835.0,537.0,Pacific Palisades,34.075546,-118.5620008,TheMLS,22-117883,View Listing,,False,,"Tal file PacPal_Sold_homes_2021-present, pulled 8 Sep 2026",769
2022-03-01,706 San Lorenzo St,Santa Monica,CA,90402,Single Family Residential,7050000,4.0,5.0,4361.0,7230.0,2009.0,1617.0,,Outside Palisades,34.0381376,-118.5094727,TheMLS,22-123183,View Listing,,False,,"Tal file PacPal_Sold_homes_2021-present, pulled 8 Sep 2026",770
2022-02-28,439 Paseo Miramar,Pacific Palisades,CA,90272,Single Family Residential,10250000,6.0,7.0,6722.0,15642.0,1928.0,1525.0,,Pacific Palisades,34.0452901,-118.5557591,TheMLS,21-100215,View Listing,,False,,"Tal file PacPal_Sold_homes_2021-present, pulled 8 Sep 2026",771
2022-02-28,13765 W Sunset Blvd,Pacific Palisades,CA,90272,Single Family Residential,4830000,4.0,5.0,2582.0,17992.0,1951.0,1871.0,25.0,Pacific Palisades,34.0495387,-118.506525,TheMLS,21-795424,View Listing,,False,,"Tal file PacPal_Sold_homes_2021-present, pulled 8 Sep 2026",772
2022-02-25,16764 Bollinger Dr,Pacific Palisades,CA,90272,Single Family Residential,4500000,4.0,5.0,3665.0,5551.0,2022.0,1228.0,,Pacific Palisades,34.0455213,-118.5446533,TheMLS,21-797048,View Listing,,False,,"Tal file PacPal_Sold_homes_2021-present, pulled 8 Sep 2026",773
2022-02-24,314 Amalfi Dr,Santa Monica,CA,90402,Single Family Residential,3035632,3.0,2.0,,6001.0,1951.0,,,Outside Palisades,34.0323076,-118.514169,TheMLS,22-117787,View Listing,,False,,"Tal file PacPal_Sold_homes_2021-present, pulled 8 Sep 2026",774
2022-02-24,619 Haverford Ave,Pacific Palisades,CA,90272,Single Family Residential,4350000,5.0,5.0,3815.0,5902.0,2007.0,1140.0,,Pacific Palisades,34.0415875,-118.5300982,TheMLS,21-753406,View Listing,,False,,"Tal file PacPal_Sold_homes_2021-present, pulled 8 Sep 2026",775
2022-02-24,916 Chautauqua Blvd,Pacific Palisades,CA,90272,Single Family Residential,5800000,5.0,3.0,3394.0,14978.0,1950.0,1709.0,,Pacific Palisades,34.0469091,-118.5157429,TheMLS,21-101885,View Listing,,False,,"Tal file PacPal_Sold_homes_2021-present, pulled 8 Sep 2026",776
2022-02-14,15312 Whitfield Ave,Pacific Palisades,CA,90272,Single Family Residential,8275000,5.0,7.0,7000.0,7823.0,2021.0,1182.0,,Pacific Palisades,34.0518374,-118.5261089,TheMLS,21-726556,View Listing,,False,,"Tal file PacPal_Sold_homes_2021-present, pulled 8 Sep 2026",777
2022-02-09,16766 Bollinger Dr,Pacific Palisades,CA,90272,Single Family Residential,4600000,5.0,6.0,3828.0,5051.0,2022.0,1202.0,,Pacific Palisades,34.045419,-118.5447222,TheMLS,21-797066,View Listing,,False,,"Tal file PacPal_Sold_homes_2021-present, pulled 8 Sep 2026",778
2022-02-09,830 Haverford Ave #12,Pacific Palisades,CA,90272,Townhouse,1845000,2.0,3.0,2320.0,17821.0,1982.0,795.0,600.0,Pacific Palisades,34.0457008,-118.5284134,TheMLS,21-101031,View Listing,,False,,"Tal file PacPal_Sold_homes_2021-present, pulled 8 Sep 2026",779
2022-02-09,712 San Lorenzo St,Santa Monica,CA,90402,Single Family Residential,4400000,5.0,4.0,4700.0,6904.0,1949.0,936.0,,Outside Palisades,34.0382959,-118.5094585,TheMLS,22-118093,View Listing,,False,,"Tal file PacPal_Sold_homes_2021-present, pulled 8 Sep 2026",780
2022-02-03,870 Iliff St,Pacific Palisades,CA,90272,Single Family Residential,3150000,3.0,2.0,1502.0,6498.0,1947.0,2097.0,,Pacific Palisades,34.0456633,-118.5184229,CRMLS,SR22022480,View Listing,,False,,"Tal file PacPal_Sold_homes_2021-present, pulled 8 Sep 2026",781
2022-02-02,1107 Chautauqua Blvd,Pacific Palisades,CA,90272,Single Family Residential,4150000,5.0,5.0,3507.0,6279.0,2004.0,1183.0,,Pacific Palisades,34.0500696,-118.517883,TheMLS,21-702344,View Listing,,False,,"Tal file PacPal_Sold_homes_2021-present, pulled 8 Sep 2026",782
2022-01-31,16496 El Hito Pl,Pacific Palisades,CA,90272,Single Family Residential,3312026,4.0,3.0,2414.0,9393.0,1975.0,1372.0,,Pacific Palisades,34.0592935,-118.5421107,TheMLS,21-701878,View Listing,,False,,"Tal file PacPal_Sold_homes_2021-present, pulled 8 Sep 2026",783
2022-01-31,2032 Palisades Dr,Pacific Palisades,CA,90272,Townhouse,1850000,3.0,4.0,2588.0,207507.0,1988.0,715.0,772.0,Pacific Palisades,34.0736785,-118.553636,TheMLS,21-107291,View Listing,,False,,"Tal file PacPal_Sold_homes_2021-present, pulled 8 Sep 2026",784
2022-01-27,229 Amalfi Dr,Santa Monica,CA,90402,Single Family Residential,3160000,2.0,2.0,,5530.0,1953.0,,,Outside Palisades,34.0320221,-118.5131442,TheMLS,21-793556,View Listing,,False,,"Tal file PacPal_Sold_homes_2021-present, pulled 8 Sep 2026",785
2022-01-26,17822 Porto Marina Way,Pacific Palisades,CA,90272,Single Family Residential,3933405,3.0,3.0,2312.0,3859.0,1966.0,1701.0,,Pacific Palisades,34.041632,-118.563596,TheMLS,21-786834,View Listing,,False,,"Tal file PacPal_Sold_homes_2021-present, pulled 8 Sep 2026",786
2022-01-21,1608 Amalfi Dr,Pacific Palisades,CA,90272,Single Family Residential,18000000,6.0,10.0,8600.0,16867.0,,2093.0,33.0,Pacific Palisades,34.0603848,-118.5022299,TheMLS,22-121409,View Listing,,False,,"Tal file PacPal_Sold_homes_2021-present, pulled 8 Sep 2026",787
2022-01-20,16038 Miami Way,Pacific Palisades,CA,90272,Single Family Residential,2525000,4.0,3.0,2228.0,5745.0,1947.0,1133.0,,Pacific Palisades,34.0452761,-118.5373522,TheMLS,21-102321,View Listing,,False,,"Tal file PacPal_Sold_homes_2021-present, pulled 8 Sep 2026",788
2022-01-20,1452 Via Cresta,Pacific Palisades,CA,90272,Single Family Residential,9403573,6.0,8.0,9414.0,37411.0,1998.0,999.0,,Pacific Palisades,34.056608,-118.5372025,TheMLS,21-784716,View Listing,,False,,"Tal file PacPal_Sold_homes_2021-present, pulled 8 Sep 2026",789
2022-01-20,15426 Albright St,Pacific Palisades,CA,90272,Single Family Residential,3250000,3.0,2.0,2391.0,8556.0,1949.0,1359.0,,Pacific Palisades,34.0495296,-118.5278207,CRMLS,SR21247285,View Listing,,False,,"Tal file PacPal_Sold_homes_2021-present, pulled 8 Sep 2026",790
2022-01-18,17766 Tramonto Dr,Pacific Palisades,CA,90272,Single Family Residential,3640000,3.0,2.0,1731.0,15083.0,1957.0,2103.0,13.0,Pacific Palisades,34.0426892,-118.5621619,TheMLS,21-105415,View Listing,,False,,"Tal file PacPal_Sold_homes_2021-present, pulled 8 Sep 2026",791
2022-01-18,223 Amalfi Dr,Santa Monica,CA,90402,Single Family Residential,2775000,2.0,2.0,,5288.0,1947.0,,,Outside Palisades,34.0321174,-118.5130124,TheMLS,21-103023,View Listing,,False,,"Tal file PacPal_Sold_homes_2021-present, pulled 8 Sep 2026",792
2022-01-18,592 Dryad Rd,Santa Monica,CA,90402,Single Family Residential,3100000,4.0,3.0,2006.0,6988.0,1956.0,1545.0,,Outside Palisades,34.0362839,-118.5102655,TheMLS,21-111071,View Listing,,False,,"Tal file PacPal_Sold_homes_2021-present, pulled 8 Sep 2026",793
2022-01-14,1928 Palisades Dr,Pacific Palisades,CA,90272,Townhouse,1850000,3.0,3.0,3300.0,241763.0,1985.0,561.0,865.0,Pacific Palisades,34.0737589,-118.5565436,TheMLS,21-105351,View Listing,,False,,"Tal file PacPal_Sold_homes_2021-present, pulled 8 Sep 2026",794
2022-01-14,16137 W Sunset Blvd #301,Pacific Palisades,CA,90272,Townhouse,1020000,2.0,2.0,1244.0,15567.0,1987.0,820.0,696.0,Pacific Palisades,34.0490281,-118.5369141,TheMLS,21-784360,View Listing,,False,,"Tal file PacPal_Sold_homes_2021-present, pulled 8 Sep 2026",795
2022-01-14,634 Kingman Ave,Santa Monica,CA,90402,Single Family Residential,7020000,4.0,5.0,3858.0,7219.0,1951.0,1820.0,,Outside Palisades,34.035258,-118.5084585,TheMLS,21-781886,View Listing,,False,,"Tal file PacPal_Sold_homes_2021-present, pulled 8 Sep 2026",796
2022-01-11,326 Amalfi Dr,Santa Monica,CA,90402,Single Family Residential,5367650,4.0,4.0,3138.0,6000.0,1930.0,1711.0,,Outside Palisades,34.0325125,-118.5137186,TheMLS,21-108679,View Listing,,False,,"Tal file PacPal_Sold_homes_2021-present, pulled 8 Sep 2026",797
2022-01-11,17054 Bollinger Dr,Pacific Palisades,CA,90272,Single Family Residential,2286488,2.0,2.0,1499.0,6004.0,1950.0,1525.0,,Pacific Palisades,34.0427929,-118.5501667,TheMLS,21-100377,View Listing,,False,,"Tal file PacPal_Sold_homes_2021-present, pulled 8 Sep 2026",798
2022-01-10,561 Paseo Miramar,Pacific Palisades,CA,90272,Single Family Residential,4450000,2.0,3.0,2127.0,18716.0,1964.0,2092.0,6.0,Pacific Palisades,34.0466094,-118.556874,TheMLS,21-776312,View Listing,,False,,"Tal file PacPal_Sold_homes_2021-present, pulled 8 Sep 2026",799
2022-01-06,631 N Marquette St,Pacific Palisades,CA,90272,Single Family Residential,5300000,4.0,5.0,2800.0,149411.0,1940.0,1893.0,,Pacific Palisades,34.0472797,-118.5405945,TheMLS,21-697520,View Listing,,False,,"Tal file PacPal_Sold_homes_2021-present, pulled 8 Sep 2026",800
2022-01-04,465 Puerto Del Mar,Pacific Palisades,CA,90272,Single Family Residential,2175000,4.0,3.0,1824.0,3560.0,1955.0,1192.0,,Pacific Palisades,34.041814,-118.5382726,CRMLS,DW21184215,View Listing,,False,,"Tal file PacPal_Sold_homes_2021-present, pulled 8 Sep 2026",801
2022-01-03,350 Beirut Ave,Pacific Palisades,CA,90272,Single Family Residential,3600000,3.0,4.0,2236.0,5000.0,1946.0,1610.0,,Pacific Palisades,34.0370662,-118.5304358,TheMLS,21-774166,View Listing,,False,,"Tal file PacPal_Sold_homes_2021-present, pulled 8 Sep 2026",802
2021-12-30,15301 Whitfield Ave,Pacific Palisades,CA,90272,Single Family Residential,7895000,5.0,6.0,6160.0,7127.0,2014.0,1282.0,,Pacific Palisades,34.0521573,-118.5256639,TheMLS,21-103777,View Listing,,False,,"Tal file PacPal_Sold_homes_2021-present, pulled 8 Sep 2026",803
2021-12-29,1203 Bienveneda Ave,Pacific Palisades,CA,90272,Single Family Residential,2350000,3.0,2.0,1820.0,16260.0,1972.0,1291.0,,Pacific Palisades,34.0566322,-118.541518,CRMLS,PV21209229,View Listing,,False,,"Tal file PacPal_Sold_homes_2021-present, pulled 8 Sep 2026",804
2021-12-29,16841 Livorno Dr,Pacific Palisades,CA,90272,Single Family Residential,4370000,6.0,5.0,5865.0,6901.0,2007.0,745.0,,Pacific Palisades,34.0441951,-118.5458959,CRMLS,OC21220108,View Listing,,False,,"Tal file PacPal_Sold_homes_2021-present, pulled 8 Sep 2026",805
2021-12-29,1267 Palisades Dr,Pacific Palisades,CA,90272,Townhouse,1115000,2.0,2.0,1575.0,,1973.0,708.0,768.0,Pacific Palisades,34.07005,-118.56167,TheMLS,21-779794,View Listing,,False,,"Tal file PacPal_Sold_homes_2021-present, pulled 8 Sep 2026",806
2021-12-29,700 Alma Real Dr,Pacific Palisades,CA,90272,Single Family Residential,7200000,6.0,8.0,7040.0,8538.0,2008.0,1023.0,24.0,Pacific Palisades,34.0406973,-118.5230071,TheMLS,21-768276,View Listing,,False,,"Tal file PacPal_Sold_homes_2021-present, pulled 8 Sep 2026",807
2021-12-29,16525 Las Casas Pl,Pacific Palisades,CA,90272,Single Family Residential,2550000,3.0,3.0,1850.0,6382.0,1949.0,1378.0,,Pacific Palisades,34.0501802,-118.5418581,TheMLS,21-106661,View Listing,,False,,"Tal file PacPal_Sold_homes_2021-present, pulled 8 Sep 2026",808
2021-12-29,954 Fiske St,Pacific Palisades,CA,90272,Single Family Residential,3470000,4.0,4.0,2710.0,5198.0,1991.0,1280.0,,Pacific Palisades,34.0469707,-118.52174,TheMLS,21-106023,View Listing,,False,,"Tal file PacPal_Sold_homes_2021-present, pulled 8 Sep 2026",809
2021-12-28,1128 Donaire Way,Pacific Palisades,CA,90272,Single Family Residential,3550000,4.0,4.0,3219.0,11805.0,1961.0,1103.0,,Pacific Palisades,34.056657,-118.5449292,TheMLS,21-102455,View Listing,,False,,"Tal file PacPal_Sold_homes_2021-present, pulled 8 Sep 2026",810
2021-12-28,1206 Amalfi Dr,Pacific Palisades,CA,90272,Single Family Residential,10510000,5.0,10.0,9767.0,18282.0,1991.0,1076.0,,Pacific Palisades,34.0515896,-118.5058031,TheMLS,21-786374,View Listing,,False,,"Tal file PacPal_Sold_homes_2021-present, pulled 8 Sep 2026",811
2021-12-27,8 Latimer Rd,Santa Monica,CA,90402,Single Family Residential,6750000,4.0,6.0,5183.0,21434.0,1922.0,1302.0,,Outside Palisades,34.0395929,-118.5136667,TheMLS,21-798954,View Listing,,False,,"Tal file PacPal_Sold_homes_2021-present, pulled 8 Sep 2026",812
2021-12-22,16648 Cumbre Verde Ct,Pacific Palisades,CA,90272,Single Family Residential,4500000,5.0,7.0,7173.0,15564.0,1989.0,627.0,425.0,Pacific Palisades,34.0715679,-118.5502172,TheMLS,21-100283,View Listing,,False,,"Tal file PacPal_Sold_homes_2021-present, pulled 8 Sep 2026",813
2021-12-22,13878 W Sunset Blvd,Pacific Palisades,CA,90272,Single Family Residential,3695000,3.0,3.0,2563.0,14806.0,1952.0,1442.0,25.0,Pacific Palisades,34.0466908,-118.507639,TheMLS,21-768410,View Listing,,False,,"Tal file PacPal_Sold_homes_2021-present, pulled 8 Sep 2026",814
2021-12-20,16710 Bollinger Dr,Pacific Palisades,CA,90272,Single Family Residential,2600000,3.0,2.0,1426.0,6670.0,1953.0,1823.0,,Pacific Palisades,34.0476209,-118.5445489,TheMLS,21-104811,View Listing,,False,,"Tal file PacPal_Sold_homes_2021-present, pulled 8 Sep 2026",815
2021-12-17,437 Swarthmore Ave,Pacific Palisades,CA,90272,Single Family Residential,2620480,2.0,2.0,1114.0,5449.0,1949.0,2352.0,,Pacific Palisades,34.0379078,-118.5285717,TheMLS,21-799564,View Listing,,False,,"Tal file PacPal_Sold_homes_2021-present, pulled 8 Sep 2026",816
2021-12-17,17237 Palisades Cir,Pacific Palisades,CA,90272,Townhouse,1302500,3.0,3.0,1963.0,361270.0,1974.0,664.0,717.0,Pacific Palisades,34.0758976,-118.5637546,TheMLS,21-101789,View Listing,,False,,"Tal file PacPal_Sold_homes_2021-present, pulled 8 Sep 2026",817
2021-12-15,519 Ocampo Dr,Pacific Palisades,CA,90272,Single Family Residential,6500000,4.0,5.0,4149.0,8082.0,1929.0,1567.0,,Pacific Palisades,34.037729,-118.5206629,TheMLS,21-792686,View Listing,,False,,"Tal file PacPal_Sold_homes_2021-present, pulled 8 Sep 2026",818
2021-12-15,1514 Palisades Dr,Pacific Palisades,CA,90272,Townhouse,990000,2.0,2.0,1332.0,361270.0,1974.0,743.0,489.0,Pacific Palisades,34.0765394,-118.5645211,TheMLS,21-778730,View Listing,,False,,"Tal file PacPal_Sold_homes_2021-present, pulled 8 Sep 2026",819
2021-12-15,16772 Edgar St,Pacific Palisades,CA,90272,Single Family Residential,2475000,3.0,2.0,1345.0,5736.0,1940.0,1840.0,,Pacific Palisades,34.0460397,-118.5453943,TheMLS,21-105679,View Listing,,False,,"Tal file PacPal_Sold_homes_2021-present, pulled 8 Sep 2026",820
2021-12-14,288 Bellino Dr,Pacific Palisades,CA,90272,Single Family Residential,5600000,5.0,5.0,4230.0,10342.0,1958.0,1324.0,13.0,Pacific Palisades,34.0445043,-118.5604198,TheMLS,21-774926,View Listing,,False,,"Tal file PacPal_Sold_homes_2021-present, pulled 8 Sep 2026",821
2021-12-14,581 Paseo Miramar,Pacific Palisades,CA,90272,Single Family Residential,4325000,3.0,2.0,2561.0,17377.0,1972.0,1689.0,8.0,Pacific Palisades,34.0469557,-118.5577522,TheMLS,21-791522,View Listing,,False,,"Tal file PacPal_Sold_homes_2021-present, pulled 8 Sep 2026",822
2021-12-13,15945 Miami Way,Pacific Palisades,CA,90272,Single Family Residential,4240000,4.0,4.0,2926.0,7441.0,1932.0,1449.0,,Pacific Palisades,34.0440908,-118.5354633,TheMLS,21-791392,View Listing,,False,,"Tal file PacPal_Sold_homes_2021-present, pulled 8 Sep 2026",823
2021-12-13,16606 Pequeno Pl,Pacific Palisades,CA,90272,Single Family Residential,2470000,5.0,4.0,2819.0,11690.0,1958.0,876.0,,Pacific Palisades,34.0543809,-118.5445026,TheMLS,21-795394,View Listing,,False,,"Tal file PacPal_Sold_homes_2021-present, pulled 8 Sep 2026",824
2021-12-13,1638 Casale Rd,Pacific Palisades,CA,90272,Single Family Residential,18999999,8.0,11.0,11096.0,15606.0,2021.0,1712.0,,Pacific Palisades,34.0615604,-118.5020204,TheMLS,21-783354,View Listing,,False,,"Tal file PacPal_Sold_homes_2021-present, pulled 8 Sep 2026",825
2021-12-13,243 Notteargenta Rd,Pacific Palisades,CA,90272,Single Family Residential,5320000,4.0,5.0,2979.0,6149.0,1961.0,1786.0,8.0,Pacific Palisades,34.0440215,-118.5616362,TheMLS,21-786330,View Listing,,False,,"Tal file PacPal_Sold_homes_2021-present, pulled 8 Sep 2026",826
2021-12-09,619 Ocampo Dr,Pacific Palisades,CA,90272,Single Family Residential,6670000,6.0,7.0,5500.0,8197.0,1941.0,1213.0,,Pacific Palisades,34.0392365,-118.5203877,TheMLS,21-784724,View Listing,,False,,"Tal file PacPal_Sold_homes_2021-present, pulled 8 Sep 2026",827
2021-12-09,1538 Michael Ln,Pacific Palisades,CA,90272,Townhouse,1311800,3.0,3.0,2081.0,400173.0,1979.0,630.0,575.0,Pacific Palisades,34.0775765,-118.5650861,TheMLS,21-104491,View Listing,,False,,"Tal file PacPal_Sold_homes_2021-present, pulled 8 Sep 2026",828
2021-12-08,16655 Calle Haleigh,Pacific Palisades,CA,90272,Single Family Residential,2900000,5.0,5.0,4583.0,7832.0,1999.0,633.0,625.0,Pacific Palisades,34.0741402,-118.5488674,TheMLS,21-749952,View Listing,,False,,"Tal file PacPal_Sold_homes_2021-present, pulled 8 Sep 2026",829
2021-12-06,821 Iliff St,Pacific Palisades,CA,90272,Single Family Residential,3865000,4.0,4.0,2399.0,6500.0,1941.0,1611.0,,Pacific Palisades,34.0442102,-118.518629,TheMLS,21-794432,View Listing,,False,,"Tal file PacPal_Sold_homes_2021-present, pulled 8 Sep 2026",830
2021-12-06,17452 Revello Dr,Pacific Palisades,CA,90272,Single Family Residential,3550000,3.0,4.0,2191.0,4671.0,1955.0,1620.0,,Pacific Palisades,34.0403765,-118.5563806,TheMLS,21-799816,View Listing,,False,,"Tal file PacPal_Sold_homes_2021-present, pulled 8 Sep 2026",831
2021-12-03,1554 W Chastain Pkwy,Pacific Palisades,CA,90272,Single Family Residential,3275000,5.0,6.0,5120.0,6193.0,1997.0,640.0,380.0,Pacific Palisades,34.0769659,-118.5510638,TheMLS,21-795694,View Listing,,False,,"Tal file PacPal_Sold_homes_2021-present, pulled 8 Sep 2026",832
2021-12-03,1186 Corsica Dr,Pacific Palisades,CA,90272,Single Family Residential,6488000,5.0,4.0,4497.0,14139.0,1953.0,1443.0,,Pacific Palisades,34.0500751,-118.5037757,TheMLS,21-786134,View Listing,,False,,"Tal file PacPal_Sold_homes_2021-present, pulled 8 Sep 2026",833
2021-12-03,1177 Piedra Morada Dr,Pacific Palisades,CA,90272,Single Family Residential,5100000,5.0,5.0,5977.0,18177.0,1987.0,853.0,425.0,Pacific Palisades,34.0670209,-118.5513578,TheMLS,21-794994,View Listing,,False,,"Tal file PacPal_Sold_homes_2021-present, pulled 8 Sep 2026",834
2021-12-03,1043 Hartzell St,Pacific Palisades,CA,90272,Single Family Residential,3825000,4.0,3.0,3017.0,5203.0,2008.0,1268.0,,Pacific Palisades,34.0487072,-118.5207033,TheMLS,21-798710,View Listing,,False,,"Tal file PacPal_Sold_homes_2021-present, pulled 8 Sep 2026",835
2021-12-03,538 Spoleto Dr,,CA,90272,Single Family Residential,17495000,6.0,8.0,10654.0,16310.0,2021.0,1642.0,25.0,Unknown,34.035342,-118.514223,TheMLS,21-782190,View Listing,,False,,"Tal file PacPal_Sold_homes_2021-present, pulled 8 Sep 2026",836
2021-12-02,357 Bellino Dr,Pacific Palisades,CA,90272,Single Family Residential,4150000,3.0,5.0,3853.0,7336.0,1949.0,1077.0,,Pacific Palisades,34.0450222,-118.5618265,TheMLS,21-111175,View Listing,,False,,"Tal file PacPal_Sold_homes_2021-present, pulled 8 Sep 2026",837
2021-12-02,566 Stassi Ln,Santa Monica,CA,90402,Single Family Residential,4193000,2.0,2.0,2111.0,12196.0,1948.0,1986.0,,Outside Palisades,34.033767,-118.5094282,TheMLS,21-781042,View Listing,,False,,"Tal file PacPal_Sold_homes_2021-present, pulled 8 Sep 2026",838
2021-12-01,15265 Bestor Blvd,Pacific Palisades,CA,90272,Single Family Residential,6200000,6.0,7.0,6118.0,7527.0,2014.0,1013.0,,Pacific Palisades,34.0513569,-118.5253764,TheMLS,21-772942,View Listing,,False,,"Tal file PacPal_Sold_homes_2021-present, pulled 8 Sep 2026",839
2021-12-01,1209 Tellem Dr,Pacific Palisades,CA,90272,Single Family Residential,4500000,4.0,4.0,3553.0,17776.0,1963.0,1267.0,,Pacific Palisades,34.057628,-118.5446969,TheMLS,21-734704,View Listing,,False,,"Tal file PacPal_Sold_homes_2021-present, pulled 8 Sep 2026",840
2021-12-01,325 Mount Holyoke Ave,Pacific Palisades,CA,90272,Single Family Residential,12100000,5.0,6.0,,8028.0,2021.0,,,Pacific Palisades,34.0366349,-118.532322,TheMLS,21-795020,View Listing,,False,,"Tal file PacPal_Sold_homes_2021-present, pulled 8 Sep 2026",841
2021-11-30,15205 De Pauw St,Pacific Palisades,CA,90272,Single Family Residential,8850000,6.0,8.0,8401.0,10226.0,2021.0,1053.0,,Pacific Palisades,34.0364309,-118.5248717,TheMLS,21-770668,View Listing,,False,,"Tal file PacPal_Sold_homes_2021-present, pulled 8 Sep 2026",842
2021-11-30,15900 Alcima Ave,Pacific Palisades,CA,90272,Single Family Residential,8557665,5.0,5.0,5925.0,19784.0,1998.0,1444.0,,Pacific Palisades,34.0508093,-118.5320321,TheMLS,21-795710,View Listing,,False,,"Tal file PacPal_Sold_homes_2021-present, pulled 8 Sep 2026",843
2021-11-29,344 Arno Way,Pacific Palisades,CA,90272,Single Family Residential,3800000,5.0,4.0,3645.0,9361.0,1965.0,1043.0,,Pacific Palisades,34.0418728,-118.5459171,TheMLS,21-789772,View Listing,,False,,"Tal file PacPal_Sold_homes_2021-present, pulled 8 Sep 2026",844
2021-11-29,16624 Calle Arbolada,Pacific Palisades,CA,90272,Single Family Residential,2696872,4.0,4.0,3361.0,10835.0,1991.0,802.0,380.0,Pacific Palisades,34.0725531,-118.5496768,TheMLS,21-794248,View Listing,,False,,"Tal file PacPal_Sold_homes_2021-present, pulled 8 Sep 2026",845
2021-11-24,906 Kagawa St,Pacific Palisades,CA,90272,Single Family Residential,6700542,5.0,6.0,6260.0,7501.0,2014.0,1070.0,,Pacific Palisades,34.0463593,-118.5175224,TheMLS,21-107421,View Listing,,False,,"Tal file PacPal_Sold_homes_2021-present, pulled 8 Sep 2026",846
2021-11-24,1655 Amalfi Dr,Pacific Palisades,CA,90272,Single Family Residential,9000000,5.0,7.0,5900.0,16974.0,1955.0,1525.0,33.0,Pacific Palisades,34.06148,-118.5011519,TheMLS,21-780302,View Listing,,False,,"Tal file PacPal_Sold_homes_2021-present, pulled 8 Sep 2026",847
2021-11-24,16676 Via Pacifica,Pacific Palisades,CA,90272,Single Family Residential,3365000,5.0,6.0,5768.0,9938.0,1995.0,583.0,836.0,Pacific Palisades,34.0750162,-118.5471993,TheMLS,21-784730,View Listing,,False,,"Tal file PacPal_Sold_homes_2021-present, pulled 8 Sep 2026",848
2021-11-23,17159 Palisades Cir,Pacific Palisades,CA,90272,Townhouse,1320000,2.0,2.5,1734.0,361270.0,1974.0,761.0,627.0,Pacific Palisades,34.0762221,-118.5624353,CRMLS,SB21223748,View Listing,,False,,"Tal file PacPal_Sold_homes_2021-present, pulled 8 Sep 2026",849
2021-11-23,659 Via De La Paz,Pacific Palisades,CA,90272,Single Family Residential,6050000,4.0,4.0,3895.0,13994.0,1996.0,1553.0,,Pacific Palisades,34.042156,-118.5287431,TheMLS,21-774950,View Listing,,False,,"Tal file PacPal_Sold_homes_2021-present, pulled 8 Sep 2026",850
2021-11-23,557 Catalonia Ave,Pacific Palisades,CA,90272,Single Family Residential,3350000,3.0,3.0,2421.0,37484.0,1975.0,1384.0,,Pacific Palisades,34.0473512,-118.5552859,TheMLS,21-689582,View Listing,,False,,"Tal file PacPal_Sold_homes_2021-present, pulled 8 Sep 2026",851
2021-11-23,556 Catalonia Ave,Pacific Palisades,CA,90272,Single Family Residential,3350000,3.0,4.0,3372.0,52770.0,1968.0,993.0,,Pacific Palisades,34.0470743,-118.5549052,TheMLS,21-689486,View Listing,,False,,"Tal file PacPal_Sold_homes_2021-present, pulled 8 Sep 2026",852
2021-11-22,1051 Galloway St,Pacific Palisades,CA,90272,Single Family Residential,3688500,4.0,4.0,2633.0,5199.0,1999.0,1401.0,,Pacific Palisades,34.0487574,-118.5217414,TheMLS,21-795860,View Listing,,False,,"Tal file PacPal_Sold_homes_2021-present, pulled 8 Sep 2026",853
2021-11-19,1816 Palisades Dr,Pacific Palisades,CA,90272,Townhouse,1770000,2.0,3.0,1955.0,284024.0,1978.0,905.0,790.0,Pacific Palisades,34.0755942,-118.5601057,TheMLS,21-784408,View Listing,,False,,"Tal file PacPal_Sold_homes_2021-present, pulled 8 Sep 2026",854
2021-11-19,1319 Marinette Rd,Pacific Palisades,CA,90272,Single Family Residential,7070000,5.0,7.0,5399.0,18038.0,2021.0,1310.0,,Pacific Palisades,34.0536621,-118.5191521,TheMLS,21-770804,View Listing,,False,,"Tal file PacPal_Sold_homes_2021-present, pulled 8 Sep 2026",855
2021-11-17,1332 El Hito Cir,Pacific Palisades,CA,90272,Single Family Residential,3900000,5.0,5.0,3212.0,9068.0,1976.0,1214.0,,Pacific Palisades,34.0599818,-118.5424098,TheMLS,21-105925,View Listing,,False,,"Tal file PacPal_Sold_homes_2021-present, pulled 8 Sep 2026",856
2021-11-16,560 Lucero Ave,Pacific Palisades,CA,90272,Single Family Residential,1025000,2.0,1.0,1036.0,13415.0,1950.0,989.0,,Pacific Palisades,34.0459903,-118.5547087,TheMLS,21-796878,View Listing,,False,,"Tal file PacPal_Sold_homes_2021-present, pulled 8 Sep 2026",857
2021-11-16,738 San Lorenzo St,Santa Monica,CA,90402,Single Family Residential,4750000,4.0,4.0,3300.0,6720.0,1927.0,1439.0,,Outside Palisades,34.0391062,-118.5092391,TheMLS,21-759602,View Listing,,False,,"Tal file PacPal_Sold_homes_2021-present, pulled 8 Sep 2026",858
2021-11-16,1343 Goucher St,Pacific Palisades,CA,90272,Single Family Residential,2573235,2.0,2.0,1534.0,6749.0,1948.0,1677.0,,Pacific Palisades,34.05346,-118.52273,TheMLS,21-779682,View Listing,,False,,"Tal file PacPal_Sold_homes_2021-present, pulled 8 Sep 2026",859
2021-11-15,1204 Tellem Dr,Pacific Palisades,CA,90272,Single Family Residential,4090000,4.0,4.0,3268.0,9232.0,1963.0,1252.0,,Pacific Palisades,34.0577138,-118.5441028,TheMLS,21-791288,View Listing,,False,,"Tal file PacPal_Sold_homes_2021-present, pulled 8 Sep 2026",860
2021-11-12,1360 Lachman Ln,Pacific Palisades,CA,90272,Single Family Residential,4850000,3.0,4.0,2283.0,17938.0,1968.0,2124.0,,Pacific Palisades,34.0594152,-118.5490524,TheMLS,21-787284,View Listing,,False,,"Tal file PacPal_Sold_homes_2021-present, pulled 8 Sep 2026",861
2021-11-12,1401 San Remo Dr,Pacific Palisades,CA,90272,Single Family Residential,18000000,7.0,10.0,13508.0,25713.0,2004.0,1333.0,,Pacific Palisades,34.0552328,-118.4996038,TheMLS,21-678372,View Listing,,False,,"Tal file PacPal_Sold_homes_2021-present, pulled 8 Sep 2026",862
2021-11-10,500 Salerno Dr,Pacific Palisades,CA,90272,Single Family Residential,3000000,4.0,3.0,3516.0,6851.0,1948.0,853.0,,Pacific Palisades,34.0439425,-118.54658,TheMLS,21-790434,View Listing,,False,,"Tal file PacPal_Sold_homes_2021-present, pulled 8 Sep 2026",863
2021-11-10,1266 Chautauqua Blvd,Pacific Palisades,CA,90272,Single Family Residential,5290000,4.0,6.0,4210.0,16028.0,,1257.0,,Pacific Palisades,34.0526423,-118.519491,TheMLS,21-737648,View Listing,,False,,"Tal file PacPal_Sold_homes_2021-present, pulled 8 Sep 2026",864
2021-11-10,519 Beirut Ave,Pacific Palisades,CA,90272,Single Family Residential,2254862,3.0,1.5,1334.0,3750.0,1947.0,1690.0,,Pacific Palisades,34.0389,-118.53046,CRMLS,BB21207636,View Listing,,False,,"Tal file PacPal_Sold_homes_2021-present, pulled 8 Sep 2026",865
2021-11-10,17165 Palisades Cir,Pacific Palisades,CA,90272,Townhouse,1300000,3.0,3.0,1830.0,361270.0,1974.0,710.0,659.0,Pacific Palisades,34.0760921,-118.5632416,TheMLS,21-779528,View Listing,,False,,"Tal file PacPal_Sold_homes_2021-present, pulled 8 Sep 2026",866
2021-11-08,16899 Avenida De Santa Ynez,Pacific Palisades,CA,90272,Single Family Residential,1841511,4.0,3.0,2681.0,6827.0,1973.0,687.0,398.0,Pacific Palisades,34.0741967,-118.5622755,TheMLS,21-753468,View Listing,,False,,"Tal file PacPal_Sold_homes_2021-present, pulled 8 Sep 2026",867
2021-11-05,16801 Via La Costa,Pacific Palisades,CA,90272,Single Family Residential,6350000,5.0,6.0,5871.0,49584.0,2004.0,1082.0,871.0,Pacific Palisades,34.0785613,-118.5474099,TheMLS,21-772802,View Listing,,False,,"Tal file PacPal_Sold_homes_2021-present, pulled 8 Sep 2026",868
2021-11-04,807 Radcliffe Ave,Pacific Palisades,CA,90272,Single Family Residential,7000000,6.0,7.0,6300.0,9804.0,2021.0,1111.0,,Pacific Palisades,34.0456523,-118.530299,CRMLS,SR21241135,View Listing,,False,,"Tal file PacPal_Sold_homes_2021-present, pulled 8 Sep 2026",869
2021-11-01,17219 Palisades Cir,Pacific Palisades,CA,90272,Townhouse,1375000,3.0,3.0,1770.0,361270.0,1974.0,777.0,652.0,Pacific Palisades,34.07575,-118.56396,TheMLS,21-784944,View Listing,,False,,"Tal file PacPal_Sold_homes_2021-present, pulled 8 Sep 2026",870
2021-11-01,1059 Galloway St,Pacific Palisades,CA,90272,Single Family Residential,4350000,4.0,5.0,3326.0,6165.0,1999.0,1308.0,,Pacific Palisades,34.0489782,-118.5218071,TheMLS,21-792540,View Listing,,False,,"Tal file PacPal_Sold_homes_2021-present, pulled 8 Sep 2026",871
2021-10-29,1350 Monument St,Pacific Palisades,CA,90272,Single Family Residential,4537000,5.0,5.0,3984.0,10685.0,2000.0,1139.0,,Pacific Palisades,34.0540664,-118.5250421,TheMLS,21-745112,View Listing,,False,,"Tal file PacPal_Sold_homes_2021-present, pulled 8 Sep 2026",872
2021-10-28,16550 Chattanooga Pl,Pacific Palisades,CA,90272,Single Family Residential,2015000,3.0,2.0,1728.0,10062.0,1949.0,1166.0,,Pacific Palisades,34.0491261,-118.542453,TheMLS,21-790684,View Listing,,False,,"Tal file PacPal_Sold_homes_2021-present, pulled 8 Sep 2026",873
2021-10-27,1369 El Hito Cir,Pacific Palisades,CA,90272,Single Family Residential,2983696,4.0,4.0,2414.0,8749.0,1976.0,1236.0,,Pacific Palisades,34.060475,-118.5433648,TheMLS,21-780492,View Listing,,False,,"Tal file PacPal_Sold_homes_2021-present, pulled 8 Sep 2026",874
2021-10-26,14833 W Sunset Blvd,Pacific Palisades,CA,90272,Single Family Residential,1935000,2.0,2.0,1320.0,6000.0,1951.0,1466.0,,Pacific Palisades,34.0427432,-118.5197682,TheMLS,21-764936,View Listing,,False,,"Tal file PacPal_Sold_homes_2021-present, pulled 8 Sep 2026",875
2021-10-25,685 San Lorenzo St,Santa Monica,CA,90402,Single Family Residential,4100000,5.0,5.0,4537.0,6000.0,2008.0,904.0,,Outside Palisades,34.0374406,-118.5099767,TheMLS,21-769530,View Listing,,False,,"Tal file PacPal_Sold_homes_2021-present, pulled 8 Sep 2026",876
2021-10-22,16808 Bollinger Dr,Pacific Palisades,CA,90272,Single Family Residential,3615000,6.0,6.0,3381.0,7026.0,1952.0,1069.0,,Pacific Palisades,34.0447682,-118.5455035,TheMLS,21-720786,View Listing,,False,,"Tal file PacPal_Sold_homes_2021-present, pulled 8 Sep 2026",877
2021-10-20,16665 Calle Brittany,Pacific Palisades,CA,90272,Single Family Residential,2950000,4.0,5.0,4583.0,12534.0,1999.0,644.0,625.0,Pacific Palisades,34.0749488,-118.5486678,TheMLS,21-765586,View Listing,,False,,"Tal file PacPal_Sold_homes_2021-present, pulled 8 Sep 2026",878
2021-10-20,558 E Channel Rd,Santa Monica,CA,90402,Single Family Residential,4250000,3.0,3.0,,6275.0,1955.0,,,Outside Palisades,34.0349934,-118.5112422,TheMLS,21-710512,View Listing,,False,,"Tal file PacPal_Sold_homes_2021-present, pulled 8 Sep 2026",879
2021-10-19,571 Paseo Miramar,Pacific Palisades,CA,90272,Single Family Residential,4250000,3.0,4.0,2626.0,21166.0,1969.0,1618.0,,Pacific Palisades,34.0467615,-118.5573282,TheMLS,21-763988,View Listing,,False,,"Tal file PacPal_Sold_homes_2021-present, pulled 8 Sep 2026",880
2021-10-18,1413 Palisades Dr,Pacific Palisades,CA,90272,Townhouse,1137000,2.0,2.0,1300.0,175848.0,1973.0,875.0,833.0,Pacific Palisades,34.0723987,-118.5642583,TheMLS,21-774158,View Listing,,False,,"Tal file PacPal_Sold_homes_2021-present, pulled 8 Sep 2026",881
2021-10-15,1204 Las Pulgas Rd,Pacific Palisades,CA,90272,Single Family Residential,5436500,5.0,5.0,5475.0,13454.0,1990.0,993.0,24.0,Pacific Palisades,34.0534254,-118.537805,TheMLS,21-756940,View Listing,,False,,"Tal file PacPal_Sold_homes_2021-present, pulled 8 Sep 2026",882
2021-10-15,1401 Chautauqua Blvd,Pacific Palisades,CA,90272,Single Family Residential,3975000,5.0,6.0,3992.0,7306.0,1951.0,996.0,,Pacific Palisades,34.0541962,-118.5217703,TheMLS,21-734580,View Listing,,False,,"Tal file PacPal_Sold_homes_2021-present, pulled 8 Sep 2026",883
2021-10-13,716 Palisades Dr,Pacific Palisades,CA,90272,Townhouse,1550000,2.0,3.0,2284.0,163751.0,1991.0,679.0,555.0,Pacific Palisades,34.050188,-118.552006,TheMLS,21-779292,View Listing,,False,,"Tal file PacPal_Sold_homes_2021-present, pulled 8 Sep 2026",884
2021-10-12,1100 Embury St,Pacific Palisades,CA,90272,Single Family Residential,6500000,5.0,6.0,4957.0,7476.0,2017.0,1311.0,,Pacific Palisades,34.049065,-118.523327,TheMLS,21-779588,View Listing,,False,,"Tal file PacPal_Sold_homes_2021-present, pulled 8 Sep 2026",885
2021-10-08,16849 Livorno Dr,Pacific Palisades,CA,90272,Single Family Residential,3494002,5.0,3.0,3437.0,6904.0,1949.0,1017.0,,Pacific Palisades,34.0441448,-118.5460524,TheMLS,21-777016,View Listing,,False,,"Tal file PacPal_Sold_homes_2021-present, pulled 8 Sep 2026",886
2021-10-06,716 Haverford Ave,Pacific Palisades,CA,90272,Single Family Residential,2275000,2.0,1.0,,6593.0,1952.0,,,Pacific Palisades,34.0433598,-118.5290318,TheMLS,21-754668,View Listing,,False,,"Tal file PacPal_Sold_homes_2021-present, pulled 8 Sep 2026",887
2021-10-06,611 N Marquette St,Pacific Palisades,CA,90272,Single Family Residential,2985000,4.0,3.0,2492.0,6911.0,2016.0,1198.0,,Pacific Palisades,34.046229,-118.5421109,TheMLS,21-742064,View Listing,,False,,"Tal file PacPal_Sold_homes_2021-present, pulled 8 Sep 2026",888
2021-10-01,686 Swarthmore Ave,Pacific Palisades,CA,90272,Single Family Residential,2225000,3.0,2.0,1700.0,2967.0,1948.0,1309.0,,Pacific Palisades,34.0424389,-118.5268785,TheMLS,21-760124,View Listing,,False,,"Tal file PacPal_Sold_homes_2021-present, pulled 8 Sep 2026",889
2021-10-01,744 Almar Ave,Pacific Palisades,CA,90272,Single Family Residential,4550000,5.0,4.0,3789.0,6596.0,2021.0,1201.0,,Pacific Palisades,34.0468285,-118.5340012,TheMLS,21-768368,View Listing,,False,,"Tal file PacPal_Sold_homes_2021-present, pulled 8 Sep 2026",890
2021-10-01,356 Mount Holyoke Ave,Pacific Palisades,CA,90272,Single Family Residential,2811000,3.0,2.0,1337.0,5550.0,1950.0,2102.0,,Pacific Palisades,34.0370731,-118.5313372,TheMLS,21-721374,View Listing,,False,,"Tal file PacPal_Sold_homes_2021-present, pulled 8 Sep 2026",891
2021-09-28,1779 Chastain Pkwy,Pacific Palisades,CA,90272,Single Family Residential,4400000,5.0,6.0,5100.0,21231.0,2005.0,863.0,370.0,Pacific Palisades,34.0729696,-118.5474208,TheMLS,21-752808,View Listing,,False,,"Tal file PacPal_Sold_homes_2021-present, pulled 8 Sep 2026",892
2021-09-28,15204 Friends St,Pacific Palisades,CA,90272,Single Family Residential,5975000,4.0,5.0,,7434.0,2002.0,,,Pacific Palisades,34.0338839,-118.5271884,TheMLS,21-730680,View Listing,,False,,"Tal file PacPal_Sold_homes_2021-present, pulled 8 Sep 2026",893
2021-09-27,629 Frontera Dr,Pacific Palisades,CA,90272,Single Family Residential,7700000,5.0,7.0,6020.0,8615.0,2010.0,1279.0,41.0,Pacific Palisades,34.0401852,-118.5229252,TheMLS,21-722576,View Listing,,False,,"Tal file PacPal_Sold_homes_2021-present, pulled 8 Sep 2026",894
2021-09-27,375 Mesa Rd,Santa Monica,CA,90402,Single Family Residential,3733000,5.0,4.0,2369.0,4390.0,1981.0,1576.0,,Outside Palisades,34.0323638,-118.5160308,TheMLS,21-750492,View Listing,,False,,"Tal file PacPal_Sold_homes_2021-present, pulled 8 Sep 2026",895
2021-09-24,1051 Chautauqua Blvd,Pacific Palisades,CA,90272,Single Family Residential,3800000,4.0,4.0,3468.0,6948.0,1925.0,1096.0,,Pacific Palisades,34.049327,-118.5176793,TheMLS,21-766908,View Listing,,False,,"Tal file PacPal_Sold_homes_2021-present, pulled 8 Sep 2026",896
2021-09-22,416 Entrada Dr,Santa Monica,CA,90402,Single Family Residential,3020000,4.0,3.0,2200.0,8449.0,1948.0,1373.0,,Outside Palisades,34.031256,-118.5119354,TheMLS,21-753490,View Listing,,False,,"Tal file PacPal_Sold_homes_2021-present, pulled 8 Sep 2026",897
2021-09-21,814 Alma Real Dr,Pacific Palisades,CA,90272,Single Family Residential,4338750,3.0,4.0,1820.0,8627.0,1938.0,2384.0,23.0,Pacific Palisades,34.0432829,-118.5231729,TheMLS,21-771628,View Listing,,False,,"Tal file PacPal_Sold_homes_2021-present, pulled 8 Sep 2026",898
2021-09-21,1940 Palisades Dr,Pacific Palisades,CA,90272,Townhouse,1725000,3.0,4.0,2571.0,241763.0,1985.0,671.0,865.0,Pacific Palisades,34.0740848,-118.5554108,TheMLS,21-761904,View Listing,,False,,"Tal file PacPal_Sold_homes_2021-present, pulled 8 Sep 2026",899
2021-09-17,16576 Chattanooga Pl,Pacific Palisades,CA,90272,Single Family Residential,2600000,3.0,3.0,2100.0,6849.0,1948.0,1238.0,,Pacific Palisades,34.048858,-118.5432509,TheMLS,21-749294,View Listing,,False,,"Tal file PacPal_Sold_homes_2021-present, pulled 8 Sep 2026",900
2021-09-15,909 Greentree Rd,Pacific Palisades,CA,90272,Single Family Residential,9500000,7.0,8.5,8683.0,10856.0,2021.0,1094.0,,Pacific Palisades,34.0451872,-118.5144486,CRMLS,SR21089544,View Listing,,False,,"Tal file PacPal_Sold_homes_2021-present, pulled 8 Sep 2026",901
2021-09-15,380 Surfview Dr,Pacific Palisades,CA,90272,Single Family Residential,4910000,6.0,6.0,5000.0,14596.0,1965.0,982.0,8.0,Pacific Palisades,34.0470073,-118.5662494,TheMLS,21-686822,View Listing,,False,,"Tal file PacPal_Sold_homes_2021-present, pulled 8 Sep 2026",902
2021-09-15,427 El Medio Ave,Pacific Palisades,CA,90272,Single Family Residential,6900000,5.0,6.0,5015.0,9610.0,,1376.0,,Pacific Palisades,34.0409671,-118.5357031,TheMLS,21-764520,View Listing,,False,,"Tal file PacPal_Sold_homes_2021-present, pulled 8 Sep 2026",903
2021-09-09,1041 Iliff St,Pacific Palisades,CA,90272,Single Family Residential,4795000,5.0,6.0,3800.0,6501.0,2018.0,1262.0,,Pacific Palisades,34.048883,-118.5196208,TheMLS,21-769582,View Listing,,False,,"Tal file PacPal_Sold_homes_2021-present, pulled 8 Sep 2026",904
2021-09-09,1120 Maroney Ln,Pacific Palisades,CA,90272,Single Family Residential,4147500,4.0,3.0,3232.0,13484.0,1959.0,1283.0,,Pacific Palisades,34.0531631,-118.5367384,TheMLS,21-759638,View Listing,,False,,"Tal file PacPal_Sold_homes_2021-present, pulled 8 Sep 2026",905
2021-09-08,866 Vista Pacifica,Pacific Palisades,CA,90272,Single Family Residential,3205000,4.0,3.0,2967.0,15404.0,1969.0,1080.0,,Pacific Palisades,34.05025,-118.5566298,TheMLS,21-717240,View Listing,,False,,"Tal file PacPal_Sold_homes_2021-present, pulled 8 Sep 2026",906
2021-09-07,427 Sycamore Rd,Santa Monica,CA,90402,Single Family Residential,4470000,3.0,3.0,2859.0,5204.0,1960.0,1563.0,,Outside Palisades,34.0330215,-118.5171942,TheMLS,21-766768,View Listing,,False,,"Tal file PacPal_Sold_homes_2021-present, pulled 8 Sep 2026",907
2021-09-03,1714 Alta Mura Rd,Pacific Palisades,CA,90272,Single Family Residential,13275000,5.0,8.0,6769.0,41904.0,2000.0,1961.0,,Pacific Palisades,34.0637762,-118.5022316,TheMLS,20-655110,View Listing,,False,,"Tal file PacPal_Sold_homes_2021-present, pulled 8 Sep 2026",908
2021-09-03,1111 Villa View Dr,Pacific Palisades,CA,90272,Single Family Residential,3385000,4.0,4.0,3049.0,13064.0,1952.0,1110.0,,Pacific Palisades,34.0504724,-118.5144498,TheMLS,21-736190,View Listing,,False,,"Tal file PacPal_Sold_homes_2021-present, pulled 8 Sep 2026",909
2021-09-02,1445 Via Cresta,Pacific Palisades,CA,90272,Single Family Residential,4530000,4.0,5.0,4144.0,58299.0,1988.0,1093.0,710.0,Pacific Palisades,34.0573113,-118.537108,TheMLS,21-702038,View Listing,,False,,"Tal file PacPal_Sold_homes_2021-present, pulled 8 Sep 2026",910
2021-09-01,1514 Sorrento Dr,Pacific Palisades,CA,90272,Single Family Residential,6975000,5.0,6.0,,17060.0,,,,Pacific Palisades,34.0578749,-118.5027183,TheMLS,21-761150,View Listing,,False,,"Tal file PacPal_Sold_homes_2021-present, pulled 8 Sep 2026",911
2021-09-01,619 Baylor St,Pacific Palisades,CA,90272,Single Family Residential,3250000,5.0,5.0,3560.0,4541.0,1949.0,913.0,,Pacific Palisades,34.0467912,-118.5435246,CRMLS,AR21110146,View Listing,,False,,"Tal file PacPal_Sold_homes_2021-present, pulled 8 Sep 2026",912
2021-08-31,16706 Monte Alto Pl,Pacific Palisades,CA,90272,Single Family Residential,3700000,5.0,5.0,4934.0,22240.0,1986.0,750.0,425.0,Pacific Palisades,34.0719382,-118.5522786,TheMLS,21-743418,View Listing,,False,,"Tal file PacPal_Sold_homes_2021-present, pulled 8 Sep 2026",913
2021-08-31,17083 Bollinger Dr,Pacific Palisades,CA,90272,Single Family Residential,3450000,4.0,4.0,3438.0,10385.0,1950.0,1003.0,,Pacific Palisades,34.0424877,-118.5511341,TheMLS,21-753786,View Listing,,False,,"Tal file PacPal_Sold_homes_2021-present, pulled 8 Sep 2026",914
2021-08-30,547 Muskingum Ave,Pacific Palisades,CA,90272,Single Family Residential,3295000,4.0,5.0,2789.0,9445.0,1950.0,1181.0,,Pacific Palisades,34.0439811,-118.5393686,TheMLS,21-693480,View Listing,,False,,"Tal file PacPal_Sold_homes_2021-present, pulled 8 Sep 2026",915
2021-08-27,961 Enchanted Way,Pacific Palisades,CA,90272,Single Family Residential,4330000,4.0,3.5,3123.0,23493.0,1965.0,1386.0,,Pacific Palisades,34.054153,-118.5492372,CRMLS,SR21146860,View Listing,,False,,"Tal file PacPal_Sold_homes_2021-present, pulled 8 Sep 2026",916
2021-08-26,1050 Embury St,Pacific Palisades,CA,90272,Single Family Residential,5000000,5.0,7.0,4740.0,5202.0,2015.0,1055.0,,Pacific Palisades,34.0485386,-118.5231988,TheMLS,21-720806,View Listing,,False,,"Tal file PacPal_Sold_homes_2021-present, pulled 8 Sep 2026",917
2021-08-26,751 Chautauqua Blvd,Pacific Palisades,CA,90272,Single Family Residential,5400000,5.0,7.0,5675.0,5665.0,2021.0,952.0,,Pacific Palisades,34.0429543,-118.5174765,TheMLS,21-741486,View Listing,,False,,"Tal file PacPal_Sold_homes_2021-present, pulled 8 Sep 2026",918
2021-08-26,1658 San Onofre Dr,Pacific Palisades,CA,90272,Single Family Residential,6600000,4.0,4.0,4615.0,11935.0,1955.0,1430.0,,Pacific Palisades,34.061913,-118.5029639,TheMLS,21-742022,View Listing,,False,,"Tal file PacPal_Sold_homes_2021-present, pulled 8 Sep 2026",919
2021-08-20,848 Lachman Ln,Pacific Palisades,CA,90272,Single Family Residential,5699000,5.0,4.5,4433.0,12068.0,2020.0,1286.0,,Pacific Palisades,34.0506314,-118.5449951,CRMLS,SR21067580,View Listing,,False,,"Tal file PacPal_Sold_homes_2021-present, pulled 8 Sep 2026",920
2021-08-19,16724 Via Pacifica,Pacific Palisades,CA,90272,Single Family Residential,3525000,5.0,5.0,5183.0,10335.0,1996.0,680.0,804.0,Pacific Palisades,34.0761907,-118.5480748,TheMLS,21-752260,View Listing,,False,,"Tal file PacPal_Sold_homes_2021-present, pulled 8 Sep 2026",921
2021-08-17,752 Hartzell St,Pacific Palisades,CA,90272,Single Family Residential,4550000,5.0,6.0,4084.0,6501.0,2021.0,1114.0,,Pacific Palisades,34.0427563,-118.5188096,TheMLS,21-750392,View Listing,,False,,"Tal file PacPal_Sold_homes_2021-present, pulled 8 Sep 2026",922
2021-08-17,520 Muskingum Ave,Pacific Palisades,CA,90272,Single Family Residential,3725000,6.0,6.0,4391.0,6362.0,1952.0,848.0,,Pacific Palisades,34.0430556,-118.5385446,TheMLS,21-751428,View Listing,,False,,"Tal file PacPal_Sold_homes_2021-present, pulled 8 Sep 2026",923
2021-08-17,501 Latimer Rd,Santa Monica,CA,90402,Single Family Residential,6337000,5.0,6.0,,13356.0,1954.0,,,Outside Palisades,34.0355342,-118.5162294,TheMLS,21-759514,View Listing,,False,,"Tal file PacPal_Sold_homes_2021-present, pulled 8 Sep 2026",924
2021-08-16,1424 Calle Del Jonella,Pacific Palisades,CA,90272,Single Family Residential,3600000,5.0,6.0,5589.0,29146.0,1986.0,644.0,360.0,Pacific Palisades,34.076364,-118.5695512,TheMLS,21-771102,View Listing,,False,,"Tal file PacPal_Sold_homes_2021-present, pulled 8 Sep 2026",925
2021-08-16,654 Palmera Ave,Pacific Palisades,CA,90272,Single Family Residential,2605000,4.0,4.0,2701.0,5672.0,1957.0,964.0,,Pacific Palisades,34.04684,-118.53803,TheMLS,21-753282,View Listing,,False,,"Tal file PacPal_Sold_homes_2021-present, pulled 8 Sep 2026",926
2021-08-13,17014 Bollinger Dr,Pacific Palisades,CA,90272,Single Family Residential,3265000,5.0,5.0,2800.0,6528.0,1950.0,1166.0,,Pacific Palisades,34.0434279,-118.5493943,TheMLS,21-754852,View Listing,,False,,"Tal file PacPal_Sold_homes_2021-present, pulled 8 Sep 2026",927
2021-08-12,624 El Medio Ave,Pacific Palisades,CA,90272,Single Family Residential,2888888,5.0,4.0,2876.0,6074.0,1947.0,1004.0,,Pacific Palisades,34.0439628,-118.5338617,TheMLS,21-761336,View Listing,,False,,"Tal file PacPal_Sold_homes_2021-present, pulled 8 Sep 2026",928
2021-08-11,1116 Napoli Dr,Pacific Palisades,CA,90272,Single Family Residential,25000000,7.0,11.0,10329.0,15514.0,2019.0,2420.0,,Pacific Palisades,34.0479649,-118.504115,TheMLS,21-757324,View Listing,,False,,"Tal file PacPal_Sold_homes_2021-present, pulled 8 Sep 2026",929
2021-08-10,1410 El Bosque Ct,,CA,90272,Single Family Residential,4692759,5.0,6.0,5444.0,15015.0,2019.0,862.0,400.0,Unknown,34.074594,-118.556131,TheMLS,21-737162,View Listing,,False,,"Tal file PacPal_Sold_homes_2021-present, pulled 8 Sep 2026",930
2021-08-10,15228 De Pauw St,Pacific Palisades,CA,90272,Single Family Residential,7300000,6.0,8.0,7300.0,7274.0,2021.0,1000.0,,Pacific Palisades,34.0371158,-118.5252942,TheMLS,21-726306,View Listing,,False,,"Tal file PacPal_Sold_homes_2021-present, pulled 8 Sep 2026",931
2021-08-09,1813 Old Ranch Rd,Los Angeles,CA,90049,Single Family Residential,3000000,3.0,2.0,1688.0,30912.0,1955.0,1777.0,,Outside Palisades,34.0672507,-118.5030906,TheMLS,21-777224,View Listing,,False,,"Tal file PacPal_Sold_homes_2021-present, pulled 8 Sep 2026",932
2021-08-05,1395 Palisades Dr,Pacific Palisades,CA,90272,Townhouse,1365500,3.0,3.0,1743.0,,1973.0,783.0,833.0,Pacific Palisades,34.0722299,-118.5637512,TheMLS,21-752930,View Listing,,False,,"Tal file PacPal_Sold_homes_2021-present, pulled 8 Sep 2026",933
2021-08-05,601 Amalfi Dr,Pacific Palisades,CA,90272,Single Family Residential,13600601,6.0,8.0,8167.0,21513.0,2000.0,1665.0,,Pacific Palisades,34.0375547,-118.5129268,TheMLS,21-741734,View Listing,,False,,"Tal file PacPal_Sold_homes_2021-present, pulled 8 Sep 2026",934
2021-08-05,1304 Avenida De Cortez,Pacific Palisades,CA,90272,Single Family Residential,2380000,6.0,5.0,3963.0,8452.0,1975.0,601.0,358.0,Pacific Palisades,34.0712398,-118.5585436,TheMLS,21-715276,View Listing,,False,,"Tal file PacPal_Sold_homes_2021-present, pulled 8 Sep 2026",935
2021-08-04,17209 Palisades Cir,Pacific Palisades,CA,90272,Townhouse,1210000,3.0,2.0,1630.0,361270.0,1974.0,742.0,631.0,Pacific Palisades,34.0757485,-118.5635313,TheMLS,21-718916,View Listing,,False,,"Tal file PacPal_Sold_homes_2021-present, pulled 8 Sep 2026",936
2021-08-04,517 W Rustic Rd,Santa Monica,CA,90402,Single Family Residential,2860000,4.0,3.0,1882.0,5543.0,1959.0,1520.0,,Outside Palisades,34.0344126,-118.5181954,TheMLS,21-751206,View Listing,,False,,"Tal file PacPal_Sold_homes_2021-present, pulled 8 Sep 2026",937
2021-08-03,608 N Las Casas Ave,Pacific Palisades,CA,90272,Single Family Residential,5295000,5.0,6.0,4341.0,6731.0,2018.0,1220.0,,Pacific Palisades,34.0462594,-118.5426389,TheMLS,21-747152,View Listing,,False,,"Tal file PacPal_Sold_homes_2021-present, pulled 8 Sep 2026",938
2021-08-03,588 Entrada Dr,Santa Monica,CA,90402,Single Family Residential,2350000,4.0,2.0,1941.0,6047.0,1954.0,1211.0,,Outside Palisades,34.0340467,-118.509544,TheMLS,20-626402,View Listing,,False,,"Tal file PacPal_Sold_homes_2021-present, pulled 8 Sep 2026",939
2021-08-03,608 Ocampo Dr,Pacific Palisades,CA,90272,Single Family Residential,7500000,5.0,6.0,4621.0,8836.0,1998.0,1623.0,,Pacific Palisades,34.0389911,-118.5198062,TheMLS,21-729182,View Listing,,False,,"Tal file PacPal_Sold_homes_2021-present, pulled 8 Sep 2026",940
2021-08-02,1116 Fiske St,Pacific Palisades,CA,90272,Single Family Residential,6650000,6.0,7.0,6300.0,6499.0,2019.0,1056.0,,Pacific Palisades,34.0497058,-118.5224235,TheMLS,21-721834,View Listing,,False,,"Tal file PacPal_Sold_homes_2021-present, pulled 8 Sep 2026",941
2021-07-30,1042 Fiske St,Pacific Palisades,CA,90272,Single Family Residential,3235000,4.0,3.0,1793.0,5199.0,1929.0,1804.0,,Pacific Palisades,34.048471,-118.522125,TheMLS,21-732936,View Listing,,False,,"Tal file PacPal_Sold_homes_2021-present, pulled 8 Sep 2026",942
2021-07-30,1226 Monument St,Pacific Palisades,CA,90272,Single Family Residential,6300000,6.0,9.0,5984.0,7438.0,2015.0,1053.0,,Pacific Palisades,34.0520417,-118.5247459,TheMLS,21-706260,View Listing,,False,,"Tal file PacPal_Sold_homes_2021-present, pulled 8 Sep 2026",943
2021-07-29,14801 Pampas Ricas,Pacific Palisades,CA,90272,Single Family Residential,10995000,7.0,10.0,11607.0,15027.0,2020.0,947.0,43.0,Pacific Palisades,34.0413196,-118.5189011,TheMLS,21-696152,View Listing,,False,,"Tal file PacPal_Sold_homes_2021-present, pulled 8 Sep 2026",944
,1000 Villa Grove Dr,Pacific Palisades,CA,90272,Single Family Residential,4300000,5.0,4.0,4299.0,32801.0,1954.0,1000.0,,Pacific Palisades,34.0479507,-118.5138902,,,View Listing,,False,,"Tal file PacPal_Sold_homes_2021-present, pulled 8 Sep 2026",945
,1001 Iliff St,Pacific Palisades,CA,90272,Single Family Residential,2200000,6.0,5.0,2971.0,7477.0,1947.0,740.0,,Pacific Palisades,34.0478578,-118.5194445,,,View Listing,,False,,"Tal file PacPal_Sold_homes_2021-present, pulled 8 Sep 2026",946
,1009 Bienveneda Ave,Pacific Palisades,CA,90272,Single Family Residential,1800000,4.0,3.0,2374.0,18353.0,1953.0,758.0,,Pacific Palisades,34.0518849,-118.54055,,,View Listing,,False,,"Tal file PacPal_Sold_homes_2021-present, pulled 8 Sep 2026",947
,1016 Iliff St,Pacific Palisades,CA,90272,Single Family Residential,8000000,6.0,8.0,6259.0,6502.0,2021.0,1278.0,,Pacific Palisades,34.0482833,-118.518998,,,View Listing,,False,,"Tal file PacPal_Sold_homes_2021-present, pulled 8 Sep 2026",948
,1017 Bienveneda Ave,Pacific Palisades,CA,90272,Single Family Residential,2325000,2.0,2.0,1526.0,16677.0,1953.0,1524.0,,Pacific Palisades,34.0519739,-118.5406871,,,View Listing,,False,,"Tal file PacPal_Sold_homes_2021-present, pulled 8 Sep 2026",949
,1017 Iliff St,Pacific Palisades,CA,90272,Single Family Residential,4975000,5.0,6.0,3887.0,6501.0,2013.0,1280.0,,Pacific Palisades,34.0481909,-118.5195571,,,View Listing,,False,,"Tal file PacPal_Sold_homes_2021-present, pulled 8 Sep 2026",950
,1031 Villa Grove Dr,Pacific Palisades,CA,90272,Single Family Residential,3652000,4.0,3.0,2722.0,10264.0,1961.0,1342.0,,Pacific Palisades,34.0489969,-118.5138388,,,View Listing,,False,,"Tal file PacPal_Sold_homes_2021-present, pulled 8 Sep 2026",951
,1034 Napoli Dr,Pacific Palisades,CA,90272,Vacant Land,49444000,,,,13655.0,,,,Pacific Palisades,34.0464637,-118.5051673,,,View Listing,,False,,"Tal file PacPal_Sold_homes_2021-present, pulled 8 Sep 2026",952
,1043 Villa Grove Dr,Pacific Palisades,CA,90272,Single Family Residential,1740500,4.0,4.0,3352.0,7706.0,1954.0,519.0,,Pacific Palisades,34.0492624,-118.5137405,,,View Listing,,False,,"Tal file PacPal_Sold_homes_2021-present, pulled 8 Sep 2026",953
,1046 Embury St,Pacific Palisades,CA,90272,Single Family Residential,4500000,4.0,4.0,2512.0,5203.0,2001.0,1791.0,,Pacific Palisades,34.0484457,-118.5231568,,,View Listing,,False,,"Tal file PacPal_Sold_homes_2021-present, pulled 8 Sep 2026",954
,1047 Corsica Dr,Pacific Palisades,CA,90272,Single Family Residential,17350000,4.0,5.0,3359.0,15004.0,1948.0,5165.0,,Pacific Palisades,34.0474055,-118.5065165,,,View Listing,,False,,"Tal file PacPal_Sold_homes_2021-present, pulled 8 Sep 2026",955
,1053 Tellem Dr,Pacific Palisades,CA,90272,Single Family Residential,2065000,4.0,4.0,2814.0,13948.0,1961.0,734.0,,Pacific Palisades,34.0556725,-118.5462012,,,View Listing,,False,,"Tal file PacPal_Sold_homes_2021-present, pulled 8 Sep 2026",956
,1055 Fiske St,Pacific Palisades,CA,90272,Single Family Residential,1900000,2.0,2.0,1452.0,5203.0,1925.0,1309.0,,Pacific Palisades,34.0487252,-118.5227659,,,View Listing,,False,,"Tal file PacPal_Sold_homes_2021-present, pulled 8 Sep 2026",957
,1056 Iliff St,Pacific Palisades,CA,90272,Single Family Residential,6250000,5.0,5.0,4606.0,7468.0,2011.0,1357.0,,Pacific Palisades,34.0493728,-118.5192902,,,View Listing,,False,,"Tal file PacPal_Sold_homes_2021-present, pulled 8 Sep 2026",958
,1058 Fiske St,Pacific Palisades,CA,90272,Single Family Residential,2100000,4.0,3.0,2200.0,6164.0,1925.0,955.0,,Pacific Palisades,34.0489275,-118.5222459,,,View Listing,,False,,"Tal file PacPal_Sold_homes_2021-present, pulled 8 Sep 2026",959
,1061 Las Pulgas Rd,Pacific Palisades,CA,90272,Single Family Residential,2650000,3.0,2.0,1550.0,10785.0,1953.0,1710.0,,Pacific Palisades,34.0521196,-118.5391922,,,View Listing,,False,,"Tal file PacPal_Sold_homes_2021-present, pulled 8 Sep 2026",960
,1065 Amalfi Dr,Pacific Palisades,CA,90272,Single Family Residential,7650000,4.0,5.0,4308.0,12027.0,1950.0,1776.0,,Pacific Palisades,34.0488226,-118.5083145,,,View Listing,,False,,"Tal file PacPal_Sold_homes_2021-present, pulled 8 Sep 2026",961
,1075 Ravoli Dr,Pacific Palisades,CA,90272,Single Family Residential,3575000,3.0,4.0,2111.0,12018.0,1952.0,1694.0,,Pacific Palisades,34.0485204,-118.5090036,,,View Listing,,False,,"Tal file PacPal_Sold_homes_2021-present, pulled 8 Sep 2026",962
,1100 Ravoli Dr,Pacific Palisades,CA,90272,Single Family Residential,1500000,4.0,7.0,8114.0,22211.0,2001.0,185.0,,Pacific Palisades,34.0501695,-118.5083491,,,View Listing,,False,,"Tal file PacPal_Sold_homes_2021-present, pulled 8 Sep 2026",963
,1101 Corsica Dr,Pacific Palisades,CA,90272,Single Family Residential,12500000,5.0,7.0,6635.0,14919.0,2004.0,1884.0,,Pacific Palisades,34.0484706,-118.5057123,,,View Listing,,False,,"Tal file PacPal_Sold_homes_2021-present, pulled 8 Sep 2026",964
,1106 Iliff St,Pacific Palisades,CA,90272,Single Family Residential,1800000,2.0,2.0,1328.0,6502.0,1960.0,1355.0,,Pacific Palisades,34.049817,-118.5193911,,,View Listing,,False,,"Tal file PacPal_Sold_homes_2021-present, pulled 8 Sep 2026",965
,1111 Cumbre Alta Ct,Pacific Palisades,CA,90272,Single Family Residential,1390000,3.0,6.0,4292.0,15749.0,1985.0,324.0,,Pacific Palisades,34.0681294,-118.5549808,,,View Listing,,False,,"Tal file PacPal_Sold_homes_2021-present, pulled 8 Sep 2026",966
,1111 Fiske St,Pacific Palisades,CA,90272,Single Family Residential,4550000,5.0,3.0,2489.0,6503.0,1929.0,1828.0,,Pacific Palisades,34.0494023,-118.5229023,,,View Listing,,False,,"Tal file PacPal_Sold_homes_2021-present, pulled 8 Sep 2026",967
,1116 Monument St,Pacific Palisades,CA,90272,Single Family Residential,7900000,5.0,9.0,6355.0,6501.0,1948.0,1243.0,,Pacific Palisades,34.0493336,-118.5244156,,,View Listing,,False,,"Tal file PacPal_Sold_homes_2021-present, pulled 8 Sep 2026",968
,1118 Kagawa St,Pacific Palisades,CA,90272,Single Family Residential,3250000,3.0,2.0,2360.0,6106.0,1954.0,1377.0,,Pacific Palisades,34.0502486,-118.5184012,,,View Listing,,False,,"Tal file PacPal_Sold_homes_2021-present, pulled 8 Sep 2026",969
,1119 Maroney Ln,Pacific Palisades,CA,90272,Single Family Residential,4880000,5.0,6.0,4303.0,15014.0,1998.0,1134.0,,Pacific Palisades,34.0532764,-118.5371905,,,View Listing,,False,,"Tal file PacPal_Sold_homes_2021-present, pulled 8 Sep 2026",970
,1120 Galloway St,Pacific Palisades,CA,90272,Single Family Residential,5500000,5.0,6.0,3528.0,6504.0,1948.0,1559.0,,Pacific Palisades,34.0499349,-118.5214111,,,View Listing,,False,,"Tal file PacPal_Sold_homes_2021-present, pulled 8 Sep 2026",971
,1124 Las Pulgas Rd,Pacific Palisades,CA,90272,Single Family Residential,5145000,5.0,6.0,3953.0,11365.0,1960.0,1302.0,,Pacific Palisades,34.0528999,-118.5387337,,,View Listing,,False,,"Tal file PacPal_Sold_homes_2021-present, pulled 8 Sep 2026",972
,1127 Hartzell St,Pacific Palisades,CA,90272,Single Family Residential,3559000,3.0,2.0,1487.0,6503.0,1924.0,2393.0,,Pacific Palisades,34.0501561,-118.5209949,,,View Listing,,False,,"Tal file PacPal_Sold_homes_2021-present, pulled 8 Sep 2026",973
,1137 Fiske St,Pacific Palisades,CA,90272,Single Family Residential,2000000,4.0,3.0,3387.0,6502.0,1947.0,590.0,,Pacific Palisades,34.050196,-118.5231088,,,View Listing,,False,,"Tal file PacPal_Sold_homes_2021-present, pulled 8 Sep 2026",974
,1140 Napoli Dr,Pacific Palisades,CA,90272,Single Family Residential,15000000,6.0,5.0,4787.0,20648.0,1951.0,3133.0,,Pacific Palisades,34.048613,-118.5035442,,,View Listing,,False,,"Tal file PacPal_Sold_homes_2021-present, pulled 8 Sep 2026",975
,1146 Tellem Dr,Pacific Palisades,CA,90272,Single Family Residential,4000000,4.0,3.0,2718.0,23802.0,1964.0,1472.0,,Pacific Palisades,34.0563596,-118.5431106,,,View Listing,,False,,"Tal file PacPal_Sold_homes_2021-present, pulled 8 Sep 2026",976
,1150 Fiske St,Pacific Palisades,CA,90272,Single Family Residential,2261500,5.0,6.0,5674.0,6502.0,2008.0,399.0,,Pacific Palisades,34.0504854,-118.5225851,,,View Listing,,False,,"Tal file PacPal_Sold_homes_2021-present, pulled 8 Sep 2026",977
,1151 Galloway St,Pacific Palisades,CA,90272,Single Family Residential,1850000,4.0,4.0,2543.0,6503.0,1940.0,727.0,,Pacific Palisades,34.0507295,-118.5221479,,,View Listing,,False,,"Tal file PacPal_Sold_homes_2021-present, pulled 8 Sep 2026",978
,1151 Villa View Dr,Pacific Palisades,CA,90272,Single Family Residential,2600000,5.0,4.0,3244.0,13052.0,1954.0,801.0,,Pacific Palisades,34.0508166,-118.5131537,,,View Listing,,False,,"Tal file PacPal_Sold_homes_2021-present, pulled 8 Sep 2026",979
,1154 Iliff St,Pacific Palisades,CA,90272,Single Family Residential,1800000,3.0,3.0,2856.0,6501.0,1986.0,630.0,,Pacific Palisades,34.0509743,-118.5195696,,,View Listing,,False,,"Tal file PacPal_Sold_homes_2021-present, pulled 8 Sep 2026",980
,1155 Kagawa St,Pacific Palisades,CA,90272,Single Family Residential,2525000,5.0,5.0,3602.0,6760.0,1999.0,701.0,,Pacific Palisades,34.0512081,-118.5190732,,,View Listing,,False,,"Tal file PacPal_Sold_homes_2021-present, pulled 8 Sep 2026",981
,1157 Fiske St,Pacific Palisades,CA,90272,Single Family Residential,1880000,4.0,3.0,1772.0,6504.0,1950.0,1061.0,,Pacific Palisades,34.0507194,-118.523223,,,View Listing,,False,,"Tal file PacPal_Sold_homes_2021-present, pulled 8 Sep 2026",982
,1160 Galloway St,Pacific Palisades,CA,90272,Single Family Residential,3100000,2.0,1.0,1116.0,6503.0,1923.0,2778.0,,Pacific Palisades,34.0510111,-118.5217247,,,View Listing,,False,,"Tal file PacPal_Sold_homes_2021-present, pulled 8 Sep 2026",983
,1160 Monument St,Pacific Palisades,CA,90272,Single Family Residential,7200000,7.0,9.0,6383.0,6501.0,2021.0,1128.0,,Pacific Palisades,34.0505709,-118.5246839,,,View Listing,,False,,"Tal file PacPal_Sold_homes_2021-present, pulled 8 Sep 2026",984
,1166 Galloway St,Pacific Palisades,CA,90272,Single Family Residential,1850000,3.0,1.0,1360.0,6502.0,1948.0,1360.0,,Pacific Palisades,34.0511389,-118.5217658,,,View Listing,,False,,"Tal file PacPal_Sold_homes_2021-present, pulled 8 Sep 2026",985
,1170 Fiske St,Pacific Palisades,CA,90272,Single Family Residential,3127000,2.0,1.0,1592.0,6502.0,1938.0,1964.0,,Pacific Palisades,34.0511251,-118.5227866,,,View Listing,,False,,"Tal file PacPal_Sold_homes_2021-present, pulled 8 Sep 2026",986
,1171 Galloway St,Pacific Palisades,CA,90272,Single Family Residential,1524000,2.0,2.0,1700.0,6501.0,1937.0,896.0,,Pacific Palisades,34.0512195,-118.5222514,,,View Listing,,False,,"Tal file PacPal_Sold_homes_2021-present, pulled 8 Sep 2026",987
,1179 Amalfi Dr,Pacific Palisades,CA,90272,Single Family Residential,13750000,4.0,5.0,5376.0,18823.0,1932.0,2558.0,,Pacific Palisades,34.0513998,-118.5067895,,,View Listing,,False,,"Tal file PacPal_Sold_homes_2021-present, pulled 8 Sep 2026",988
,1181 Fiske St,Pacific Palisades,CA,90272,Single Family Residential,3250000,5.0,7.0,6202.0,9758.0,2017.0,524.0,,Pacific Palisades,34.0513963,-118.5233666,,,View Listing,,False,,"Tal file PacPal_Sold_homes_2021-present, pulled 8 Sep 2026",989
,1201 Villa Woods Dr,Pacific Palisades,CA,90272,Single Family Residential,6800000,3.0,6.0,4757.0,16562.0,1955.0,1429.0,,Pacific Palisades,34.0511667,-118.5133305,,,View Listing,,False,,"Tal file PacPal_Sold_homes_2021-present, pulled 8 Sep 2026",990
,1218 Chautauqua Blvd,Pacific Palisades,CA,90272,Single Family Residential,2150000,2.0,2.0,1630.0,10332.0,1941.0,1319.0,,Pacific Palisades,34.0522859,-118.5181232,,,View Listing,,False,,"Tal file PacPal_Sold_homes_2021-present, pulled 8 Sep 2026",991
,1236 Las Pulgas Rd,Pacific Palisades,CA,90272,Single Family Residential,3250000,3.0,3.0,1943.0,28491.0,1958.0,1673.0,,Pacific Palisades,34.0539357,-118.5376076,,,View Listing,,False,,"Tal file PacPal_Sold_homes_2021-present, pulled 8 Sep 2026",992
,1237 Villa Woods Dr,Pacific Palisades,CA,90272,Single Family Residential,6495000,5.0,5.0,8426.0,24228.0,1954.0,771.0,,Pacific Palisades,34.0515716,-118.5146507,,,View Listing,,False,,"Tal file PacPal_Sold_homes_2021-present, pulled 8 Sep 2026",993
,1245 Las Pulgas Rd,Pacific Palisades,CA,90272,Single Family Residential,3390000,4.0,4.0,2152.0,10677.0,1960.0,1575.0,,Pacific Palisades,34.054394,-118.5377784,,,View Listing,,False,,"Tal file PacPal_Sold_homes_2021-present, pulled 8 Sep 2026",994
,1301 Amalfi Dr,Pacific Palisades,CA,90272,Single Family Residential,22000000,6.0,10.0,8513.0,22847.0,2008.0,2584.0,,Pacific Palisades,34.0534721,-118.5052576,,,View Listing,,False,,"Tal file PacPal_Sold_homes_2021-present, pulled 8 Sep 2026",995
,13106 Pontoon Pl,Los Angeles,CA,90049,Single Family Residential,3625000,6.0,1.0,5853.0,9457.0,2023.0,619.0,,Outside Palisades,34.0515126,-118.495246,,,View Listing,,False,,"Tal file PacPal_Sold_homes_2021-present, pulled 8 Sep 2026",996
,1315 Bienveneda Ave,Pacific Palisades,CA,90272,Single Family Residential,3456500,3.0,3.0,2659.0,18610.0,1974.0,1300.0,,Pacific Palisades,34.0591526,-118.5436807,,,View Listing,,False,,"Tal file PacPal_Sold_homes_2021-present, pulled 8 Sep 2026",997
,1320 Duende Ln,Pacific Palisades,CA,90272,Single Family Residential,2900000,4.0,3.0,2595.0,9611.0,1973.0,1118.0,,Pacific Palisades,34.0595792,-118.5477245,,,View Listing,,False,,"Tal file PacPal_Sold_homes_2021-present, pulled 8 Sep 2026",998
,1325 Chautauqua Blvd,Pacific Palisades,CA,90272,Single Family Residential,1000000,4.0,6.0,5255.0,6404.0,2018.0,190.0,,Pacific Palisades,34.0531258,-118.5200736,,,View Listing,,False,,"Tal file PacPal_Sold_homes_2021-present, pulled 8 Sep 2026",999
,1336 Avenida de Cortez,Pacific Palisades,CA,90272,Single Family Residential,2500000,4.0,3.0,2635.0,8107.0,1975.0,949.0,,Pacific Palisades,34.0719533,-118.5593291,,,View Listing,,False,,"Tal file PacPal_Sold_homes_2021-present, pulled 8 Sep 2026",1000
,1338 Avenida de Cortez,Pacific Palisades,CA,90272,Single Family Residential,1600000,4.0,3.0,2635.0,8720.0,1975.0,607.0,,Pacific Palisades,34.0722651,-118.5597323,,,View Listing,,False,,"Tal file PacPal_Sold_homes_2021-present, pulled 8 Sep 2026",1001
,1340 Beckwith Ave,Los Angeles,CA,90049,Single Family Residential,3800000,7.0,5.0,7766.0,9813.0,2024.0,489.0,,Outside Palisades,34.0519655,-118.4953169,,,View Listing,,False,,"Tal file PacPal_Sold_homes_2021-present, pulled 8 Sep 2026",1002
,1350 Capri Dr,Pacific Palisades,CA,90272,Single Family Residential,20000000,6.0,10.0,12419.0,21619.0,2020.0,1610.0,,Pacific Palisades,34.0545635,-118.5023182,,,View Listing,,False,,"Tal file PacPal_Sold_homes_2021-present, pulled 8 Sep 2026",1003
,13525 Romany Dr,Pacific Palisades,CA,90272,Single Family Residential,23000000,7.0,8.5,12000.0,20066.0,2022.0,1917.0,,Pacific Palisades,34.0553463,-118.5002412,,,View Listing,,False,,"Tal file PacPal_Sold_homes_2021-present, pulled 8 Sep 2026",1004
,13574 D Este Dr Unit D,Pacific Palisades,CA,90272,Single Family Residential,10079500,4.0,6.0,6100.0,17005.0,1959.0,1652.0,,Pacific Palisades,34.05721,-118.500696,,,View Listing,,False,,"Tal file PacPal_Sold_homes_2021-present, pulled 8 Sep 2026",1005
,14180 W Sunset Blvd,Pacific Palisades,CA,90272,Single Family Residential,24500000,8.0,6.0,6796.0,48718.0,1952.0,3605.0,,Pacific Palisades,34.05015,-118.50955,,,View Listing,,False,,"Tal file PacPal_Sold_homes_2021-present, pulled 8 Sep 2026",1006
,14550 Gallaudet Pl,Pacific Palisades,CA,90272,Single Family Residential,1850000,3.0,3.0,1872.0,10001.0,1958.0,988.0,,Pacific Palisades,34.0463858,-118.5153646,,,View Listing,,False,,"Tal file PacPal_Sold_homes_2021-present, pulled 8 Sep 2026",1007
,1459 Allenford Ave,Los Angeles,CA,90049,Single Family Residential,2725000,3.0,3.0,2362.0,8425.0,1953.0,1154.0,,Outside Palisades,34.0544583,-118.4952188,,,View Listing,,False,,"Tal file PacPal_Sold_homes_2021-present, pulled 8 Sep 2026",1008
,14629 Hilltree Rd,Santa Monica,CA,90402,Single Family Residential,4395000,3.0,3.0,2579.0,7091.0,1954.0,1704.0,,Outside Palisades,34.0371306,-118.516281,,,View Listing,,False,,"Tal file PacPal_Sold_homes_2021-present, pulled 8 Sep 2026",1009
,14637 Bestor Blvd,Pacific Palisades,CA,90272,Single Family Residential,2250000,5.0,8.0,7307.0,7543.0,1948.0,308.0,,Pacific Palisades,34.0516649,-118.5194288,,,View Listing,,False,,"Tal file PacPal_Sold_homes_2021-present, pulled 8 Sep 2026",1010
,14722 Oracle Pl,Pacific Palisades,CA,90272,Single Family Residential,3255000,3.0,3.0,2049.0,16324.0,1957.0,1589.0,,Pacific Palisades,34.0553971,-118.5195945,,,View Listing,,False,,"Tal file PacPal_Sold_homes_2021-present, pulled 8 Sep 2026",1011
,14815 Drummond St,Pacific Palisades,CA,90272,Single Family Residential,1575000,5.0,4.0,3601.0,5859.0,1949.0,437.0,,Pacific Palisades,34.0434274,-118.5199459,,,View Listing,,False,,"Tal file PacPal_Sold_homes_2021-present, pulled 8 Sep 2026",1012
,14815 W Sunset Blvd,Pacific Palisades,CA,90272,Single Family Residential,850000,4.0,3.0,2109.0,5853.0,1950.0,403.0,,Pacific Palisades,34.0424486,-118.5193826,,,View Listing,,False,,"Tal file PacPal_Sold_homes_2021-present, pulled 8 Sep 2026",1013
,14901 La Cumbre Dr,Pacific Palisades,CA,90272,Single Family Residential,10295000,6.0,6.0,5927.0,13468.0,2005.0,1737.0,,Pacific Palisades,34.0340977,-118.5208099,,,View Listing,,False,,"Tal file PacPal_Sold_homes_2021-present, pulled 8 Sep 2026",1014
,1494 Pampas Ricas Blvd,Pacific Palisades,CA,90272,Single Family Residential,4700000,5.0,6.0,5125.0,12073.0,1998.0,917.0,,Pacific Palisades,34.0405,-118.52086,,,View Listing,,False,,"Tal file PacPal_Sold_homes_2021-present, pulled 8 Sep 2026",1015
,14940 W Sunset Blvd,Pacific Palisades,CA,90272,Single Family Residential,1200000,4.0,3.0,2180.0,9490.0,1941.0,550.0,,Pacific Palisades,34.0436843,-118.521774,,,View Listing,,False,,"Tal file PacPal_Sold_homes_2021-present, pulled 8 Sep 2026",1016
,14943 Altata Dr,Pacific Palisades,CA,90272,Single Family Residential,7800000,4.0,4.0,2884.0,18332.0,1955.0,2705.0,,Pacific Palisades,34.0320913,-118.5209545,,,View Listing,,False,,"Tal file PacPal_Sold_homes_2021-present, pulled 8 Sep 2026",1017
,14975 Corona del Mar,Pacific Palisades,CA,90272,Single Family Residential,25000000,5.0,7.0,7284.0,16420.0,2014.0,3432.0,,Pacific Palisades,34.0314957,-118.5220734,,,View Listing,,False,,"Tal file PacPal_Sold_homes_2021-present, pulled 8 Sep 2026",1018
,15022 Bestor Blvd,Pacific Palisades,CA,90272,Single Family Residential,3950000,4.0,5.0,4404.0,12358.0,2002.0,897.0,,Pacific Palisades,34.0512729,-118.5238176,,,View Listing,,False,,"Tal file PacPal_Sold_homes_2021-present, pulled 8 Sep 2026",1019
,15035 Mc Kendree Ave,Pacific Palisades,CA,90272,Single Family Residential,1500000,3.0,2.0,1884.0,5107.0,1946.0,796.0,,Pacific Palisades,34.0523965,-118.5241993,,,View Listing,,False,,"Tal file PacPal_Sold_homes_2021-present, pulled 8 Sep 2026",1020
,15050 Altata Dr,Pacific Palisades,CA,90272,Single Family Residential,19700000,6.0,6.0,5553.0,23848.0,1951.0,3548.0,,Pacific Palisades,34.0325695,-118.5234488,,,View Listing,,False,,"Tal file PacPal_Sold_homes_2021-present, pulled 8 Sep 2026",1021
,1506 Paseo de Oro,Pacific Palisades,CA,90272,Condo/Co-op,2780000,4.0,4.0,3183.0,,1997.0,873.0,,Pacific Palisades,34.074477,-118.5515645,,,View Listing,,False,,"Tal file PacPal_Sold_homes_2021-present, pulled 8 Sep 2026",1022
,15209 De Pauw St,Pacific Palisades,CA,90272,Single Family Residential,2650000,6.0,9.0,7236.0,10178.0,2020.0,366.0,,Pacific Palisades,34.0365738,-118.5247441,,,View Listing,,False,,"Tal file PacPal_Sold_homes_2021-present, pulled 8 Sep 2026",1023
,15254 Earlham St,Pacific Palisades,CA,90272,Single Family Residential,3950000,5.0,4.0,3026.0,6321.0,1950.0,1305.0,,Pacific Palisades,34.0374436,-118.5268454,,,View Listing,,False,,"Tal file PacPal_Sold_homes_2021-present, pulled 8 Sep 2026",1024
,15267 Friends St,Pacific Palisades,CA,90272,Single Family Residential,5320000,4.0,4.5,3100.0,9281.0,1950.0,1716.0,,Pacific Palisades,34.035909,-118.5267726,,,View Listing,,False,,"Tal file PacPal_Sold_homes_2021-present, pulled 8 Sep 2026",1025
,15269 De Pauw St,Pacific Palisades,CA,90272,Single Family Residential,2500000,3.0,4.0,2295.0,7502.0,1979.0,1089.0,,Pacific Palisades,34.0385489,-118.5256735,,,View Listing,,False,,"Tal file PacPal_Sold_homes_2021-present, pulled 8 Sep 2026",1026
,15273 De Pauw St,Pacific Palisades,CA,90272,Single Family Residential,8600000,5.0,7.0,6405.0,7502.0,2015.0,1343.0,,Pacific Palisades,34.0387093,-118.5256801,,,View Listing,,False,,"Tal file PacPal_Sold_homes_2021-present, pulled 8 Sep 2026",1027
,15280 De Pauw St,Pacific Palisades,CA,90272,Single Family Residential,2611000,4.0,4.0,2306.0,8406.0,1950.0,1132.0,,Pacific Palisades,34.038659,-118.52635,,,View Listing,,False,,"Tal file PacPal_Sold_homes_2021-present, pulled 8 Sep 2026",1028
,15300 Whitfield Ave,Pacific Palisades,CA,90272,Single Family Residential,3500000,3.0,1.0,1161.0,8185.0,1951.0,3015.0,,Pacific Palisades,34.051872,-118.5257119,,,View Listing,,False,,"Tal file PacPal_Sold_homes_2021-present, pulled 8 Sep 2026",1029
,1537 San Remo Dr,Pacific Palisades,CA,90272,Single Family Residential,7615000,3.0,4.0,3409.0,22464.0,1951.0,2234.0,,Pacific Palisades,34.0584394,-118.4999041,,,View Listing,,False,,"Tal file PacPal_Sold_homes_2021-present, pulled 8 Sep 2026",1030
,15515 Via de las Olas,Pacific Palisades,CA,90272,Single Family Residential,10200000,,,,7846.0,,,,Pacific Palisades,34.0359711,-118.5315953,,,View Listing,,False,,"Tal file PacPal_Sold_homes_2021-present, pulled 8 Sep 2026",1031
,1570 Amalfi Dr,Pacific Palisades,CA,90272,Single Family Residential,24950000,8.0,8.0,9884.0,60710.0,1937.0,2524.0,,Pacific Palisades,34.0595785,-118.5033579,,,View Listing,,False,,"Tal file PacPal_Sold_homes_2021-present, pulled 8 Sep 2026",1032
,15950 Temecula St,Pacific Palisades,CA,90272,Single Family Residential,6250000,5.0,6.0,4653.0,6826.0,1948.0,1343.0,,Pacific Palisades,34.0447117,-118.5355869,,,View Listing,,False,,"Tal file PacPal_Sold_homes_2021-present, pulled 8 Sep 2026",1033
,16009 Miami Way,Pacific Palisades,CA,90272,Single Family Residential,4250000,,,,5751.0,,,,Pacific Palisades,34.045095,-118.536482,,,View Listing,,False,,"Tal file PacPal_Sold_homes_2021-present, pulled 8 Sep 2026",1034
,16050 Anoka Dr,Pacific Palisades,CA,90272,Single Family Residential,4606500,4.0,3.0,3117.0,12196.0,1956.0,1478.0,,Pacific Palisades,34.0537044,-118.5340217,,,View Listing,,False,,"Tal file PacPal_Sold_homes_2021-present, pulled 8 Sep 2026",1035
,16123 W Sunset Blvd #11,Pacific Palisades,CA,90272,Condo/Co-op,1325000,3.0,3.0,1677.0,,2006.0,790.0,,Pacific Palisades,34.049199,-118.5366367,,,View Listing,,False,,"Tal file PacPal_Sold_homes_2021-present, pulled 8 Sep 2026",1036
,16127 Alcima Ave,Pacific Palisades,CA,90272,Single Family Residential,1600000,3.0,1.0,1779.0,6827.0,1951.0,899.0,,Pacific Palisades,34.0505816,-118.5358463,,,View Listing,,False,,"Tal file PacPal_Sold_homes_2021-present, pulled 8 Sep 2026",1037
,16258 Shadow Mountain Dr,Pacific Palisades,CA,90272,Single Family Residential,4950000,5.0,7.0,9881.0,65327.0,1995.0,501.0,,Pacific Palisades,34.0575324,-118.5392002,,,View Listing,,False,,"Tal file PacPal_Sold_homes_2021-present, pulled 8 Sep 2026",1038
,16400 W Sunset Blvd,Pacific Palisades,CA,90272,Single Family Residential,5300000,2.0,3.0,2548.0,120359.0,1940.0,2080.0,,Pacific Palisades,34.0476543,-118.5409048,,,View Listing,,False,,"Tal file PacPal_Sold_homes_2021-present, pulled 8 Sep 2026",1039
,1661 San Onofre Dr,Pacific Palisades,CA,90272,Single Family Residential,7750000,4.0,3.0,2577.0,18844.0,1961.0,3007.0,,Pacific Palisades,34.0623108,-118.5030062,,,View Listing,,False,,"Tal file PacPal_Sold_homes_2021-present, pulled 8 Sep 2026",1040
,1662 Michael Ln,Pacific Palisades,CA,90272,Condo/Co-op,1525000,3.0,4.0,2367.0,,1979.0,644.0,,Pacific Palisades,34.0792953,-118.5639783,,,View Listing,,False,,"Tal file PacPal_Sold_homes_2021-present, pulled 8 Sep 2026",1041
,16622 Akron St,Pacific Palisades,CA,90272,Single Family Residential,5300000,4.0,5.0,3872.0,10767.0,1954.0,1369.0,,Pacific Palisades,34.0501528,-118.5439742,,,View Listing,,False,,"Tal file PacPal_Sold_homes_2021-present, pulled 8 Sep 2026",1042
,16701 Marquez Ter,Pacific Palisades,CA,90272,Single Family Residential,3140000,3.0,3.0,2195.0,8319.0,1952.0,1431.0,,Pacific Palisades,34.048377,-118.5453112,,,View Listing,,False,,"Tal file PacPal_Sold_homes_2021-present, pulled 8 Sep 2026",1043
,16719 Marquez Ter,Pacific Palisades,CA,90272,Single Family Residential,5500000,4.0,4.0,4121.0,7797.0,2018.0,1335.0,,Pacific Palisades,34.0479837,-118.5457749,,,View Listing,,False,,"Tal file PacPal_Sold_homes_2021-present, pulled 8 Sep 2026",1044
,16751 Livorno Dr,Pacific Palisades,CA,90272,Single Family Residential,1230000,5.0,6.0,3889.0,6397.0,2017.0,316.0,,Pacific Palisades,34.0452771,-118.5442998,,,View Listing,,False,,"Tal file PacPal_Sold_homes_2021-present, pulled 8 Sep 2026",1045
,16756 Marquez Ave,Pacific Palisades,CA,90272,Single Family Residential,2295000,4.0,4.0,2239.0,6002.0,1947.0,1025.0,,Pacific Palisades,34.0469329,-118.5457758,,,View Listing,,False,,"Tal file PacPal_Sold_homes_2021-present, pulled 8 Sep 2026",1046
,16790 Calle de Catalina,Pacific Palisades,CA,90272,Single Family Residential,2530000,5.0,4.0,3289.0,,1996.0,769.0,,Pacific Palisades,34.0758934,-118.5513649,,,View Listing,,False,,"Tal file PacPal_Sold_homes_2021-present, pulled 8 Sep 2026",1047
,16827 Livorno Dr,Pacific Palisades,CA,90272,Single Family Residential,1500000,4.0,5.0,4331.0,5996.0,1950.0,346.0,,Pacific Palisades,34.0443451,-118.5455573,,,View Listing,,False,,"Tal file PacPal_Sold_homes_2021-present, pulled 8 Sep 2026",1048
,16832 Calle de Sarah,Pacific Palisades,CA,90272,Single Family Residential,1550000,5.0,5.0,5543.0,12731.0,1995.0,280.0,,Pacific Palisades,34.0773733,-118.5504158,,,View Listing,,False,,"Tal file PacPal_Sold_homes_2021-present, pulled 8 Sep 2026",1049
,16844 Monte Hermoso Dr,Pacific Palisades,CA,90272,Single Family Residential,3600000,4.0,7.0,5627.0,33215.0,1986.0,640.0,,Pacific Palisades,34.0713158,-118.5544318,,,View Listing,,False,,"Tal file PacPal_Sold_homes_2021-present, pulled 8 Sep 2026",1050
,16860 W Sunset Blvd,Pacific Palisades,CA,90272,Single Family Residential,11570000,4.0,5.0,3316.0,19865.0,1957.0,3489.0,,Pacific Palisades,34.0427655,-118.5456605,,,View Listing,,False,,"Tal file PacPal_Sold_homes_2021-present, pulled 8 Sep 2026",1051
,16899 Calle de Sarah,Pacific Palisades,CA,90272,Single Family Residential,4575000,5.0,7.0,5384.0,14456.0,2001.0,850.0,,Pacific Palisades,34.0771192,-118.5525855,,,View Listing,,False,,"Tal file PacPal_Sold_homes_2021-present, pulled 8 Sep 2026",1052
,16914 Enchanted Pl,Pacific Palisades,CA,90272,Single Family Residential,3700000,3.0,2.0,2802.0,8520.0,1957.0,1320.0,,Pacific Palisades,34.0513306,-118.5485892,,,View Listing,,False,,"Tal file PacPal_Sold_homes_2021-present, pulled 8 Sep 2026",1053
,16991 W Sunset Blvd,Pacific Palisades,CA,90272,Single Family Residential,1560000,6.0,8.0,7167.0,9308.0,2009.0,218.0,,Pacific Palisades,34.0420789,-118.5491104,,,View Listing,,False,,"Tal file PacPal_Sold_homes_2021-present, pulled 8 Sep 2026",1054
,17235 Palisades Cir,Pacific Palisades,CA,90272,Condo/Co-op,1200000,2.0,3.0,1947.0,,1974.0,616.0,,Pacific Palisades,34.07575,-118.56431,,,View Listing,,False,,"Tal file PacPal_Sold_homes_2021-present, pulled 8 Sep 2026",1055
,17324 Tramonto Dr #505,Pacific Palisades,CA,90272,Condo/Co-op,4475000,,,,,,,,Pacific Palisades,34.0401424,-118.5556665,,,View Listing,,False,,"Tal file PacPal_Sold_homes_2021-present, pulled 8 Sep 2026",1056
,17410 Revello Dr,Pacific Palisades,CA,90272,Single Family Residential,4275000,4.0,3.0,2905.0,6794.0,1952.0,1472.0,,Pacific Palisades,34.0412018,-118.5568415,,,View Listing,,False,,"Tal file PacPal_Sold_homes_2021-present, pulled 8 Sep 2026",1057
,17433 Camino de Yatasto,Pacific Palisades,CA,90272,Single Family Residential,2655000,4.0,4.0,3270.0,18552.0,1976.0,812.0,,Pacific Palisades,34.0782087,-118.5686244,,,View Listing,,False,,"Tal file PacPal_Sold_homes_2021-present, pulled 8 Sep 2026",1058
,17517 Tramonto Dr,Pacific Palisades,CA,90272,Single Family Residential,385000,4.0,3.0,2420.0,7344.0,1951.0,159.0,,Pacific Palisades,34.0413272,-118.558153,,,View Listing,,False,,"Tal file PacPal_Sold_homes_2021-present, pulled 8 Sep 2026",1059
,17526 Tramonto Dr,Pacific Palisades,CA,90272,Single Family Residential,2400000,5.0,5.0,2795.0,10435.0,1951.0,859.0,,Pacific Palisades,34.041015,-118.558367,,,View Listing,,False,,"Tal file PacPal_Sold_homes_2021-present, pulled 8 Sep 2026",1060
,17601 Tramonto Dr,Pacific Palisades,CA,90272,Single Family Residential,3600000,2.0,2.0,1689.0,10895.0,1951.0,2131.0,,Pacific Palisades,34.0420188,-118.5589051,,,View Listing,,False,,"Tal file PacPal_Sold_homes_2021-present, pulled 8 Sep 2026",1061
,17632 Revello Dr,Pacific Palisades,CA,90272,Single Family Residential,2050000,3.0,2.0,2168.0,3535.0,1952.0,946.0,,Pacific Palisades,34.0411732,-118.5606708,,,View Listing,,False,,"Tal file PacPal_Sold_homes_2021-present, pulled 8 Sep 2026",1062
,17730 Posetano Rd,Pacific Palisades,CA,90272,Single Family Residential,1849000,2.0,3.0,2222.0,4055.0,1953.0,832.0,,Pacific Palisades,34.0419362,-118.5616678,,,View Listing,,False,,"Tal file PacPal_Sold_homes_2021-present, pulled 8 Sep 2026",1063
,17737 Porto Marina Way,Pacific Palisades,CA,90272,Single Family Residential,3570000,3.0,4.0,3242.0,3924.0,1954.0,1101.0,,Pacific Palisades,34.0415707,-118.562726,,,View Listing,,False,,"Tal file PacPal_Sold_homes_2021-present, pulled 8 Sep 2026",1064
,17832 Tramonto Dr,Pacific Palisades,CA,90272,Single Family Residential,2900000,4.0,3.0,4273.0,6235.0,1981.0,679.0,,Pacific Palisades,34.042885,-118.563785,,,View Listing,,False,,"Tal file PacPal_Sold_homes_2021-present, pulled 8 Sep 2026",1065
,17846 Lecco Ln,Pacific Palisades,CA,90272,Single Family Residential,4600000,3.0,3.0,2716.0,3692.0,1990.0,1694.0,,Pacific Palisades,34.041679,-118.5644096,,,View Listing,,False,,"Tal file PacPal_Sold_homes_2021-present, pulled 8 Sep 2026",1066
,18038 Blue Sail Dr,Pacific Palisades,CA,90272,Single Family Residential,8550000,4.0,5.0,3296.0,17133.0,1965.0,2594.0,,Pacific Palisades,34.0488623,-118.5686336,,,View Listing,,False,,"Tal file PacPal_Sold_homes_2021-present, pulled 8 Sep 2026",1067
,18048 Blue Sail Dr,Pacific Palisades,CA,90272,Single Family Residential,7250000,4.0,4.0,3039.0,17448.0,1965.0,2386.0,,Pacific Palisades,34.0489398,-118.5689763,,,View Listing,,False,,"Tal file PacPal_Sold_homes_2021-present, pulled 8 Sep 2026",1068
,207 Tranquillo Rd,Pacific Palisades,CA,90272,Single Family Residential,1670000,2.0,4.0,2441.0,6853.0,1954.0,684.0,,Pacific Palisades,34.0431028,-118.5627533,,,View Listing,,False,,"Tal file PacPal_Sold_homes_2021-present, pulled 8 Sep 2026",1069
,215 Quadro Vecchio Dr,Pacific Palisades,CA,90272,Single Family Residential,1788000,3.0,2.0,1699.0,6215.0,1950.0,1052.0,,Pacific Palisades,34.0424066,-118.5596184,,,View Listing,,False,,"Tal file PacPal_Sold_homes_2021-present, pulled 8 Sep 2026",1070
,231 Bellino Dr,Pacific Palisades,CA,90272,Single Family Residential,3100000,2.0,2.0,2358.0,8881.0,1949.0,1315.0,,Pacific Palisades,34.0429067,-118.5606424,,,View Listing,,False,,"Tal file PacPal_Sold_homes_2021-present, pulled 8 Sep 2026",1071
,250 Quadro Vecchio Dr,Pacific Palisades,CA,90272,Single Family Residential,2500000,3.0,2.0,1828.0,6303.0,1950.0,1368.0,,Pacific Palisades,34.0433279,-118.559321,,,View Listing,,False,,"Tal file PacPal_Sold_homes_2021-present, pulled 8 Sep 2026",1072
,251 W Channel Rd,Santa Monica,CA,90402,Single Family Residential,2500000,1.0,2.0,720.0,3612.0,1948.0,3472.0,,Outside Palisades,34.0303925,-118.516671,,,View Listing,,False,,"Tal file PacPal_Sold_homes_2021-present, pulled 8 Sep 2026",1073
,270 Amalfi Dr,Santa Monica,CA,90402,Single Family Residential,2750000,2.0,3.0,1744.0,6239.0,1938.0,1577.0,,Outside Palisades,34.0315988,-118.5145829,,,View Listing,,False,,"Tal file PacPal_Sold_homes_2021-present, pulled 8 Sep 2026",1074
,319 Sumac Ln,Santa Monica,CA,90402,Single Family Residential,4175000,3.0,2.0,2088.0,6703.0,1935.0,2000.0,,Outside Palisades,34.0324674,-118.5149799,,,View Listing,,False,,"Tal file PacPal_Sold_homes_2021-present, pulled 8 Sep 2026",1075
,321 Adelaide Dr,Santa Monica,CA,90402,Single Family Residential,1600000,4.0,4.0,3705.0,4730.0,1990.0,432.0,,Outside Palisades,34.0297594,-118.5131696,,,View Listing,,False,,"Tal file PacPal_Sold_homes_2021-present, pulled 8 Sep 2026",1076
,326 Beirut Ave,Pacific Palisades,CA,90272,Single Family Residential,1925000,4.0,3.0,2507.0,5001.0,1947.0,768.0,,Pacific Palisades,34.0366655,-118.5305611,,,View Listing,,False,,"Tal file PacPal_Sold_homes_2021-present, pulled 8 Sep 2026",1077
,326 Toyopa Dr,Pacific Palisades,CA,90272,Single Family Residential,5000000,6.0,5.0,6135.0,17089.0,1951.0,815.0,,Pacific Palisades,34.0337548,-118.5200051,,,View Listing,,False,,"Tal file PacPal_Sold_homes_2021-present, pulled 8 Sep 2026",1078
,338 Chautauqua Blvd,Pacific Palisades,CA,90272,Single Family Residential,3500000,2.0,3.0,3221.0,5010.0,2004.0,1087.0,,Pacific Palisades,34.032769,-118.5189339,,,View Listing,,False,,"Tal file PacPal_Sold_homes_2021-present, pulled 8 Sep 2026",1079
,338 E Rustic Rd,Santa Monica,CA,90402,Single Family Residential,4500000,2.0,1.0,884.0,5952.0,1946.0,5090.0,,Outside Palisades,34.0312922,-118.5164692,,,View Listing,,False,,"Tal file PacPal_Sold_homes_2021-present, pulled 8 Sep 2026",1080
,344 Entrada Dr,Santa Monica,CA,90402,Single Family Residential,3962000,2.0,1.0,1756.0,6003.0,1924.0,2256.0,,Outside Palisades,34.0300578,-118.5140483,,,View Listing,,False,,"Tal file PacPal_Sold_homes_2021-present, pulled 8 Sep 2026",1081
,360 Aderno Way,Pacific Palisades,CA,90272,Single Family Residential,3300000,3.0,2.0,1807.0,6404.0,1950.0,1826.0,,Pacific Palisades,34.0422872,-118.5440446,,,View Listing,,False,,"Tal file PacPal_Sold_homes_2021-present, pulled 8 Sep 2026",1082
,410 Amalfi Dr,Pacific Palisades,CA,90272,Single Family Residential,6500000,4.0,3.0,2870.0,15110.0,1951.0,2265.0,,Pacific Palisades,34.0337916,-118.514498,,,View Listing,,False,,"Tal file PacPal_Sold_homes_2021-present, pulled 8 Sep 2026",1083
,410 Via de la Paz,Pacific Palisades,CA,90272,Single Family Residential,2685000,6.0,9.0,7199.0,7503.0,2019.0,373.0,,Pacific Palisades,34.0373863,-118.5291974,,,View Listing,,False,,"Tal file PacPal_Sold_homes_2021-present, pulled 8 Sep 2026",1084
,411 Lombard Ave,Pacific Palisades,CA,90272,Single Family Residential,3500000,3.0,3.0,3974.0,8018.0,1979.0,881.0,,Pacific Palisades,34.036968,-118.527272,,,View Listing,,False,,"Tal file PacPal_Sold_homes_2021-present, pulled 8 Sep 2026",1085
,431 Alma Real Dr,Pacific Palisades,CA,90272,Single Family Residential,18000000,7.0,11.0,12904.0,15741.0,2007.0,1395.0,,Pacific Palisades,34.0366372,-118.5228007,,,View Listing,,False,,"Tal file PacPal_Sold_homes_2021-present, pulled 8 Sep 2026",1086
,442 Alma Real Dr,Pacific Palisades,CA,90272,Single Family Residential,4750000,3.0,4.0,2600.0,10623.0,1950.0,1827.0,,Pacific Palisades,34.0368465,-118.522272,,,View Listing,,False,,"Tal file PacPal_Sold_homes_2021-present, pulled 8 Sep 2026",1087
,450 Wynola St,Pacific Palisades,CA,90272,Single Family Residential,7800000,7.0,9.0,7255.0,10147.0,2009.0,1075.0,,Pacific Palisades,34.0416493,-118.5369969,,,View Listing,,False,,"Tal file PacPal_Sold_homes_2021-present, pulled 8 Sep 2026",1088
,476 El Medio Ave,Pacific Palisades,CA,90272,Single Family Residential,2500000,4.0,4.0,2807.0,9166.0,1938.0,891.0,,Pacific Palisades,34.0416488,-118.5346265,,,View Listing,,False,,"Tal file PacPal_Sold_homes_2021-present, pulled 8 Sep 2026",1089
,479 Mesa Rd,Santa Monica,CA,90402,Single Family Residential,5277500,4.0,4.0,3245.0,7389.0,1927.0,1626.0,,Outside Palisades,34.0346628,-118.5172928,,,View Listing,,False,,"Tal file PacPal_Sold_homes_2021-present, pulled 8 Sep 2026",1090
,504 E Rustic Rd,Santa Monica,CA,90402,Single Family Residential,6950000,5.0,4.0,3172.0,7497.0,2015.0,2191.0,,Outside Palisades,34.034208,-118.517686,,,View Listing,,False,,"Tal file PacPal_Sold_homes_2021-present, pulled 8 Sep 2026",1091
,507 Mount Holyoke Ave,Pacific Palisades,CA,90272,Single Family Residential,2000000,2.0,2.0,2026.0,5109.0,1949.0,987.0,,Pacific Palisades,34.0391342,-118.5315313,,,View Listing,,False,,"Tal file PacPal_Sold_homes_2021-present, pulled 8 Sep 2026",1092
,508 Chapala Dr,Pacific Palisades,CA,90272,Single Family Residential,12975000,6.0,8.0,8217.0,9083.0,2017.0,1579.0,,Pacific Palisades,34.0378367,-118.521031,,,View Listing,,False,,"Tal file PacPal_Sold_homes_2021-present, pulled 8 Sep 2026",1093
,512 Muskingum Pl,Pacific Palisades,CA,90272,Single Family Residential,2600000,3.0,4.0,1639.0,9086.0,1939.0,1586.0,,Pacific Palisades,34.0423565,-118.5382685,,,View Listing,,False,,"Tal file PacPal_Sold_homes_2021-present, pulled 8 Sep 2026",1094
,521 Radcliffe Ave,Pacific Palisades,CA,90272,Single Family Residential,45000,3.0,3.0,2436.0,28792.0,1948.0,18.0,,Pacific Palisades,34.0390263,-118.5324882,,,View Listing,,False,,"Tal file PacPal_Sold_homes_2021-present, pulled 8 Sep 2026",1095
,524 N Las Casas Ave,Pacific Palisades,CA,90272,Single Family Residential,4230000,4.0,4.0,3108.0,6014.0,2005.0,1361.0,,Pacific Palisades,34.0446006,-118.5430951,,,View Listing,,False,,"Tal file PacPal_Sold_homes_2021-present, pulled 8 Sep 2026",1096
,524 Ocampo Dr,Pacific Palisades,CA,90272,Single Family Residential,12900000,6.0,8.0,6900.0,8819.0,2018.0,1870.0,,Pacific Palisades,34.0375472,-118.5200758,,,View Listing,,False,,"Tal file PacPal_Sold_homes_2021-present, pulled 8 Sep 2026",1097
,524 Via de la Paz,Pacific Palisades,CA,90272,Other,3825000,3.0,2.0,,7502.0,1950.0,,,Pacific Palisades,34.0388696,-118.5288086,,,View Listing,,False,,"Tal file PacPal_Sold_homes_2021-present, pulled 8 Sep 2026",1098
,536 Stassi Ln,Santa Monica,CA,90402,Single Family Residential,2600000,2.0,2.0,1430.0,6794.0,1948.0,1818.0,,Outside Palisades,34.0328863,-118.5099016,,,View Listing,,False,,"Tal file PacPal_Sold_homes_2021-present, pulled 8 Sep 2026",1099
,539 Chapala Dr,Pacific Palisades,CA,90272,Single Family Residential,4000000,4.0,5.0,4162.0,8015.0,1999.0,961.0,,Pacific Palisades,34.0387823,-118.5213013,,,View Listing,,False,,"Tal file PacPal_Sold_homes_2021-present, pulled 8 Sep 2026",1100
,545 Spoleto Dr,Pacific Palisades,CA,90272,Single Family Residential,4200000,4.0,5.0,4221.0,17311.0,1936.0,995.0,,Pacific Palisades,34.0359669,-118.5146767,,,View Listing,,False,,"Tal file PacPal_Sold_homes_2021-present, pulled 8 Sep 2026",1101
,545 Swarthmore Ave,Pacific Palisades,CA,90272,Single Family Residential,1650000,4.0,2.0,1699.0,4995.0,1928.0,971.0,,Pacific Palisades,34.0393,-118.5282157,,,View Listing,,False,,"Tal file PacPal_Sold_homes_2021-present, pulled 8 Sep 2026",1102
,548 Chautauqua Blvd,Pacific Palisades,CA,90272,Single Family Residential,6541000,3.0,3.0,2845.0,22467.0,1954.0,2299.0,,Pacific Palisades,34.0372966,-118.5181879,,,View Listing,,False,,"Tal file PacPal_Sold_homes_2021-present, pulled 8 Sep 2026",1103
,549 Swarthmore Ave,Pacific Palisades,CA,90272,Single Family Residential,1725000,3.0,2.0,1286.0,4998.0,1949.0,1341.0,,Pacific Palisades,34.039388,-118.5282011,,,View Listing,,False,,"Tal file PacPal_Sold_homes_2021-present, pulled 8 Sep 2026",1104
,556 Chapala Dr,Pacific Palisades,CA,90272,Single Family Residential,4141000,4.0,3.0,2129.0,8721.0,1948.0,1945.0,,Pacific Palisades,34.0392909,-118.5207342,,,View Listing,,False,,"Tal file PacPal_Sold_homes_2021-present, pulled 8 Sep 2026",1105
,557 Swarthmore Ave,Pacific Palisades,CA,90272,Single Family Residential,1750000,3.0,2.0,1617.0,5000.0,1958.0,1082.0,,Pacific Palisades,34.039598,-118.5281928,,,View Listing,,False,,"Tal file PacPal_Sold_homes_2021-present, pulled 8 Sep 2026",1106
,560 Muskingum Ave,Pacific Palisades,CA,90272,Single Family Residential,1600000,3.0,3.0,2659.0,7167.0,1941.0,602.0,,Pacific Palisades,34.0443313,-118.5387082,,,View Listing,,False,,"Tal file PacPal_Sold_homes_2021-present, pulled 8 Sep 2026",1107
,565 Swarthmore Ave,Pacific Palisades,CA,90272,Single Family Residential,2200000,3.0,2.0,1118.0,5004.0,1946.0,1968.0,,Pacific Palisades,34.0398944,-118.5280741,,,View Listing,,False,,"Tal file PacPal_Sold_homes_2021-present, pulled 8 Sep 2026",1108
,568 Almar Ave,Pacific Palisades,CA,90272,Single Family Residential,5330000,5.0,6.0,3992.0,7113.0,2013.0,1335.0,,Pacific Palisades,34.0439974,-118.5365437,,,View Listing,,False,,"Tal file PacPal_Sold_homes_2021-present, pulled 8 Sep 2026",1109
,605 Swarthmore Ave,Pacific Palisades,CA,90272,Single Family Residential,4641000,5.0,5.0,3500.0,6030.0,1939.0,1326.0,,Pacific Palisades,34.0404446,-118.527973,,,View Listing,,False,,"Tal file PacPal_Sold_homes_2021-present, pulled 8 Sep 2026",1110
,606 Erskine Dr,Pacific Palisades,CA,90272,Single Family Residential,2600000,4.0,4.0,3845.0,11021.0,2000.0,676.0,,Pacific Palisades,34.0431692,-118.533152,,,View Listing,,False,,"Tal file PacPal_Sold_homes_2021-present, pulled 8 Sep 2026",1111
,607 Haverford Ave,Pacific Palisades,CA,90272,Single Family Residential,1220000,3.0,4.0,3502.0,4071.0,2007.0,348.0,,Pacific Palisades,34.0413218,-118.5302259,,,View Listing,,False,,"Tal file PacPal_Sold_homes_2021-present, pulled 8 Sep 2026",1112
,617 Swarthmore Ave,Pacific Palisades,CA,90272,Single Family Residential,1910000,3.0,2.0,1492.0,5113.0,1930.0,1280.0,,Pacific Palisades,34.0408403,-118.527942,,,View Listing,,False,,"Tal file PacPal_Sold_homes_2021-present, pulled 8 Sep 2026",1113
,619 Palmera Ave,Pacific Palisades,CA,90272,Single Family Residential,1500000,3.0,3.0,2270.0,4240.0,2002.0,661.0,,Pacific Palisades,34.0462544,-118.5389661,,,View Listing,,False,,"Tal file PacPal_Sold_homes_2021-present, pulled 8 Sep 2026",1114
,632 Ocampo Dr,Pacific Palisades,CA,90272,Single Family Residential,4330000,5.0,4.0,3610.0,8780.0,1932.0,1199.0,,Pacific Palisades,34.0396139,-118.5198547,,,View Listing,,False,,"Tal file PacPal_Sold_homes_2021-present, pulled 8 Sep 2026",1115
,635 Lachman Ln,Pacific Palisades,CA,90272,Single Family Residential,1800000,4.0,2.0,3628.0,8082.0,1953.0,496.0,,Pacific Palisades,34.0482024,-118.546733,,,View Listing,,False,,"Tal file PacPal_Sold_homes_2021-present, pulled 8 Sep 2026",1116
,635 N Las Casas Ave,Pacific Palisades,CA,90272,Single Family Residential,1749000,5.0,5.0,4045.0,6905.0,1990.0,432.0,,Pacific Palisades,34.0471991,-118.5425393,,,View Listing,,False,,"Tal file PacPal_Sold_homes_2021-present, pulled 8 Sep 2026",1117
,636 Via de la Paz,Pacific Palisades,CA,90272,Single Family Residential,3980000,3.0,5.0,3150.0,6002.0,1948.0,1263.0,,Pacific Palisades,34.041366,-118.5282361,,,View Listing,,False,,"Tal file PacPal_Sold_homes_2021-present, pulled 8 Sep 2026",1118
,639 Jacon Way,Pacific Palisades,CA,90272,Single Family Residential,2325000,3.0,2.0,2040.0,8344.0,1956.0,1140.0,,Pacific Palisades,34.0474997,-118.5476565,,,View Listing,,False,,"Tal file PacPal_Sold_homes_2021-present, pulled 8 Sep 2026",1119
,640 Enchanted Way,Pacific Palisades,CA,90272,Single Family Residential,2827500,3.0,2.0,2322.0,10133.0,1956.0,1218.0,,Pacific Palisades,34.0498453,-118.5484155,,,View Listing,,False,,"Tal file PacPal_Sold_homes_2021-present, pulled 8 Sep 2026",1120
,640 Hightree Rd,Santa Monica,CA,90402,Single Family Residential,5925000,4.0,3.0,3072.0,9565.0,1960.0,1929.0,,Outside Palisades,34.0395065,-118.515348,,,View Listing,,False,,"Tal file PacPal_Sold_homes_2021-present, pulled 8 Sep 2026",1121
,641 Swarthmore Ave,Pacific Palisades,CA,90272,Single Family Residential,1225000,2.0,1.0,1040.0,4363.0,1929.0,1178.0,,Pacific Palisades,34.0414211,-118.527824,,,View Listing,,False,,"Tal file PacPal_Sold_homes_2021-present, pulled 8 Sep 2026",1122
,642 Baylor St,Pacific Palisades,CA,90272,Single Family Residential,1872000,5.0,3.0,2310.0,6509.0,1946.0,810.0,,Pacific Palisades,34.0474269,-118.5430441,,,View Listing,,False,,"Tal file PacPal_Sold_homes_2021-present, pulled 8 Sep 2026",1123
,645 Ocampo Dr,Pacific Palisades,CA,90272,Single Family Residential,4100000,4.0,4.0,4070.0,8202.0,1952.0,1007.0,,Pacific Palisades,34.0398209,-118.5205454,,,View Listing,,False,,"Tal file PacPal_Sold_homes_2021-present, pulled 8 Sep 2026",1124
,655 Brooktree Rd,Santa Monica,CA,90402,Single Family Residential,7100000,6.0,4.0,3750.0,13531.0,1953.0,1893.0,,Outside Palisades,34.0395945,-118.5144305,,,View Listing,,False,,"Tal file PacPal_Sold_homes_2021-present, pulled 8 Sep 2026",1125
,655 Las Lomas Ave,Pacific Palisades,CA,90272,Single Family Residential,993500,3.0,3.0,1695.0,5725.0,1950.0,586.0,,Pacific Palisades,34.0474135,-118.5394867,,,View Listing,,False,,"Tal file PacPal_Sold_homes_2021-present, pulled 8 Sep 2026",1126
,660 Brooktree Rd,Santa Monica,CA,90402,Single Family Residential,6619500,4.0,3.0,2471.0,14983.0,1953.0,2679.0,,Outside Palisades,34.0402595,-118.5143557,,,View Listing,,False,,"Tal file PacPal_Sold_homes_2021-present, pulled 8 Sep 2026",1127
,660 El Medio Ave,Pacific Palisades,CA,90272,Single Family Residential,5595000,4.0,4.0,3936.0,6444.0,2012.0,1421.0,,Pacific Palisades,34.044405,-118.533583,,,View Listing,,False,,"Tal file PacPal_Sold_homes_2021-present, pulled 8 Sep 2026",1128
,663 Radcliffe Ave,Pacific Palisades,CA,90272,Single Family Residential,750000,2.0,2.0,2144.0,8985.0,1925.0,350.0,,Pacific Palisades,34.0428033,-118.5309422,,,View Listing,,False,,"Tal file PacPal_Sold_homes_2021-present, pulled 8 Sep 2026",1129
,665 E Channel Rd,Santa Monica,CA,90402,Single Family Residential,12000000,4.0,4.0,5571.0,37667.0,1978.0,2154.0,,Outside Palisades,34.0391476,-118.510773,,,View Listing,,False,,"Tal file PacPal_Sold_homes_2021-present, pulled 8 Sep 2026",1130
,671 Via de la Paz,Pacific Palisades,CA,90272,Single Family Residential,500000,3.0,3.0,2234.0,7699.0,1941.0,224.0,,Pacific Palisades,34.042428,-118.5287009,,,View Listing,,False,,"Tal file PacPal_Sold_homes_2021-present, pulled 8 Sep 2026",1131
,679 Hampden Pl,Pacific Palisades,CA,90272,Single Family Residential,3400000,3.0,3.0,2180.0,3088.0,1949.0,1560.0,,Pacific Palisades,34.0421908,-118.5267719,,,View Listing,,False,,"Tal file PacPal_Sold_homes_2021-present, pulled 8 Sep 2026",1132
,682 Alma Real Dr,Pacific Palisades,CA,90272,Single Family Residential,4400000,2.0,3.0,1763.0,10687.0,1951.0,2496.0,,Pacific Palisades,34.0402952,-118.52323,,,View Listing,,False,,"Tal file PacPal_Sold_homes_2021-present, pulled 8 Sep 2026",1133
,687 Hampden Pl,Pacific Palisades,CA,90272,Single Family Residential,1100000,3.0,2.0,1025.0,2906.0,1948.0,1073.0,,Pacific Palisades,34.0423834,-118.5266946,,,View Listing,,False,,"Tal file PacPal_Sold_homes_2021-present, pulled 8 Sep 2026",1134
,705 Radcliffe Ave,Pacific Palisades,CA,90272,Single Family Residential,1675000,4.0,4.0,3266.0,7835.0,1950.0,513.0,,Pacific Palisades,34.043328,-118.530909,,,View Listing,,False,,"Tal file PacPal_Sold_homes_2021-present, pulled 8 Sep 2026",1135
,707 Brooktree Rd,Pacific Palisades,CA,90272,Single Family Residential,8225000,3.0,4.0,3071.0,13036.0,1948.0,2678.0,,Pacific Palisades,34.0407775,-118.5157362,,,View Listing,,False,,"Tal file PacPal_Sold_homes_2021-present, pulled 8 Sep 2026",1136
,712 Hampden Pl,Pacific Palisades,CA,90272,Single Family Residential,6650000,4.0,1.0,3403.0,9352.0,2022.0,1954.0,,Pacific Palisades,34.0426913,-118.5261943,,,View Listing,,False,,"Tal file PacPal_Sold_homes_2021-present, pulled 8 Sep 2026",1137
,713 Hampden Pl,Pacific Palisades,CA,90272,Single Family Residential,1938500,2.0,1.0,850.0,2923.0,1925.0,2281.0,,Pacific Palisades,34.0426492,-118.5265796,,,View Listing,,False,,"Tal file PacPal_Sold_homes_2021-present, pulled 8 Sep 2026",1138
,716 Greentree Rd,Pacific Palisades,CA,90272,Single Family Residential,5905000,4.0,3.0,4554.0,12259.0,1947.0,1297.0,,Pacific Palisades,34.0412405,-118.5162214,,,View Listing,,False,,"Tal file PacPal_Sold_homes_2021-present, pulled 8 Sep 2026",1139
,728 Brooktree Rd,Pacific Palisades,CA,90272,Single Family Residential,6450000,4.0,3.0,2677.0,16344.0,1950.0,2409.0,,Pacific Palisades,34.0416201,-118.5149034,,,View Listing,,False,,"Tal file PacPal_Sold_homes_2021-present, pulled 8 Sep 2026",1140
,731 Greentree Rd,Pacific Palisades,CA,90272,Single Family Residential,5000000,3.0,3.0,2142.0,18196.0,1949.0,2334.0,,Pacific Palisades,34.0423748,-118.5165563,,,View Listing,,False,,"Tal file PacPal_Sold_homes_2021-present, pulled 8 Sep 2026",1141
,737 Enchanted Way,Pacific Palisades,CA,90272,Single Family Residential,2015000,3.0,2.0,2107.0,10970.0,1956.0,956.0,,Pacific Palisades,34.0493987,-118.5495058,,,View Listing,,False,,"Tal file PacPal_Sold_homes_2021-present, pulled 8 Sep 2026",1142
,747 Ocampo Dr,Pacific Palisades,CA,90272,Single Family Residential,3850000,5.0,6.0,4430.0,8627.0,1952.0,869.0,,Pacific Palisades,34.0414839,-118.5218992,,,View Listing,,False,,"Tal file PacPal_Sold_homes_2021-present, pulled 8 Sep 2026",1143
,748 Patterson Pl,Pacific Palisades,CA,90272,Single Family Residential,3500000,5.0,6.0,4784.0,9365.0,1994.0,732.0,,Pacific Palisades,34.0437449,-118.5256115,,,View Listing,,False,,"Tal file PacPal_Sold_homes_2021-present, pulled 8 Sep 2026",1144
,752 Via de la Paz,Pacific Palisades,CA,90272,Single Family Residential,2620000,5.0,5.0,3460.0,7502.0,1951.0,757.0,,Pacific Palisades,34.0439962,-118.527517,,,View Listing,,False,,"Tal file PacPal_Sold_homes_2021-present, pulled 8 Sep 2026",1145
,754 Swarthmore Ave,Pacific Palisades,CA,90272,Single Family Residential,3500000,,,,7002.0,,,,Pacific Palisades,34.043852,-118.5264364,,,View Listing,,False,,"Tal file PacPal_Sold_homes_2021-present, pulled 8 Sep 2026",1146
,757 Swarthmore Ave,Pacific Palisades,CA,90272,Single Family Residential,2500000,3.0,3.0,1824.0,9010.0,1940.0,1371.0,,Pacific Palisades,34.0440723,-118.5269355,,,View Listing,,False,,"Tal file PacPal_Sold_homes_2021-present, pulled 8 Sep 2026",1147
,759 Ocampo Dr,Pacific Palisades,CA,90272,Single Family Residential,3700000,3.0,3.0,2894.0,8628.0,1929.0,1279.0,,Pacific Palisades,34.0417695,-118.5222385,,,View Listing,,False,,"Tal file PacPal_Sold_homes_2021-present, pulled 8 Sep 2026",1148
,760 Latimer Rd,Santa Monica,CA,90402,Single Family Residential,4925000,3.0,2.0,2994.0,10689.0,1951.0,1645.0,,Outside Palisades,34.0432569,-118.512263,,,View Listing,,False,,"Tal file PacPal_Sold_homes_2021-present, pulled 8 Sep 2026",1149
,761 Enchanted Way,Pacific Palisades,CA,90272,Single Family Residential,1000000,3.0,3.0,2208.0,11838.0,1957.0,453.0,,Pacific Palisades,34.0500646,-118.5493954,,,View Listing,,False,,"Tal file PacPal_Sold_homes_2021-present, pulled 8 Sep 2026",1150
,762 Latimer Rd,Santa Monica,CA,90402,Single Family Residential,3585000,3.0,3.5,3574.0,20040.0,1980.0,1003.0,,Outside Palisades,34.0431543,-118.5118737,,,View Listing,,False,,"Tal file PacPal_Sold_homes_2021-present, pulled 8 Sep 2026",1151
,767 Hartzell St,Pacific Palisades,CA,90272,Single Family Residential,1575000,4.0,2.0,2656.0,6501.0,1941.0,593.0,,Pacific Palisades,34.0430912,-118.5194387,,,View Listing,,False,,"Tal file PacPal_Sold_homes_2021-present, pulled 8 Sep 2026",1152
,771 Iliff St,Pacific Palisades,CA,90272,Single Family Residential,4900000,2.0,1.0,4347.0,7151.0,2023.0,1127.0,,Pacific Palisades,34.0433947,-118.5184328,,,View Listing,,False,,"Tal file PacPal_Sold_homes_2021-present, pulled 8 Sep 2026",1153
,772 Hartzell St,Pacific Palisades,CA,90272,Single Family Residential,3787500,5.0,5.0,4034.0,7152.0,2009.0,939.0,,Pacific Palisades,34.0433064,-118.5189196,,,View Listing,,False,,"Tal file PacPal_Sold_homes_2021-present, pulled 8 Sep 2026",1154
,772 Kingman Ave,Santa Monica,CA,90402,Single Family Residential,4950000,5.0,5.0,4558.0,14796.0,1973.0,1086.0,,Outside Palisades,34.0394363,-118.5081179,,,View Listing,,False,,"Tal file PacPal_Sold_homes_2021-present, pulled 8 Sep 2026",1155
,784 Ocampo Dr,Pacific Palisades,CA,90272,Single Family Residential,6700000,5.0,5.5,4500.0,8052.0,1951.0,1489.0,,Pacific Palisades,34.0427036,-118.5225,,,View Listing,,False,,"Tal file PacPal_Sold_homes_2021-present, pulled 8 Sep 2026",1156
,794 Brooktree Rd,Pacific Palisades,CA,90272,Single Family Residential,7210000,6.0,3.0,3298.0,15205.0,1955.0,2186.0,,Pacific Palisades,34.0434626,-118.5137272,,,View Listing,,False,,"Tal file PacPal_Sold_homes_2021-present, pulled 8 Sep 2026",1157
,798 Brooktree Rd,Pacific Palisades,CA,90272,Single Family Residential,5150000,3.0,4.0,4101.0,8940.0,1957.0,1256.0,,Pacific Palisades,34.0436088,-118.5140231,,,View Listing,,False,,"Tal file PacPal_Sold_homes_2021-present, pulled 8 Sep 2026",1158
,811 Haverford Ave,Pacific Palisades,CA,90272,Condo/Co-op,1850000,2.0,3.0,1759.0,,1974.0,1052.0,,Pacific Palisades,34.0453038,-118.5291436,,,View Listing,,False,,"Tal file PacPal_Sold_homes_2021-present, pulled 8 Sep 2026",1159
,814 Hartzell St,Pacific Palisades,CA,90272,Single Family Residential,2941000,5.0,4.0,3477.0,5202.0,2019.0,846.0,,Pacific Palisades,34.0438971,-118.5190337,,,View Listing,,False,,"Tal file PacPal_Sold_homes_2021-present, pulled 8 Sep 2026",1160
,818 Hartzell St,Pacific Palisades,CA,90272,Single Family Residential,2775000,2.0,2.0,1080.0,5201.0,1927.0,2569.0,,Pacific Palisades,34.0440551,-118.5191221,,,View Listing,,False,,"Tal file PacPal_Sold_homes_2021-present, pulled 8 Sep 2026",1161
,827 Chautauqua Blvd,Pacific Palisades,CA,90272,Single Family Residential,1710000,3.0,3.0,2104.0,6495.0,1940.0,813.0,,Pacific Palisades,34.044485,-118.5176692,,,View Listing,,False,,"Tal file PacPal_Sold_homes_2021-present, pulled 8 Sep 2026",1162
,833 Toyopa Dr,Pacific Palisades,CA,90272,Single Family Residential,3300000,5.0,6.0,4488.0,8053.0,2006.0,735.0,,Pacific Palisades,34.0430933,-118.5224184,,,View Listing,,False,,"Tal file PacPal_Sold_homes_2021-present, pulled 8 Sep 2026",1163
,837 Chautauqua Blvd,Pacific Palisades,CA,90272,Single Family Residential,2120000,5.0,6.0,4354.0,6495.0,1948.0,487.0,,Pacific Palisades,34.0446304,-118.5177469,,,View Listing,,False,,"Tal file PacPal_Sold_homes_2021-present, pulled 8 Sep 2026",1164
,837 Iliff St,Pacific Palisades,CA,90272,Single Family Residential,2650000,5.0,6.0,3932.0,6502.0,2017.0,674.0,,Pacific Palisades,34.0446117,-118.5187127,,,View Listing,,False,,"Tal file PacPal_Sold_homes_2021-present, pulled 8 Sep 2026",1165
,843 Galloway St,Pacific Palisades,CA,90272,Single Family Residential,1750000,4.0,4.0,3000.0,5198.0,2018.0,583.0,,Pacific Palisades,34.0444147,-118.5208057,,,View Listing,,False,,"Tal file PacPal_Sold_homes_2021-present, pulled 8 Sep 2026",1166
,844 Fiske St,Pacific Palisades,CA,90272,Single Family Residential,4375000,5.0,6.0,3399.0,5198.0,2021.0,1287.0,,Pacific Palisades,34.0443443,-118.521223,,,View Listing,,False,,"Tal file PacPal_Sold_homes_2021-present, pulled 8 Sep 2026",1167
,862 Galloway St,Pacific Palisades,CA,90272,Single Family Residential,1715000,5.0,6.0,3121.0,5206.0,2016.0,550.0,,Pacific Palisades,34.0450538,-118.5203108,,,View Listing,,False,,"Tal file PacPal_Sold_homes_2021-present, pulled 8 Sep 2026",1168
,867 Galloway St,Pacific Palisades,CA,90272,Single Family Residential,1900000,5.0,5.0,4672.0,5197.0,2015.0,407.0,,Pacific Palisades,34.0450639,-118.5209617,,,View Listing,,False,,"Tal file PacPal_Sold_homes_2021-present, pulled 8 Sep 2026",1169
,871 Hartzell St,Pacific Palisades,CA,90272,Single Family Residential,1600000,2.0,2.0,1503.0,5205.0,1923.0,1065.0,,Pacific Palisades,34.0453207,-118.5199361,,,View Listing,,False,,"Tal file PacPal_Sold_homes_2021-present, pulled 8 Sep 2026",1170
,878 Lachman Ln,Pacific Palisades,CA,90272,Single Family Residential,2617000,3.0,3.0,2257.0,9418.0,1957.0,1160.0,,Pacific Palisades,34.051499,-118.5446974,,,View Listing,,False,,"Tal file PacPal_Sold_homes_2021-present, pulled 8 Sep 2026",1171
,901 Iliff St,Pacific Palisades,CA,90272,Single Family Residential,3500000,3.0,1.0,,7475.0,1940.0,,,Pacific Palisades,34.0459842,-118.5190356,,,View Listing,,False,,"Tal file PacPal_Sold_homes_2021-present, pulled 8 Sep 2026",1172
,906 Iliff St,Pacific Palisades,CA,90272,Single Family Residential,1679000,3.0,3.0,3175.0,6500.0,2002.0,529.0,,Pacific Palisades,34.0462086,-118.5185452,,,View Listing,,False,,"Tal file PacPal_Sold_homes_2021-present, pulled 8 Sep 2026",1173
,907 Iliff St,Pacific Palisades,CA,90272,Single Family Residential,2060000,2.0,1.0,1128.0,6501.0,1941.0,1826.0,,Pacific Palisades,34.0462334,-118.5190762,,,View Listing,,False,,"Tal file PacPal_Sold_homes_2021-present, pulled 8 Sep 2026",1174
,912 Lachman Ln,Pacific Palisades,CA,90272,Single Family Residential,619000,4.0,3.0,2406.0,7760.0,1957.0,257.0,,Pacific Palisades,34.0519461,-118.5445506,,,View Listing,,False,,"Tal file PacPal_Sold_homes_2021-present, pulled 8 Sep 2026",1175
,915 Kagawa St,Pacific Palisades,CA,90272,Single Family Residential,3400000,3.0,2.0,1652.0,6501.0,1963.0,2058.0,,Pacific Palisades,34.0465269,-118.5182024,,,View Listing,,False,,"Tal file PacPal_Sold_homes_2021-present, pulled 8 Sep 2026",1176
,926 Iliff St,Pacific Palisades,CA,90272,Single Family Residential,1700000,5.0,8.0,4115.0,6499.0,1955.0,413.0,,Pacific Palisades,34.0467488,-118.5186289,,,View Listing,,False,,"Tal file PacPal_Sold_homes_2021-present, pulled 8 Sep 2026",1177
,928 Chautauqua Blvd,Pacific Palisades,CA,90272,Single Family Residential,3800000,4.0,4.0,3284.0,14257.0,1929.0,1157.0,,Pacific Palisades,34.0471617,-118.5160618,,,View Listing,,False,,"Tal file PacPal_Sold_homes_2021-present, pulled 8 Sep 2026",1178
,937 Iliff St,Pacific Palisades,CA,90272,Single Family Residential,2000000,3.0,2.0,1821.0,6502.0,1947.0,1098.0,,Pacific Palisades,34.0469499,-118.5192448,,,View Listing,,False,,"Tal file PacPal_Sold_homes_2021-present, pulled 8 Sep 2026",1179
,940 Las Pulgas Rd,Pacific Palisades,CA,90272,Single Family Residential,1800000,3.0,3.0,1806.0,10824.0,1952.0,997.0,,Pacific Palisades,34.0508062,-118.5374748,,,View Listing,,False,,"Tal file PacPal_Sold_homes_2021-present, pulled 8 Sep 2026",1180
,942 Embury St,Pacific Palisades,CA,90272,Single Family Residential,1650000,5.0,6.0,3260.0,5205.0,2015.0,506.0,,Pacific Palisades,34.0465201,-118.5227397,,,View Listing,,False,,"Tal file PacPal_Sold_homes_2021-present, pulled 8 Sep 2026",1181
,949 Enchanted Way,Pacific Palisades,CA,90272,Single Family Residential,1600000,4.0,3.0,2881.0,9705.0,1957.0,555.0,,Pacific Palisades,34.0536732,-118.5490943,,,View Listing,,False,,"Tal file PacPal_Sold_homes_2021-present, pulled 8 Sep 2026",1182
,951 Embury St,Pacific Palisades,CA,90272,Single Family Residential,2895000,5.0,2.0,3229.0,5196.0,1947.0,897.0,,Pacific Palisades,34.0466508,-118.5233334,,,View Listing,,False,,"Tal file PacPal_Sold_homes_2021-present, pulled 8 Sep 2026",1183
,957 Corsica Dr,Pacific Palisades,CA,90272,Single Family Residential,14950000,7.0,9.0,8637.0,13375.0,2014.0,1731.0,,Pacific Palisades,34.0456195,-118.5081553,,,View Listing,,False,,"Tal file PacPal_Sold_homes_2021-present, pulled 8 Sep 2026",1184
,958 Galloway St,Pacific Palisades,CA,90272,Single Family Residential,2150000,5.0,5.5,4100.0,6192.0,2014.0,524.0,,Pacific Palisades,34.0472782,-118.5208594,,,View Listing,,False,,"Tal file PacPal_Sold_homes_2021-present, pulled 8 Sep 2026",1185
