sold_date,address,price,sqft,psf,year_built,lot_sf,lat,lon,source,mls,url,damage,nbhd,nearest_ref_m,qualifies,reason,added_on
2026-09-30,16778 Calle Arbolada,2210000,3452,640,1994,6385,34.075777,-118.552159,Redfin (Sold),26874493,https://www.redfin.com/CA/Pacific-Palisades/16778-Calle-Arbolada-90272/home/6849213,,ENC,152,N,built before 2010,2026-10-01
2026-09-29,1228 Amalfi Dr,12475000,8045,1551,1999,17507,34.052113,-118.505454,Redfin (Sold),26871243,https://www.redfin.com/CA/Pacific-Palisades/1228-Amalfi-Dr-90272/home/6846945,,RIV,503,N,built before 2010,2026-10-01
2026-09-22,445 Toyopa Dr,5344935,3259,1640,1963,9019,34.035341,-118.520858,Redfin (Sold),26872615,https://www.redfin.com/CA/Pacific-Palisades/445-Toyopa-Dr-90272/home/6841093,,HUNT,215,N,built before 2010,2026-10-01
2026-09-08,1322 Avenida De Cortez,2360000,2764,854,1975,6327,34.071647,-118.559157,Redfin (Sold),26862289,https://www.redfin.com/CA/Pacific-Palisades/1322-Avenida-de-Cortez-90272/home/6848044,,HIGH,477,N,built before 2010,2026-10-01
2026-08-31,773 Via De La Paz,3429563,2220,1545,1939,8297,34.044756,-118.528113,Redfin (Sold),26866149,https://www.redfin.com/CA/Pacific-Palisades/773-Via-de-la-Paz-90272/home/6841419,,VDLP,121,N,built before 2010,2026-10-01
2026-08-31,14816 Drummond St,3005000,2343,1283,2026,5303,34.043138,-118.519780,Redfin (Sold),26842837,https://www.redfin.com/CA/Pacific-Palisades/14816-Drummond-St-90272/home/6846753,Destroyed (>50%),ALPHA,104,Y,,2026-10-01
2026-08-28,18073 Sandy Cape Dr,2735000,2910,940,1965,20389,34.048262,-118.569441,Redfin (Sold),26848989,https://www.redfin.com/CA/Pacific-Palisades/18073-Sandy-Cape-Dr-90272/home/6851185,,CAST,630,N,built before 2010,2026-10-01
2026-08-28,241 Alma Real Dr,11148750,7539,1479,1930,21780,34.033831,-118.524484,Redfin (Sold),26851235,https://www.redfin.com/CA/Pacific-Palisades/241-Alma-Real-Dr-90272/home/187225168,,VDLP,184,N,built before 2010,2026-10-01
2026-08-21,16661 Charmel Ln,4390250,3401,1291,1965,15822,34.058410,-118.547013,Redfin (Sold),26856521,https://www.redfin.com/CA/Pacific-Palisades/16661-Charmel-Ln-90272/home/6845201,,MK,160,N,built before 2010,2026-10-01
2026-08-21,13524 D'este Dr,9215000,6320,1458,1996,17006,34.056936,-118.499079,Redfin (Sold),25602237,https://www.redfin.com/CA/Pacific-Palisades/Unknown-90272/home/6847172,,RIV,285,N,built before 2010,2026-10-01
2026-08-17,16037 Junaluska Way,4950000,4328,1144,2014,6613,34.047481,-118.535407,Redfin (Sold),26829945,https://www.redfin.com/CA/Pacific-Palisades/16037-Junaluska-Way-90272/home/6841994,No Damage,BLUFF,93,Y,,2026-10-01
2026-08-17,16045 Northfield St,4750000,4130,1150,2018,5651,34.046673,-118.535666,Redfin (Sold),26856137,https://www.redfin.com/CA/Pacific-Palisades/16045-Northfield-St-90272/home/6842037,No Damage,BLUFF,3,Y,,2026-10-01
2026-08-14,1227 Tellem Dr,5395000,3503,1540,1963,10987,34.057956,-118.544973,Redfin (Sold),26832659,https://www.redfin.com/CA/Pacific-Palisades/1227-Tellem-Dr-90272/home/6845112,,MK,33,N,built before 2010,2026-10-01
2026-08-14,16999 Avenida De Santa Ynez,1762500,2475,712,1975,5542,34.072685,-118.559551,Redfin (Sold),25613721,https://www.redfin.com/CA/Pacific-Palisades/16999-Avenida-de-Santa-Ynez-90272/home/6848060,,HIGH,381,N,built before 2010,2026-10-01
2026-08-11,1231 El Hito Cir,3125000,2322,1346,1972,8212,34.057664,-118.541262,Redfin (Sold),26852637,https://www.redfin.com/CA/Pacific-Palisades/1231-El-Hito-Cir-90272/home/6844978,,MK,99,N,built before 2010,2026-10-01
2026-08-03,483 Arbramar Ave,3375000,3151,1071,1950,5935,34.042057,-118.536285,Redfin (Sold),26845833,https://www.redfin.com/CA/Pacific-Palisades/483-Arbramar-Ave-90272/home/6842139,,BLUFF,201,N,built before 2010,2026-10-01
2026-07-24,521 Amalfi Dr,9350000,6075,1539,1949,13575,34.0344499,-118.5141816,Tal MLS export,26830657,,,HUNT,602,N,built before 2010,2026-10-01
2026-07-24,1474 Paseo De Oro,2385000,2952,808,1997,90412,34.0751161,-118.552011,Tal MLS export,26848207,,,ENC,226,N,built before 2010,2026-10-01
2026-07-21,700 Chapala Dr,5000000,7250,690,2003,14723,34.040392,-118.5212556,Tal MLS export,26807063,,,HUNT,55,N,built before 2010,2026-10-01
2026-07-21,528 Chautauqua Blvd,7900000,4154,1902,1938,22556,34.0367767,-118.5184554,Tal MLS export,26848697,,,HUNT,137,N,built before 2010,2026-10-01
2026-07-20,501 Ocampo Dr,5390000,2221,2427,1951,8731,34.0373744,-118.5208718,Tal MLS export,26654847,,,HUNT,95,N,built before 2010,2026-10-01
2026-07-15,1256 Bienveneda Ave,1850000,1754,1055,1972,7976,34.0583006,-118.5421251,Tal MLS export,26860431,,,MK,118,N,"under 2,000 sf",2026-10-01
2026-07-14,1480 Capri Dr,18000000,9239,1948,2021,16405,34.0568506,-118.5021577,Tal MLS export,26656927,,Not in county fire-damage data,RIV,12,Y,,2026-10-01
2026-07-09,259 Quadro Vecchio Dr,2025000,1970,1028,1963,6221,34.0434771,-118.559909,Tal MLS export,26836759,,,CAST,217,N,"under 2,000 sf",2026-10-01
2026-07-07,716 Almar Ave,4675000,3756,1245,1995,7771,34.0459818,-118.5343013,Tal MLS export,26856611,,,BLUFF,87,N,built before 2010,2026-10-01
2026-06-26,16705 Charmel Ln,6500000,3500,1857,1966,14799,34.0581007,-118.5486172,Tal MLS export,26827431,,,MK,201,N,built before 2010,2026-10-01
2026-06-18,432 Ocampo Dr,4920000,2633,1869,1951,9570,34.0362866,-118.5213211,Tal MLS export,26834981,,,HUNT,160,N,built before 2010,2026-10-01
2026-06-18,17211 Avenida De La Herradura,2450000,3083,795,1977,7923,34.077991,-118.5601472,Tal MLS export,26851217,,,HIGH,134,N,built before 2010,2026-10-01
2026-06-18,16641 Linda Ter,2200000,1466,1501,1954,7582,34.0492535,-118.544967,Tal MLS export,26827479,,,MK,210,N,"under 2,000 sf",2026-10-01
2026-06-17,521 Toyopa Dr,9200000,4781,1924,2013,8186,34.0371117,-118.5199031,Tal MLS export,26851879,,No Damage,HUNT,1,Y,,2026-10-01
2026-06-16,672 Amalfi Dr,6099750,3751,1626,1952,14035,34.0398927,-118.511477,Tal MLS export,26835625,,,ALPHA,459,N,built before 2010,2026-10-01
2026-06-15,1580 San Remo Dr,14250000,4291,3321,1950,37615,34.0598578,-118.4995062,Tal MLS export,26655537,,,RIV,424,N,built before 2010,2026-10-01
2026-06-12,782 Ranch Ln,9735000,6652,1463,2012,9184,34.0431629,-118.5146214,Tal MLS export,26647945,,Not in county fire-damage data,RUSTIC,5,Y,,2026-10-01
2026-06-12,18053 Blue Sail Dr,3058985,3158,969,1965,25574,34.0494321,-118.5691929,Tal MLS export,26775655,,,CAST,726,N,built before 2010,2026-10-01
2026-06-11,17763 Sabbiadoro Way,4440000,,,1954,8984,34.0447108,-118.5619041,Tal MLS export,26684617,,,CAST,131,N,"under 2,000 sf",2026-10-01
2026-06-11,913 Chattanooga Ave,2480000,1820,1363,1957,8814,34.050852,-118.5439914,Tal MLS export,26829255,,,MK,100,N,"under 2,000 sf",2026-10-01
2026-06-04,1362 Marinette Rd,3108578,2049,1517,1957,15422,34.0548931,-118.5200868,Tal MLS export,26829473,,,ALPHA,140,N,built before 2010,2026-10-01
2026-06-01,16787 Monte Hermoso Dr,3400000,4441,766,1987,27855,34.0694216,-118.5532703,Tal MLS export,25610259,,,HIGH,64,N,built before 2010,2026-10-01
2026-06-01,16485 El Hito Pl,3195000,2733,1169,1978,26903,34.0598548,-118.5420123,Tal MLS export,26741461,,,MK,291,N,built before 2010,2026-10-01
2026-05-29,17335 Tramonto Dr,6600000,7328,901,2020,20311,34.0416933,-118.555493,Tal MLS export,26671689,,Affected (1-9%),CAST,307,Y,,2026-10-01
2026-05-29,644 Amalfi Dr,10019375,5330,1880,1980,12828,34.0388684,-118.5118508,Tal MLS export,26635599,,,ALPHA,536,N,built before 2010,2026-10-01
2026-05-22,1022 Tellem Dr,2995000,1881,1592,1959,10053,34.0548566,-118.5460783,Tal MLS export,26837439,,,MK,110,N,"under 2,000 sf",2026-10-01
2026-05-22,1274 Calle De Sevilla,2625000,3648,720,1974,6295,34.0691291,-118.5587663,Tal MLS export,26669777,,,HIGH,433,N,built before 2010,2026-10-01
2026-05-19,15328 De Pauw St,2575000,1951,1320,1941,7471,34.0396067,-118.5271612,Tal MLS export,26641771,,,VDLP,61,N,"under 2,000 sf",2026-10-01
2026-05-18,1423 Avenida De Cortez,2160000,3250,665,1973,6326,34.0733271,-118.5631531,Tal MLS export,26665841,,,HIGH,564,N,built before 2010,2026-10-01
2026-05-11,522 Arbramar Ave,3600000,3594,1002,1938,8721,34.0428316,-118.5355037,Tal MLS export,26665235,,,BLUFF,158,N,built before 2010,2026-10-01
2026-05-08,216 Notteargenta Rd,4600000,,,1928,7333,34.0432858,-118.56116,Tal MLS export,26713951,,,CAST,230,N,"under 2,000 sf",2026-10-01
2026-05-05,14903 Pampas Ricas Blvd,6600000,3445,1916,1949,13800,34.0408887,-118.5199123,Tal MLS export,25622295,,,HUNT,148,N,built before 2010,2026-10-01
2026-05-04,17207 Avenida De La Herradura,1800000,2207,816,1977,6607,34.077794,-118.560405,Tal MLS export,SB25243469,,,HIGH,126,N,built before 2010,2026-10-01
2026-04-23,864 Bienveneda Ave,2390000,1885,1268,1953,7299,34.0503882,-118.5387846,Tal MLS export,26667975,,,UPS,43,N,"under 2,000 sf",2026-10-01
2026-04-22,501 Toyopa Dr,7762750,5782,1343,2006,9930,34.0367702,-118.5201759,Tal MLS export,26647309,,,HUNT,46,N,built before 2010,2026-10-01
2026-04-21,16868 Calle De Sarah,3875000,5791,669,1995,15011,34.077868,-118.5516598,Tal MLS export,26632697,,,ENC,90,N,built before 2010,2026-10-01
2026-04-20,15901 Junaluska Way,2830000,2262,1251,1960,6727,34.0470964,-118.5337843,Tal MLS export,26662741,,,BLUFF,158,N,built before 2010,2026-10-01
2026-04-14,1257 Bienveneda Ave,2843500,2789,1020,1972,16235,34.0580236,-118.5424926,Tal MLS export,26640209,,,MK,91,N,built before 2010,2026-10-01
2026-04-14,16906 Enchanted Pl,3575000,2901,1232,1957,9874,34.0513662,-118.5482007,Tal MLS export,26658305,,,MK,57,N,built before 2010,2026-10-01
2026-04-03,735 Lachman Ln,3965000,3663,1082,1954,7410,34.0495841,-118.5460616,Tal MLS export,26637483,,,MK,232,N,built before 2010,2026-10-01
2026-04-01,550 Almar Ave,2575000,2158,1193,1940,7937,34.0432855,-118.5365715,Tal MLS export,26652221,,,BLUFF,78,N,built before 2010,2026-10-01
2026-04-01,1387 Avenida De Cortez,2295000,2857,803,1973,6648,34.0721517,-118.5624642,Tal MLS export,26653589,,,HIGH,590,N,built before 2010,2026-10-01
2026-03-26,1347 Avenida De Cortez,1873000,2409,778,1973,7260,34.07175,-118.56039,Tal MLS export,25595359,,,HIGH,509,N,built before 2010,2026-10-01
2026-03-26,13921 W Sunset Blvd,3995000,3237,1234,1952,14588,34.0465814,-118.508805,Tal MLS export,26653633,,,RIV,231,N,built before 2010,2026-10-01
2026-03-20,1521 San Remo Dr,6495000,3239,2005,1951,14904,34.0582361,-118.4989044,Tal MLS export,26642955,,,RIV,343,N,built before 2010,2026-10-01
2026-03-20,1141 Maroney Ln,10320915,8100,1274,1938,67276,34.0540047,-118.5367503,Tal MLS export,26644381,,,UPS,187,N,built before 2010,2026-10-01
2026-03-18,17053 Palisades Cir,2675000,3670,729,1973,12505,34.0745041,-118.5609818,Tal MLS export,26644437,,,HIGH,327,N,built before 2010,2026-10-01
2026-03-16,17405 Castellammare Dr,5275000,4036,1307,2016,3977,34.0390799,-118.5567768,Tal MLS export,25593047,,Affected (1-9%),CAST,6,Y,,2026-10-01
2026-03-16,1220 Corsica Dr,17800000,10293,1729,2025,16038,34.0508213,-118.5032725,Tal MLS export,25617739,,Not in county fire-damage data,RIV,452,Y,,2026-10-01
2026-03-13,1330 San Remo,3325000,3222,1032,1950,21669,34.0543488,-118.4994829,Tal MLS export,PW26055107,,,RIV,363,N,built before 2010,2026-10-01
2026-03-06,763 Wildomar,2270000,1557,1458,1952,5780,34.0478788,-118.5356816,Tal MLS export,26633637,,,BLUFF,96,N,"under 2,000 sf",2026-10-01
2026-03-05,17193 Avenida De Santa Ynez,1755000,3030,579,1974,12848,34.0710604,-118.5616735,Tal MLS export,25600121,,,HIGH,636,N,built before 2010,2026-10-01
2026-03-03,1300 Monaco Dr,7995000,5087,1572,1952,20079,34.053239,-118.500557,Tal MLS export,25611527,,,RIV,417,N,built before 2010,2026-10-01
2026-02-27,715 Brooktree Rd,12000000,4157,2887,1967,13125,34.0413994,-118.5156874,Tal MLS export,25611381,,,ALPHA,207,N,built before 2010,2026-10-01
2026-02-24,1305 Duende Ln,3368040,2999,1123,1973,18085,34.0590401,-118.5477443,Tal MLS export,25624415,,,MK,242,N,built before 2010,2026-10-01
2026-02-23,737 El Medio Ave,4675000,3777,1238,2006,6634,34.0465464,-118.5336967,Tal MLS export,25631555,,,BLUFF,140,N,built before 2010,2026-10-01
2026-02-11,16798 Charmel Ln,2780000,1850,1503,1970,31710,34.0601975,-118.5518531,Tal MLS export,26637265,,,MK,52,N,"under 2,000 sf",2026-10-01
2026-02-04,1146 Amalfi Dr,7490000,3823,1959,1948,17989,34.0503286,-118.5067603,Tal MLS export,25602587,,,RIV,301,N,built before 2010,2026-10-01
2026-02-04,14959 La Cumbre Dr,4950000,3125,1584,1949,11925,34.0339081,-118.5226424,Tal MLS export,26634583,,,HUNT,352,N,built before 2010,2026-10-01
2026-01-30,1316 Capri Dr,5280000,,,1953,20364,34.0534558,-118.5023893,Tal MLS export,25617523,,,RIV,366,N,"under 2,000 sf",2026-10-01
2026-01-28,707 Jacon Way,2350000,2320,1013,1956,12461,34.0493842,-118.5473016,Tal MLS export,25610649,,,MK,233,N,built before 2010,2026-10-01
2026-01-23,1529 Amalfi Dr,18800000,9351,2010,2021,16824,34.058645,-118.5047355,Tal MLS export,25599593,,Not in county fire-damage data,RIV,120,Y,,2026-10-01
2026-01-23,1026 Corsica Dr,13855000,7848,1765,2022,12500,34.0466885,-118.5063223,Tal MLS export,25624865,,Not in county fire-damage data,RIV,5,Y,,2026-10-01
2026-01-21,16021 Northfield St,5184420,4551,1139,2020,7108,34.0462611,-118.5352224,Tal MLS export,25585813,,No Damage,BLUFF,4,Y,,2026-10-01
2026-01-16,16012 Junaluska Way,4450000,3328,1337,1992,5797,34.0468327,-118.5348837,Tal MLS export,26641315,,,BLUFF,68,N,built before 2010,2026-10-01
2026-01-12,14952 Alva Dr,13500000,6800,1985,1985,12235,34.0352419,-118.5221872,Tal MLS export,25602681,,,HUNT,296,N,built before 2010,2026-10-01
2026-01-09,16724 Calle Arbolada,2625000,2775,946,1995,5227,34.0748272,-118.5511203,Tal MLS export,25589467,,,ENC,210,N,built before 2010,2026-10-01
2026-01-09,16750 Calle De Catalina,2510000,3117,805,1996,,34.0761605,-118.5516821,Tal MLS export,25575055,,,ENC,131,N,built before 2010,2026-10-01
2026-01-07,521 Spoleto Dr,10598000,5124,2068,1965,13899,34.0342443,-118.5152614,Tal MLS export,25582093,,,HUNT,532,N,built before 2010,2026-10-01
2025-12-30,1006 Las Pulgas Rd,2210000,1904,1161,1953,8084,34.0513856,-118.5375284,Tal MLS export,25609609,,,UPS,73,N,"under 2,000 sf",2026-10-01
2025-12-19,1149 Amalfi Dr,20124685,8781,2292,2008,13998,34.0506032,-118.5072956,Tal MLS export,25496765,,,RIV,341,N,built before 2010,2026-10-01
2025-12-19,1109 El Medio Ave,3629876,3132,1159,1955,11639,34.0541497,-118.5318709,Tal MLS export,25609715,,,UPS,210,N,built before 2010,2026-10-01
2025-12-18,1417 Capri Dr,13000000,6389,2035,1951,17868,34.0554016,-118.5029567,Tal MLS export,25598809,,,RIV,166,N,built before 2010,2026-10-01
2025-12-18,16844 Calle De Sarah,4400000,5543,794,1995,15160,34.0776189,-118.5507042,Tal MLS export,25603989,,,ENC,21,N,built before 2010,2026-10-01
2025-12-15,17520 Stretto Way,4680000,3435,1362,1928,3947,34.0399264,-118.5584447,Tal MLS export,25615457,,,CAST,178,N,built before 2010,2026-10-01
2025-12-15,1408 Calle Del Jonella,3250000,5401,602,1985,27778,34.0762254,-118.5700044,Tal MLS export,25618773,,,HIGH,806,N,built before 2010,2026-10-01
2025-12-12,17819 Castellammare Dr,3245000,4494,722,2015,3939,34.04171361,-118.5624548,Tal MLS export,25608769,,Not in county fire-damage data,CAST,52,Y,,2026-10-01
2025-12-05,1100 Las Pulgas Pl,3175000,2588,1227,1958,12590,34.0530379,-118.5395114,Tal MLS export,25606363,,,UPS,90,N,built before 2010,2026-10-01
2025-12-03,17181 Avenida De La Herradura,1850000,1908,970,1976,9964,34.0773262,-118.5596554,Tal MLS export,25609165,,,HIGH,212,N,"under 2,000 sf",2026-10-01
2025-12-02,18044 Sandy Cape Dr,4800000,4575,1049,1965,20517,34.0475941,-118.5686585,Tal MLS export,24-415093,,,CAST,528,N,built before 2010,2026-10-01
2025-11-26,400 Surfview Dr,2765000,2966,932,1965,16483,34.0475628,-118.5658137,Tal MLS export,25597571,,,CAST,426,N,built before 2010,2026-10-01
2025-11-25,765 Ranch Ln,9392000,4560,2060,2002,12138,34.0433978,-118.5154435,Tal MLS export,25602309,,,RIV,83,N,built before 2010,2026-10-01
2025-11-18,1135 Ravoli Dr,7260000,4259,1705,1954,16072,34.0506947,-118.5086451,Tal MLS export,25535265,,,RIV,400,N,built before 2010,2026-10-01
2025-11-17,1300 Duende Ln,2660000,2223,1197,1973,12602,34.0593026,-118.547378,Tal MLS export,25600059,,,MK,245,N,built before 2010,2026-10-01
2025-11-17,370 Surfview Dr,3364500,2948,1141,1965,22926,34.0468253,-118.5666768,Tal MLS export,25586783,,,CAST,364,N,built before 2010,2026-10-01
2025-11-13,415 Arbramar Ave,2900000,1509,1922,1949,7216,34.040868,-118.5368133,Tal MLS export,25601897,,,BLUFF,260,N,"under 2,000 sf",2026-10-01
2025-11-11,16866 Charmel Ln,4400000,4000,1100,1986,19344,34.0635511,-118.5518827,Tal MLS export,25617967,,,HIGH,323,N,built before 2010,2026-10-01
2025-11-06,800 Greentree Rd,10500000,5364,1957,2004,12153,34.0433518,-118.5157218,Tal MLS export,25548643,,,RIV,106,N,built before 2010,2026-10-01
2025-11-05,701 El Medio Ave,4100000,3489,1175,2007,6721,34.0452635,-118.5339063,Tal MLS export,25598805,,,BLUFF,147,N,built before 2010,2026-10-01
2025-11-04,219 Chautauqua Blvd,5275000,1849,2853,1948,28957,34.0307212,-118.5186513,Tal MLS export,25499739,,,HUNT,718,N,"under 2,000 sf",2026-10-01
2025-11-04,14800 Corona Del Mar,15315281,5677,2698,2010,25408,34.0308571,-118.5189545,Tal MLS export,25587545,,No Damage,VDLP,699,Y,,2026-10-01
2025-10-31,1053 Maroney Ln,2750000,2062,1334,1958,18023,34.052276,-118.5374936,Tal MLS export,25582991,,,UPS,126,N,built before 2010,2026-10-01
2025-10-31,211 Alma Real Dr,22610000,9220,2452,2019,25669,34.033221,-118.5249484,Tal MLS export,25611695,,No Damage,VDLP,168,Y,,2026-10-01
2025-10-29,17273 Avenida De La Herradura,2360000,2958,798,1977,7958,34.0786705,-118.5627396,Tal MLS export,25573819,,,HIGH,87,N,built before 2010,2026-10-01
2025-10-27,1318 Avenida De Cortez,2250000,2849,790,1975,7472,34.0716583,-118.5589058,Tal MLS export,25594593,,,HIGH,471,N,built before 2010,2026-10-01
2025-10-23,745 Napoli Dr,5800000,3761,1542,1960,16041,34.041891,-118.5105332,Tal MLS export,24-421779,,,RIV,398,N,built before 2010,2026-10-01
2025-10-01,720 Chapala Dr,4262000,3491,1221,1929,8518,34.0408072,-118.521696,Tal MLS export,25580449,,,HUNT,44,N,built before 2010,2026-10-01
2025-10-01,16959 Dulce Ynez Ln,3160000,2547,1241,1975,20144,34.0467644,-118.5511045,Tal MLS export,25557935,,,MK,369,N,built before 2010,2026-10-01
2025-09-30,1476 Via Cresta,7150000,4816,1485,1988,95700,34.0561685,-118.5367406,Tal MLS export,25591543,,,RIDGE,54,N,built before 2010,2026-10-01
2025-09-29,17552 Camino De Yatasto,3060000,4130,741,1977,34274,34.0769159,-118.5723103,Tal MLS export,25545063,,,,989,N,built before 2010,2026-10-01
2025-09-24,17711 Revello Dr,4183450,3383,1237,1955,3807,34.0415,-118.561321,Tal MLS export,25577567,,,CAST,159,N,built before 2010,2026-10-01
2025-09-23,934 Amalfi Dr,9100000,,,1951,15547,34.0459235,-118.5094947,Tal MLS export,25575461,,,RIV,305,N,"under 2,000 sf",2026-10-01
2025-09-19,17438 Revello Dr,5000000,,,1956,12442,34.0407563,-118.5558087,Tal MLS export,24-414719,,,CAST,200,N,"under 2,000 sf",2026-10-01
2025-09-17,16718 Via Pacifica,4105000,5312,773,1997,9940,34.0760932,-118.547927,Tal MLS export,25567535,,,ENC,88,N,built before 2010,2026-10-01
2025-09-12,16619 Bienveneda Pl,1995000,2100,950,1975,13940,34.060227,-118.5443906,Tal MLS export,25576519,,,MK,272,N,built before 2010,2026-10-01
2025-09-09,1355 Monaco Dr,8500000,3084,2756,1956,17572,34.0547699,-118.5013485,Tal MLS export,25575115,,,RIV,232,N,built before 2010,2026-10-01
2025-09-08,1057 Corsica Dr,13044518,6000,2174,2020,15007,34.047621,-118.5063191,Tal MLS export,25541933,,Not in county fire-damage data,RIV,3,Y,,2026-10-01
2025-09-04,16449 Akron St,2100000,1650,1273,1947,7299,34.0509287,-118.5409307,Tal MLS export,25561997,,,MK,78,N,"under 2,000 sf",2026-10-01
2025-08-29,1124 Napoli Dr,25750000,10568,2437,2008,17227,34.0481685,-118.5039128,Tal MLS export,25584301,,,RIV,231,N,built before 2010,2026-10-01
2025-08-29,1224 El Hito Cir,2425000,2136,1135,1974,23440,34.0575448,-118.540688,Tal MLS export,25550329,,,RIDGE,144,N,built before 2010,2026-10-01
2025-08-29,16795 Monte Hermoso Dr,2800000,3421,818,1985,30809,34.0698142,-118.5534879,Tal MLS export,25559505,,,HIGH,43,N,built before 2010,2026-10-01
2025-08-28,14929 La Cumbre Dr,5275000,2909,1813,1956,13319,34.0339394,-118.5216956,Tal MLS export,25517765,,,HUNT,389,N,built before 2010,2026-10-01
2025-08-28,14924 Camarosa Dr,22100000,8388,2635,1929,25298,34.0343715,-118.5216936,Tal MLS export,25516923,,,HUNT,346,N,built before 2010,2026-10-01
2025-08-27,1491 Capri Dr,6341100,3147,2015,1948,25570,34.057544,-118.5023809,Tal MLS export,25544483,,,RIV,90,N,built before 2010,2026-10-01
2025-08-26,712 Muskingum Ave,3000000,2053,1461,1947,5417,34.0476214,-118.5362961,Tal MLS export,24-435053,,,BLUFF,47,N,built before 2010,2026-10-01
2025-08-22,13716 W Sunset Blvd,3568000,3393,1052,1952,15010,34.0503386,-118.5049659,Tal MLS export,25564789,,,RIV,325,N,built before 2010,2026-10-01
2025-08-18,747 Brooktree Rd,3500000,,,1950,11017,34.0425199,-118.5147425,Tal MLS export,25534351,,,ALPHA,68,N,"under 2,000 sf",2026-10-01
2025-08-05,755 Napoli Dr,15814139,10603,1491,2023,16186,34.042083,-118.5103071,Tal MLS export,25568365,,Not in county fire-damage data,RIV,411,Y,,2026-10-01
2025-08-01,16597 Via Floresta,3560000,3361,1059,1985,15101,34.0597527,-118.5474546,Tal MLS export,25537189,,,MK,284,N,built before 2010,2026-10-01
2025-07-15,13817 W Sunset Blvd,9400000,6528,1440,2019,14996,34.0484535,-118.5072996,Tal MLS export,25492149,,Not in county fire-damage data,RIV,127,Y,,2026-10-01
2025-07-15,1321 Avenida De Cortez,1965000,2188,898,1975,6344,34.0711009,-118.5594793,Tal MLS export,25535805,,,HIGH,544,N,built before 2010,2026-10-01
2025-07-11,463 Wynola St,5299000,7698,688,2009,8867,34.0420365,-118.5371547,Tal MLS export,24-472175,,,BLUFF,146,N,built before 2010,2026-10-01
2025-07-11,17152 Avenida De Santa Ynez,2650000,3748,707,1974,6129,34.0696964,-118.5599441,Tal MLS export,25527841,,,HIGH,557,N,built before 2010,2026-10-01
2025-07-07,551 Amalfi Dr,11300000,8894,1271,2003,15620,34.0357802,-118.5135137,Tal MLS export,25537501,,,HUNT,605,N,built before 2010,2026-10-01
2025-07-02,16633 Bienveneda Pl,2605000,2030,1283,1975,15099,34.0602722,-118.5447652,Tal MLS export,25532643,,,MK,268,N,built before 2010,2026-10-01
2025-07-01,16754 Calle De Catalina,2514935,3117,807,1996,144007,34.0760322,-118.551465,Tal MLS export,25524847,,,ENC,155,N,built before 2010,2026-10-01
2025-07-01,848 Toulon Dr,8500000,4400,1932,1951,13565,34.0440495,-118.5088836,Tal MLS export,25540469,,,RIV,374,N,built before 2010,2026-10-01
2025-06-18,13600 Romany Dr,10229600,5800,1764,1941,16082,34.0544355,-118.5030782,Tal MLS export,25533423,,,RIV,270,N,built before 2010,2026-10-01
2025-06-16,544 Arbramar Ave,2525000,1670,1512,1951,9004,34.0434564,-118.535538,Tal MLS export,24-468063,,,BLUFF,107,N,"under 2,000 sf",2026-10-01
2025-06-12,1180 Napoli Dr,10225000,5011,2041,1953,20124,34.0500409,-118.5030777,Tal MLS export,25523273,,,RIV,401,N,built before 2010,2026-10-01
2025-05-07,724 Greentree Rd,12550000,4020,3122,2019,12459,34.0418096,-118.5160848,Tal MLS export,25511749,,Not in county fire-damage data,ALPHA,154,Y,,2026-10-01
2025-05-06,13574 D Este Dr,10079425,6100,1652,1959,17001,34.0572056,-118.5007231,Tal MLS export,25516091,,,RIV,143,N,built before 2010,2026-10-01
2025-04-28,814 Toulon Dr,20000000,8008,2498,2013,18604,34.0438895,-118.50953,Tal MLS export,25498471,,Not in county fire-damage data,RIV,427,Y,,2026-10-01
2025-04-25,16559 Akron St,1400000,2086,671,1951,5260,34.0506616,-118.5434383,Tal MLS export,25522499,,,MK,47,N,built before 2010,2026-10-01
2025-04-18,17013 Bollinger Dr,2300000,1700,1353,1950,9065,34.0438376,-118.5494316,Tal MLS export,25504785,,,MK,99,N,"under 2,000 sf",2026-10-01
2025-04-10,16735 Marquez Ter,1780000,4470,398,2017,7244,34.0478069,-118.5459485,Tal MLS export,CV25036813,,Destroyed (>50%),MK,46,N,burned house sold as a lot,2026-10-01
2025-04-03,1344 Monaco Dr,13230551,6014,2200,1930,19980,34.0541804,-118.5008408,Tal MLS export,25499223,,,RIV,310,N,built before 2010,2026-10-01
2025-03-28,13837 W Sunset Blvd,4199000,3837,1094,1952,14994,34.0479986,-118.5076608,Tal MLS export,225000469,,,RIV,128,N,built before 2010,2026-10-01
2025-03-26,16764 Calle De Marisa,2525000,3289,768,1996,,34.0765943,-118.551622,Tal MLS export,24-438455,,,ENC,102,N,built before 2010,2026-10-01
2025-03-05,830 Brooktree Rd,6448900,2488,2592,1949,17234,34.0443615,-118.5138031,Tal MLS export,25491131,,,RIV,156,N,built before 2010,2026-10-01
2025-01-03,1159 Lachman Ln,4025000,3257,1236,,14619,34.0568146,-118.5471719,Tal MLS export,24-466107,,,MK,30,N,built before 2010,2026-10-01
2024-12-31,817 Radcliffe Ave,2860000,3372,848,1941,9218,34.0459036,-118.5302534,Tal MLS export,24-459087,,,VDLP,260,N,built before 2010,2026-10-01
2024-12-26,637 Palmera Ave,2500000,1874,1334,1953,6686,34.046586,-118.5386328,Tal MLS export,24-474303,,,BLUFF,80,N,"under 2,000 sf",2026-10-01
2024-12-26,1420 Bienveneda Ave,6102500,6732,906,1995,45517,34.0622688,-118.5426374,Tal MLS export,24-436635,,,MK,544,N,built before 2010,2026-10-01
2024-12-20,773 Hartzell St,5149000,3600,1430,2004,6502,34.0432398,-118.5194671,Tal MLS export,24-475259,,,ALPHA,124,N,built before 2010,2026-10-01
2024-12-20,1361 Berea Pl,4900000,4083,1200,1960,8374,34.0540248,-118.5219397,Tal MLS export,24-354085,,,ALPHA,31,N,built before 2010,2026-10-01
2024-12-17,16037 Miami Way,2750000,1128,2438,1948,5751,34.0454998,-118.5369525,Tal MLS export,24-466045,,,BLUFF,48,N,"under 2,000 sf",2026-10-01
2024-12-16,532 Spoleto Dr,15095000,10568,1428,2009,16639,34.0351559,-118.5144499,Tal MLS export,24-447415,,,HUNT,545,N,built before 2010,2026-10-01
2024-12-13,16650 Akron St,4150000,2600,1596,1954,8193,34.0497019,-118.5448529,Tal MLS export,24-462507,,,MK,178,N,built before 2010,2026-10-01
2024-12-10,1786 Michael Ln,2225000,1809,1230,1977,6722,34.0786221,-118.560434,Tal MLS export,24-453729,,,HIGH,96,N,"under 2,000 sf",2026-10-01
2024-12-09,16781 Bollinger Dr,2965000,2535,1170,1946,6398,34.0453794,-118.5454659,Tal MLS export,24-459605,,,BLUFF,142,N,built before 2010,2026-10-01
2024-12-06,1102 Chautauqua Blvd,4785000,4045,1183,1947,8808,34.0500161,-118.5172046,Tal MLS export,24-455839,,,ALPHA,134,N,built before 2010,2026-10-01
2024-12-05,1116 Cumbre Alta Ct,5072500,5421,936,1987,15140,34.06794,-118.55463,Tal MLS export,24-424025,,,HIGH,33,N,built before 2010,2026-10-01
2024-12-04,14943 Mckendree Ave,2000000,1507,1327,1948,6623,34.0528905,-118.5229443,Tal MLS export,24-387345,,,ALPHA,126,N,"under 2,000 sf",2026-10-01
2024-12-03,717 Greentree Rd,8500000,5200,1635,2004,17893,34.0413066,-118.516638,Tal MLS export,24-445803,,,ALPHA,148,N,built before 2010,2026-10-01
2024-11-22,16749 Bollinger Dr,2845000,2047,1390,1947,5321,34.0461778,-118.5448471,Tal MLS export,24-448419,,,BLUFF,51,N,built before 2010,2026-10-01
2024-11-22,906 Chautauqua Blvd,7475000,3882,1926,1942,18466,34.0465201,-118.5159715,Tal MLS export,24-406881,,,ALPHA,113,N,built before 2010,2026-10-01
2024-11-20,836 Iliff St,3994000,3088,1293,2003,6499,34.0446774,-118.5182001,Tal MLS export,24-383865,,,ALPHA,102,N,built before 2010,2026-10-01
2024-11-18,765 Amalfi Dr,9005000,2823,3190,1949,16560,34.0430846,-118.5110307,Tal MLS export,24-446845,,,RIV,328,N,built before 2010,2026-10-01
2024-11-14,16754 Via La Costa,3950000,6095,648,1998,13656,34.0770198,-118.5479989,Tal MLS export,24-417833,,,ENC,157,N,built before 2010,2026-10-01
2024-11-06,444 Ocampo Dr,8375000,4021,2083,1946,9362,34.0364223,-118.5211415,Tal MLS export,24-447851,,,HUNT,138,N,built before 2010,2026-10-01
2024-11-04,652 Bienveneda Ave,3200000,1741,1838,1947,7092,34.0473714,-118.5400128,Tal MLS export,24-451429,,,BLUFF,120,N,"under 2,000 sf",2026-10-01
2024-11-01,16716 Via La Costa,4380000,4759,920,1998,13766,34.0762968,-118.5471138,Tal MLS export,24-458983,,,ENC,166,N,built before 2010,2026-10-01
2024-11-01,15230 Friends St,3500000,1765,1983,1947,6580,34.0346132,-118.5271359,Tal MLS export,24-430907,,,VDLP,39,N,"under 2,000 sf",2026-10-01
2024-10-24,592 Radcliffe Ave,4066950,3257,1249,2006,5679,34.0406688,-118.5302534,Tal MLS export,24-426427,,,VDLP,146,N,built before 2010,2026-10-01
2024-10-22,14517 W Sunset Blvd,1790000,1421,1260,1956,7016,34.0454481,-118.5158058,Tal MLS export,24-406283,,,RIV,20,N,"under 2,000 sf",2026-10-01
2024-10-18,500 Toyopa Dr,12650000,8690,1456,2017,22787,34.0364724,-118.5196068,Tal MLS export,24-436449,,No Damage,HUNT,75,Y,,2026-10-01
2024-10-17,820 Alma Real Dr,9795000,6399,1531,2009,8628,34.0434511,-118.5234356,Tal MLS export,24-437493,,,HUNT,85,N,built before 2010,2026-10-01
2024-10-15,1204 Piedra Morada Dr,3400000,5081,669,1989,14787,34.0680889,-118.5513957,Tal MLS export,24-415167,,,HIGH,129,N,built before 2010,2026-10-01
2024-10-01,347 Aderno Way,3112000,1777,1751,1949,10499,34.0419719,-118.5443914,Tal MLS export,24-436555,,,BLUFF,169,N,older than 24 months,2026-10-01
2024-09-30,1101 Monument St,6250000,4200,1488,2024,6053,34.0488265,-118.5249635,Tal MLS export,24-431137,,,ALPHA,211,N,older than 24 months,2026-10-01
2024-09-30,744 Haverford Ave,2100000,1444,1454,1953,5993,34.0441232,-118.5289547,Tal MLS export,PW24144227,,,VDLP,30,N,older than 24 months,2026-10-01
2024-09-27,742 Via De La Paz,4680000,4535,1032,2006,7502,34.0437214,-118.5276067,Tal MLS export,24-388136,,,VDLP,58,N,older than 24 months,2026-10-01
2024-09-24,16719 Bollinger Dr,3325000,3048,1091,,5070,34.0472174,-118.5449117,Tal MLS export,24-390373,,,MK,121,N,older than 24 months,2026-10-01
2024-09-23,850 Galloway St,5800000,3434,1689,2024,5205,34.0447151,-118.5203162,Tal MLS export,24-453739,,,ALPHA,99,N,older than 24 months,2026-10-01
2024-09-20,15961 Miami Way,3150000,1898,1660,1941,6315,34.0443854,-118.5358288,Tal MLS export,24-441465,,,BLUFF,76,N,older than 24 months,2026-10-01
2024-09-20,921 Rivas Canyon Rd,9700000,5474,1772,2016,43400,34.0470979,-118.5147713,Tal MLS export,24-381207,,,ALPHA,97,N,older than 24 months,2026-10-01
2024-09-20,1513 Sorrento Dr,21500000,12361,1739,2015,21762,34.0581875,-118.5032328,Tal MLS export,24-418197,,,RIV,187,N,older than 24 months,2026-10-01
2024-09-18,675 Muskingum Ave,6800000,6640,1024,2024,8607,34.0471343,-118.5373865,Tal MLS export,24-398459,,,BLUFF,100,N,older than 24 months,2026-10-01
2024-09-13,16517 Las Casas Pl,3820000,3288,1162,1956,9835,34.0504313,-118.5414851,Tal MLS export,24-408130,,,MK,18,N,older than 24 months,2026-10-01
2024-09-13,600 Via De La Paz,7200000,7276,990,2024,7211,34.0404292,-118.5284877,Tal MLS export,24-384751,,,ALPHA,45,N,older than 24 months,2026-10-01
2024-09-13,821 Las Lomas Ave,2239000,1204,1860,1959,5949,34.0493133,-118.5384436,Tal MLS export,24-387401,,,BLUFF,85,N,older than 24 months,2026-10-01
2024-09-05,743 Enchanted Way,3375743,2242,1506,1956,9516,34.0496203,-118.5494823,Tal MLS export,24-425943,,,MK,253,N,older than 24 months,2026-10-01
2024-08-30,1467 Amalfi Dr,5025000,3253,1545,1961,12820,34.0571717,-118.5039556,Tal MLS export,24-412307,,,RIV,171,N,older than 24 months,2026-10-01
2024-08-29,1425 Chautauqua Blvd,6600000,3282,2011,1941,26462,34.0548064,-118.5219525,Tal MLS export,23-308323,,,ALPHA,94,N,older than 24 months,2026-10-01
2024-08-28,1467 Chastain Pkwy,6000000,6754,888,1990,12411,34.0757575,-118.553537,Tal MLS export,24-415011,,,ENC,175,N,older than 24 months,2026-10-01
2024-08-28,15926 Temecula St,3050088,1685,1810,1941,6732,34.0443567,-118.5350585,Tal MLS export,24-406795,,,BLUFF,139,N,older than 24 months,2026-10-01
2024-08-26,1030 Fiske St,4500000,2886,1559,1929,5199,34.0481434,-118.522105,Tal MLS export,24-431967,,,ALPHA,156,N,older than 24 months,2026-10-01
2024-08-26,16855 Livorno Dr,3075000,2133,1442,1949,6904,34.044117,-118.5462509,Tal MLS export,24-402255,,,MK,63,N,older than 24 months,2026-10-01
2024-08-23,227 Tranquillo Rd,3185000,1723,1849,1954,6789,34.0436783,-118.562581,Tal MLS export,24-400163,,,CAST,205,N,older than 24 months,2026-10-01
2024-08-23,1423 Cuesta Linda,4350000,5793,751,1988,15237,34.0750944,-118.5553686,Tal MLS export,24-410203,,,ENC,236,N,older than 24 months,2026-10-01
2024-08-22,724 Hampden Pl,7450000,6423,1160,2020,9646,34.04291,-118.5260737,Tal MLS export,24-391569,,,ALPHA,3,N,older than 24 months,2026-10-01
2024-08-15,16857 W Sunset Blvd,2217000,2240,990,1947,7202,34.0434078,-118.545639,Tal MLS export,24-379141,,,MK,51,N,older than 24 months,2026-10-01
2024-08-13,720 N Almar Ave,5145000,3827,1344,2009,6946,34.0461017,-118.5342214,Tal MLS export,24-413701,,,BLUFF,90,N,older than 24 months,2026-10-01
2024-08-13,744 Iliff St,2175000,1202,1809,1939,5000,34.0427955,-118.5178112,Tal MLS export,24-399987,,,ALPHA,6,N,older than 24 months,2026-10-01
2024-08-08,367 N Grenola St,2765000,1704,1623,1948,6392,34.0427754,-118.5427474,Tal MLS export,24-388851,,,BLUFF,135,N,older than 24 months,2026-10-01
2024-08-07,17951 Tramonto Dr,2411735,2058,1172,1951,5903,34.0435928,-118.5654159,Tal MLS export,24-405745,,,CAST,22,N,older than 24 months,2026-10-01
2024-08-06,1301 Piedra Morada Dr,4000000,5306,754,1987,16948,34.0710328,-118.5521119,Tal MLS export,24-397534,,,HIGH,147,N,older than 24 months,2026-10-01
2024-08-02,848 Bienveneda Ave,2252000,1887,1193,1953,7607,34.0502232,-118.5388584,Tal MLS export,24-397775,,,UPS,37,N,older than 24 months,2026-10-01
2024-08-01,16863 W Sunset Blvd,1860000,1757,1059,1948,7204,34.0433858,-118.5457046,Tal MLS export,24-384533,,,MK,47,N,older than 24 months,2026-10-01
2024-07-30,721 Via De La Paz,6202000,3721,1667,1936,8303,34.043335,-118.5285112,Tal MLS export,24-391148,,,VDLP,61,N,older than 24 months,2026-10-01
2024-07-29,1135 Las Lomas Ave,2750000,1941,1417,1956,11960,34.0544153,-118.5354019,Tal MLS export,24-406707,,,UPS,90,N,older than 24 months,2026-10-01
2024-07-26,861 Kagawa St,3750000,2350,1596,1949,6500,34.045445,-118.5178798,Tal MLS export,24-377157,,,ALPHA,99,N,older than 24 months,2026-10-01
2024-07-26,713 Wildomar St,2915000,4234,688,1930,8611,34.0474036,-118.5359999,Tal MLS export,24-386315,,,BLUFF,83,N,older than 24 months,2026-10-01
2024-07-24,1580 Chastain Pkwy,3300000,4127,800,1995,6868,34.076504,-118.5501073,Tal MLS export,24-401769,,,SUMMIT,34,N,older than 24 months,2026-10-01
2024-07-19,538 Chautauqua Blvd,32300000,,,2024,22824,34.0370398,-118.518367,Tal MLS export,24-394931,,,HUNT,141,N,older than 24 months,2026-10-01
2024-07-18,1036 El Medio Ave,4870000,4724,1031,,19856,34.0529121,-118.5311238,Tal MLS export,24-361729,,,UPS,62,N,older than 24 months,2026-10-01
2024-07-17,1030 Glenhaven Dr,3145000,2322,1354,1958,9427,34.0536427,-118.5461577,Tal MLS export,24-390265,,,MK,123,N,older than 24 months,2026-10-01
2024-07-17,17017 Avenida De Santa Ynez,3132500,2890,1084,1975,5816,34.0723588,-118.559018,Tal MLS export,24-398285,,,HIGH,398,N,older than 24 months,2026-10-01
2024-07-15,424 Beirut Ave,2135000,988,2161,1950,4004,34.0378843,-118.5302606,Tal MLS export,24-394175,,,VDLP,22,N,older than 24 months,2026-10-01
2024-07-15,506 N Las Casas Ave,6575000,6220,1057,2022,8115,34.0440589,-118.5431127,Tal MLS export,24-343303,,,BLUFF,58,N,older than 24 months,2026-10-01
2024-07-11,925 Enchanted Way,7488000,3650,2052,2023,19638,34.0531027,-118.5489033,Tal MLS export,24-374931,,,MK,42,N,older than 24 months,2026-10-01
2024-07-10,18047 Blue Sail Dr,5140000,4306,1194,,20752,34.0493249,-118.5689092,Tal MLS export,24-346063,,,CAST,703,N,older than 24 months,2026-10-01
2024-07-09,13926 W Sunset Blvd,7779900,6987,1113,1929,16181,34.0459724,-118.5085117,Tal MLS export,24-399447,,,RIV,217,N,older than 24 months,2026-10-01
2024-07-09,16075 Northfield St,4850000,3494,1388,1998,6095,34.047368,-118.5365084,Tal MLS export,24-398105,,,BLUFF,57,N,older than 24 months,2026-10-01
2024-07-03,700 Almar Ave,6200000,4120,1505,2009,7565,34.0455946,-118.5346086,Tal MLS export,24-397579,,,BLUFF,91,N,older than 24 months,2026-10-01
2024-07-02,16886 Charmel Ln,4015000,4097,980,1987,17721,34.0642121,-118.5515421,Tal MLS export,P1-16987,,,HIGH,378,N,older than 24 months,2026-10-01
2024-06-18,17212 Avenida De La Herradura,2525000,2333,1082,1977,7452,34.0775919,-118.5609997,Tal MLS export,24-377151,,,HIGH,111,N,older than 24 months,2026-10-01
2024-06-18,1039 Galloway St,4300000,2551,1686,1926,5201,34.0484332,-118.521673,Tal MLS export,24-393031,,,ALPHA,207,N,older than 24 months,2026-10-01
2024-06-17,16656 Calle Haleigh,3115000,3466,899,1999,8125,34.0739148,-118.5492376,Tal MLS export,24-383005,,,SUMMIT,206,N,older than 24 months,2026-10-01
2024-06-14,17481 Tramonto Dr,2624000,2803,936,1975,6644,34.0418118,-118.5581052,Tal MLS export,24-377727,,,CAST,322,N,older than 24 months,2026-10-01
2024-06-13,955 Bienveneda Ave,6578900,4772,1379,2018,16147,34.0516125,-118.5401727,Tal MLS export,24-403775,,,UPS,40,N,older than 24 months,2026-10-01
2024-06-10,1142 Charm Acres Pl,6400000,4300,1488,2024,6228,34.0498458,-118.5256218,Tal MLS export,24-351933,,,ALPHA,129,N,older than 24 months,2026-10-01
2024-06-07,819 Jacon Way,2825000,2600,1087,1956,7744,34.0514924,-118.5471094,Tal MLS export,24-384061,,,MK,1,N,older than 24 months,2026-10-01
2024-06-07,1329 Avenida De Cortez,2300000,1995,1153,1975,6328,34.071443,-118.5596756,Tal MLS export,SR24116813,,,HIGH,513,N,older than 24 months,2026-10-01
2024-06-03,14330 W Sunset Blvd,25375000,15100,1680,2023,43560,34.0497808,-118.5114183,Tal MLS export,23-327461,,,RIV,178,N,older than 24 months,2026-10-01
2024-05-31,680 N Las Casas Ave,2825000,1964,1438,1973,8801,34.0481337,-118.5414222,Tal MLS export,24-377033,,,BLUFF,23,N,older than 24 months,2026-10-01
2024-05-31,231 Giardino Way,2200000,1776,1239,1957,7980,34.0445969,-118.5637713,Tal MLS export,24-378349,,,CAST,167,N,older than 24 months,2026-10-01
2024-05-29,16505 Akron St,2350000,1492,1575,1956,13192,34.0514715,-118.5419476,Tal MLS export,24-375681,,,MK,127,N,older than 24 months,2026-10-01
2024-05-28,1390 Avenida De Cortez,2730000,2097,1302,1973,6590,34.0723353,-118.5621526,Tal MLS export,24-374222,,,HIGH,556,N,older than 24 months,2026-10-01
2024-05-21,254 Toyopa Dr,6300000,4674,1348,1957,14712,34.0318578,-118.519637,Tal MLS export,24-388519,,,HUNT,583,N,older than 24 months,2026-10-01
2024-05-17,501 Arbramar Ave,2832550,1767,1603,1948,6589,34.0423864,-118.5361735,Tal MLS export,24-366601,,,BLUFF,180,N,older than 24 months,2026-10-01
2024-05-17,1565 Umeo Rd,8850000,5070,1746,2013,25944,34.0606458,-118.5041712,Tal MLS export,24-361925,,,RIV,144,N,older than 24 months,2026-10-01
2024-05-15,748 Haverford Ave,2375000,3040,781,1956,5993,34.0442136,-118.5288647,Tal MLS export,PW23220474,,,VDLP,39,N,older than 24 months,2026-10-01
2024-05-10,617 Frontera Dr,6000500,5198,1154,1941,8619,34.0400381,-118.5227086,Tal MLS export,24-369243,,,HUNT,82,N,older than 24 months,2026-10-01
2024-05-10,16918 Donna Ynez Ln,2300000,1968,1169,1962,6995,34.0473709,-118.5503806,Tal MLS export,24-378271,,,MK,382,N,older than 24 months,2026-10-01
2024-05-09,14928 La Cumbre Dr,16550000,9222,1795,2024,14908,34.033443,-118.5215832,Tal MLS export,24-366453,,,HUNT,436,N,older than 24 months,2026-10-01
2024-05-07,837 Muskingum Ave,3610000,2128,1696,1948,18555,34.0501294,-118.5348259,Tal MLS export,24-345883,,,UPS,199,N,older than 24 months,2026-10-01
2024-05-03,17728 Porto Marina Way,2860000,1415,2021,1953,5460,34.0412353,-118.5626938,Tal MLS export,24-346605,,,CAST,75,N,older than 24 months,2026-10-01
2024-05-03,563 Spoleto Dr,18300000,7713,2373,2004,21006,34.0366983,-118.5139907,Tal MLS export,24-345761,,,HUNT,545,N,older than 24 months,2026-10-01
2024-05-02,15975 Alcima Ave,14500000,11700,1239,2022,33196,34.0516206,-118.5348407,Tal MLS export,24-348185,,,UPS,153,N,older than 24 months,2026-10-01
2024-05-02,681 Amalfi Dr,16550000,9380,1764,,24830,34.0401728,-118.5121418,Tal MLS export,24-363215,,,ALPHA,398,N,older than 24 months,2026-10-01
2024-05-02,15291 Bestor Blvd,7500000,6620,1133,2014,7618,34.0513539,-118.5255981,Tal MLS export,24-356023,,,ALPHA,102,N,older than 24 months,2026-10-01
2024-05-02,1457 San Remo Dr,9500000,4489,2116,1953,20876,34.0564496,-118.498532,Tal MLS export,24-353629,,,RIV,336,N,older than 24 months,2026-10-01
2024-05-02,654 Swarthmore Ave,2763500,2780,994,1990,3957,34.0417334,-118.5271668,Tal MLS export,23-316213,,,ALPHA,149,N,older than 24 months,2026-10-01
2024-04-30,926 Embury St,4987545,3300,1511,2015,5204,34.0460891,-118.5226658,Tal MLS export,24-371794,,,ALPHA,161,N,older than 24 months,2026-10-01
2024-04-17,817 Galloway St,3100000,1651,1878,,3526,34.0437712,-118.5205786,Tal MLS export,24-361145,,,ALPHA,152,N,older than 24 months,2026-10-01
2024-04-17,615 Palmera Ave,3300000,3197,1032,1948,5491,34.0461619,-118.5392253,Tal MLS export,24-363103,,,BLUFF,45,N,older than 24 months,2026-10-01
2024-04-09,736 Swarthmore Ave,4360000,3648,1195,1926,7003,34.0436196,-118.5265331,Tal MLS export,24-368363,,,VDLP,57,N,older than 24 months,2026-10-01
2024-04-05,16625 Calle Haleigh,3400000,4583,742,1999,6447,34.073457,-118.5482821,Tal MLS export,24-356397,,,SUMMIT,257,N,older than 24 months,2026-10-01
2024-04-01,1300 Capri Dr,4225000,2646,1597,1954,15877,34.0532109,-118.5023635,Tal MLS export,24-361019,,,RIV,393,N,older than 24 months,2026-10-01
2024-03-28,1055 El Medio Ave,5795000,2214,2617,1956,30566,34.0524117,-118.5321978,Tal MLS export,24-374087,,,UPS,153,N,older than 24 months,2026-10-01
2024-03-28,1328 Las Pulgas Rd,7800000,6025,1295,1996,49027,34.0554325,-118.5382902,Tal MLS export,23-341473,,,RIDGE,137,N,older than 24 months,2026-10-01
2024-03-26,1117 Kagawa St,6450000,3600,1792,2006,6500,34.050186,-118.518906,Tal MLS export,24-412403,,,ALPHA,98,N,older than 24 months,2026-10-01
2024-03-22,525 El Medio Ave,3515000,,,1950,7791,34.0427054,-118.534913,Tal MLS export,24-371839,,,BLUFF,143,N,older than 24 months,2026-10-01
2024-03-22,17965 Surfview Ln,4294000,4602,933,1965,20004,34.0477794,-118.5654663,Tal MLS export,23-265707,,,CAST,447,N,older than 24 months,2026-10-01
2024-03-21,16604 Calle Jermaine,3141250,3232,972,1995,10447,34.0721424,-118.5481477,Tal MLS export,24-362539,,,HIGH,255,N,older than 24 months,2026-10-01
2024-03-15,783 Paseo Miramar,8150000,5071,1607,1981,14871,34.0489323,-118.5573492,Tal MLS export,23-331675,,,CAST,130,N,older than 24 months,2026-10-01
2024-03-15,851 Castac Pl,2225000,1248,1783,1941,5883,34.0494995,-118.5427039,Tal MLS export,24-345057,,,MK,67,N,older than 24 months,2026-10-01
2024-03-13,1020 Glenhaven Dr,3450000,3585,962,1958,9013,34.053512,-118.5459972,Tal MLS export,24-359469,,,MK,116,N,older than 24 months,2026-10-01
2024-03-07,700 Radcliffe Ave,2865000,1530,1873,1940,7502,34.0431792,-118.5303109,Tal MLS export,23-313434,,,BLUFF,152,N,older than 24 months,2026-10-01
2024-03-06,15341 De Pauw St,2800000,1632,1716,1926,5004,34.0402077,-118.527206,Tal MLS export,GD24006496,,,VDLP,52,N,older than 24 months,2026-10-01
2024-03-01,575 Tahquitz Pl,2800000,1952,1434,1939,5449,34.0442855,-118.537631,Tal MLS export,24-364101,,,BLUFF,109,N,older than 24 months,2026-10-01
2024-03-01,14929 Whitfield Ave,3025000,1815,1667,1950,6242,34.0522579,-118.5229301,Tal MLS export,23-342203,,,ALPHA,154,N,older than 24 months,2026-10-01
2024-03-01,911 Kagawa St,3512500,2704,1299,1940,6499,34.0464258,-118.5180879,Tal MLS export,23-313359,,,ALPHA,28,N,older than 24 months,2026-10-01
2024-02-26,226 Giardino Way,3275000,1972,1661,1957,6455,34.0443239,-118.5636402,Tal MLS export,24-351629,,,CAST,163,N,older than 24 months,2026-10-01
2024-02-16,1172 Lachman Ln,4945000,3203,1544,1963,9698,34.0568408,-118.5463754,Tal MLS export,23-330297,,,MK,51,N,older than 24 months,2026-10-01
2024-02-12,14401 Villa Woods Pl,4520000,3578,1263,1953,15812,34.0525167,-118.5140668,Tal MLS export,224000073,,,ALPHA,54,N,older than 24 months,2026-10-01
2024-01-30,807 Napoli Dr,8621700,5576,1546,2000,18793,34.0431856,-118.509295,Tal MLS export,23-328001,,,RIV,473,N,older than 24 months,2026-10-01
2024-01-19,809 Las Lomas Ave,1980000,1816,1090,1956,6467,34.0490655,-118.5386758,Tal MLS export,23-335563,,,BLUFF,114,N,older than 24 months,2026-10-01
2024-01-16,16637 Calle Haleigh,3250000,4583,709,1999,6414,34.0737203,-118.548522,Tal MLS export,23-339159,,,SUMMIT,225,N,older than 24 months,2026-10-01
2024-01-10,1031 Fiske St,2725000,1317,2069,1946,5201,34.0480647,-118.5226125,Tal MLS export,23-264797,,,ALPHA,114,N,older than 24 months,2026-10-01
2024-01-10,1006 Embury St,4350000,3400,1279,2007,5202,34.0472478,-118.5229426,Tal MLS export,23-318541,,,ALPHA,54,N,older than 24 months,2026-10-01
2024-01-05,901 Hartzell St,4999999,3180,1572,2006,6183,34.0457995,-118.5200663,Tal MLS export,23-334021,,,ALPHA,25,N,older than 24 months,2026-10-01
2024-01-02,1734 E Chastain Pkwy,3610000,4528,797,1996,7345,34.0742731,-118.5474743,Tal MLS export,23-313511,,,SUMMIT,202,N,older than 24 months,2026-10-01
2023-12-22,751 Swarthmore Ave,9950000,7639,1303,2023,9007,34.0439242,-118.5270167,Tal MLS export,23-288015,,,VDLP,1,N,older than 24 months,2026-10-01
2023-12-22,841 Muskingum Ave,5861986,4050,1447,1958,19170,34.050211,-118.5345851,Tal MLS export,23-326003,,,UPS,211,N,older than 24 months,2026-10-01
2023-12-21,17062 Bollinger Dr,4300000,4314,997,2002,6171,34.0426315,-118.5502831,Tal MLS export,23-341221,,,MK,58,N,older than 24 months,2026-10-01
2023-12-19,17900 Vicino Way,4250000,4234,1004,,18252,34.0429628,-118.5650088,Tal MLS export,23-312909,,,CAST,32,N,older than 24 months,2026-10-01
2023-12-12,781 Wildomar St,2500000,2263,1105,2003,6307,34.0482834,-118.5354901,Tal MLS export,23-299473,,,BLUFF,124,N,older than 24 months,2026-10-01
2023-12-08,1190 Bienveneda Ave,2375000,1938,1225,1972,11371,34.0565768,-118.5406579,Tal MLS export,23-323461,,,MK,160,N,older than 24 months,2026-10-01
2023-12-06,1022 Galloway St,2700000,1106,2441,1947,5203,34.048087,-118.5210667,Tal MLS export,23-241433,,,ALPHA,239,N,older than 24 months,2026-10-01
2023-12-06,501 N Las Casas Ave,2100000,1522,1380,1953,5896,34.0439047,-118.543695,Tal MLS export,23-316997,,,BLUFF,45,N,older than 24 months,2026-10-01
2023-12-01,1656 Casale Rd,9880000,5324,1856,1959,14458,34.0619514,-118.5011554,Tal MLS export,23-265735,,,RIV,450,N,older than 24 months,2026-10-01
2023-12-01,15932 Temecula St,4999500,3454,1447,2013,6466,34.0444396,-118.5351843,Tal MLS export,23-329587,,,BLUFF,131,N,older than 24 months,2026-10-01
2023-11-30,17679 Camino De Yatasto,7300000,7401,986,2001,19324,34.0793469,-118.5710053,Tal MLS export,23-268203,,,HIGH,848,N,older than 24 months,2026-10-01
2023-11-22,16639 W Sunset Blvd,1925000,1794,1073,1947,4632,34.04719,-118.5441508,Tal MLS export,23-316993,,,BLUFF,105,N,older than 24 months,2026-10-01
2023-11-20,216 Toyopa Dr,14970000,7000,2139,2004,17020,34.0307773,-118.519712,Tal MLS export,23-325843,,,VDLP,703,N,older than 24 months,2026-10-01
2023-11-19,1379 Piedra Morada Dr,5500000,4689,1173,1986,15910,34.0728127,-118.5516601,Tal MLS export,23-333395,,,HIGH,121,N,older than 24 months,2026-10-01
2023-11-14,939 Galloway St,3200000,1806,1772,1949,5197,34.0466478,-118.5212381,Tal MLS export,23-313369,,,ALPHA,126,N,older than 24 months,2026-10-01
2023-11-13,16722 Monte Alto Pl,4500000,6193,727,1987,34446,34.0723706,-118.5525766,Tal MLS export,23-312015,,,HIGH,161,N,older than 24 months,2026-10-01
2023-11-13,802 Galloway St,6200000,4200,1476,2023,5857,34.0433651,-118.5200754,Tal MLS export,23-285309,,,ALPHA,128,N,older than 24 months,2026-10-01
2023-11-09,857 Toyopa Dr,5390000,2216,2432,1938,8625,34.0436643,-118.5231047,Tal MLS export,23-303441,,,HUNT,72,N,older than 24 months,2026-10-01
2023-11-03,542 Bienveneda Ave,4232000,3041,1392,1948,6104,34.045292,-118.5401133,Tal MLS export,23-291345,,,BLUFF,132,N,older than 24 months,2026-10-01
2023-11-02,710 Hartzell St,6382721,5325,1199,2018,9512,34.0419123,-118.5186703,Tal MLS export,23-314973,,,ALPHA,109,N,older than 24 months,2026-10-01
2023-11-02,659 Jacon Way,2500000,2186,1144,1956,9799,34.0488953,-118.5475359,Tal MLS export,23-315687,,,MK,199,N,older than 24 months,2026-10-01
2023-10-31,15975 Asilomar Blvd,4275000,1938,2206,1951,6763,34.0404464,-118.5384838,Tal MLS export,23-303485,,,BLUFF,141,N,older than 24 months,2026-10-01
2023-10-27,565 Toyopa Dr,4890000,1923,2543,1953,8267,34.0382471,-118.5194748,Tal MLS export,23-257115,,,HUNT,118,N,older than 24 months,2026-10-01
2023-10-25,765 Alma Real Dr,4450000,2547,1747,1948,7583,34.0422635,-118.5233173,Tal MLS export,23-279561,,,HUNT,74,N,older than 24 months,2026-10-01
2023-10-25,16915 Donna Ynez Ln,3100000,2107,1471,1963,10745,34.04786,-118.55043,Tal MLS export,22-197211,,,MK,389,N,older than 24 months,2026-10-01
2023-10-20,557 Via De La Paz,4489000,2979,1507,2000,5500,34.0396667,-118.5293209,Tal MLS export,23-305597,,,VDLP,121,N,older than 24 months,2026-10-01
2023-10-20,1218 Piedra Morada Dr,4300000,5456,788,1985,16686,34.0685261,-118.5514481,Tal MLS export,23-282633,,,HIGH,156,N,older than 24 months,2026-10-01
2023-10-16,469 Arbramar Ave,2757500,1458,1891,1947,5718,34.0417458,-118.5364394,Tal MLS export,23-303087,,,BLUFF,213,N,older than 24 months,2026-10-01
2023-10-16,15233 Bestor Blvd,8125000,6219,1306,2014,7162,34.0513992,-118.5251928,Tal MLS export,23-306179,,,ALPHA,71,N,older than 24 months,2026-10-01
2023-10-12,15976 Alcima Ave,12000000,6033,1989,2012,18368,34.0508623,-118.5346868,Tal MLS export,23-321299,,,UPS,170,N,older than 24 months,2026-10-01
2023-10-11,16951 Livorno Dr,4950000,4720,1049,2007,6889,34.0432824,-118.5484041,Tal MLS export,AR23146805,,,MK,23,N,older than 24 months,2026-10-01
2023-10-11,18064 Sandy Cape Dr,6690000,3756,1781,1965,21184,34.0477637,-118.569361,Tal MLS export,23-288855,,,CAST,582,N,older than 24 months,2026-10-01
2023-10-05,1486 Amalfi Dr,10625000,7653,1388,1993,16519,34.0571481,-118.5033202,Tal MLS export,23-308607,,,RIV,114,N,older than 24 months,2026-10-01
2023-09-29,694 Amalfi Dr,17450000,7467,2337,1933,47216,34.040539,-118.511268,Tal MLS export,23-302809,,,ALPHA,420,N,older than 24 months,2026-10-01
2023-09-28,259 Surfview Dr,3901000,2876,1356,1965,26168,34.0452619,-118.5680662,Tal MLS export,23-289305,,,CAST,306,N,older than 24 months,2026-10-01
2023-09-22,637 Las Lomas Ave,2675000,1872,1429,1951,5195,34.0469281,-118.5395645,Tal MLS export,23-303885,,,BLUFF,116,N,older than 24 months,2026-10-01
2023-09-22,1001 Las Pulgas Rd,2500000,1777,1407,1953,7364,34.0510869,-118.5377579,Tal MLS export,23-298035,,,UPS,61,N,older than 24 months,2026-10-01
2023-09-21,16042 Northfield St,5950000,3954,1505,2023,5751,34.0463323,-118.5360193,Tal MLS export,23-295291,,,BLUFF,2,N,older than 24 months,2026-10-01
2023-09-14,1711 Alta Mura Rd,14250000,6880,2071,1960,24884,34.0632568,-118.5024207,Tal MLS export,23-288869,,,RIV,473,N,older than 24 months,2026-10-01
2023-09-12,1016 Monument St,3145000,972,3236,1950,6495,34.0474859,-118.5240619,Tal MLS export,23-298367,,,ALPHA,52,N,older than 24 months,2026-10-01
2023-09-12,17432 Posetano Rd,2100000,1207,1740,1952,3854,34.0397796,-118.5577449,Tal MLS export,23-304861,,,CAST,116,N,older than 24 months,2026-10-01
2023-09-12,16945 Livorno Dr,2600000,2415,1077,1949,6891,34.0433684,-118.5482217,Tal MLS export,23-295613,,,MK,42,N,older than 24 months,2026-10-01
2023-09-07,1476 Amalfi Dr,11070000,6220,1780,1991,14433,34.0568382,-118.5033225,Tal MLS export,23-288859,,,RIV,106,N,older than 24 months,2026-10-01
2023-09-06,887 Muskingum Ave,8525000,7500,1137,1997,22695,34.0506478,-118.5327706,Tal MLS export,23-282799,,,UPS,298,N,older than 24 months,2026-10-01
2023-08-31,772 Ocampo Dr,4823000,2963,1628,1930,8051,34.0424447,-118.5221654,Tal MLS export,23-307177,,,HUNT,53,N,older than 24 months,2026-10-01
2023-08-29,345 N Grenola St,4999000,3803,1314,1939,7572,34.0420807,-118.5425532,Tal MLS export,23-281713,,,BLUFF,58,N,older than 24 months,2026-10-01
2023-08-29,823 Enchanted Way,3550000,2536,1400,1957,11809,34.0514594,-118.5492145,Tal MLS export,23-292629,,,MK,67,N,older than 24 months,2026-10-01
2023-08-29,1332 W Pavia Pl,11328250,7609,1489,2013,13430,34.0534203,-118.5036118,Tal MLS export,23-259401,,,RIV,392,N,older than 24 months,2026-10-01
2023-08-28,1562 Chastain Pkwy,3800000,4278,888,1991,6162,34.076755,-118.550767,Tal MLS export,23-241907,,,ENC,78,N,older than 24 months,2026-10-01
2023-08-28,17144 Avenida De Santa Ynez,2745000,3030,906,1974,7803,34.0694867,-118.5596579,Tal MLS export,OC23108805,,,HIGH,524,N,older than 24 months,2026-10-01
2023-08-25,1445 Cuesta Linda,3900000,3925,994,1988,25117,34.0757668,-118.5552499,Tal MLS export,23-289281,,,ENC,233,N,older than 24 months,2026-10-01
2023-08-25,275 Monte Grigio Dr,3999000,2719,1471,1965,5203,34.0451261,-118.5628288,Tal MLS export,SR23119606,,,CAST,179,N,older than 24 months,2026-10-01
2023-08-23,1575 Capri Dr,24950000,10853,2299,1937,60692,34.0598402,-118.5030237,Tal MLS export,22-189847,,,RIV,200,N,older than 24 months,2026-10-01
2023-08-21,526 Swarthmore Ave,3975000,1865,2131,1950,10538,34.0386989,-118.5278157,Tal MLS export,23-241149,,,VDLP,163,N,older than 24 months,2026-10-01
2023-08-18,1047 Kagawa St,3150000,1433,2198,1938,6500,34.0491537,-118.5186626,Tal MLS export,23-301699,,,ALPHA,184,N,older than 24 months,2026-10-01
2023-08-18,1505 Umeo Rd,8800000,6245,1409,2011,28012,34.0592966,-118.5050255,Tal MLS export,23-269491,,,RIV,43,N,older than 24 months,2026-10-01
2023-08-16,711 Ocampo Dr,4950000,4078,1214,1941,8752,34.0407097,-118.521033,Tal MLS export,23-268755,,,HUNT,85,N,older than 24 months,2026-10-01
2023-08-16,1131 Hartzell St,3500000,1752,1998,1948,6501,34.0502822,-118.5210344,Tal MLS export,23-289293,,,ALPHA,97,N,older than 24 months,2026-10-01
2023-08-15,743 Almar Ave,5535000,3468,1596,1947,6551,34.0468653,-118.534571,Tal MLS export,23-290323,,,BLUFF,87,N,older than 24 months,2026-10-01
2023-08-09,17501 Tramonto Dr,3140000,2199,1428,1962,5614,34.0414693,-118.557904,Tal MLS export,23-276459,,,CAST,280,N,older than 24 months,2026-10-01
2023-08-08,1136 Donaire Way,4900000,4800,1021,1960,12318,34.0569192,-118.5449449,Tal MLS export,23-278049,,,MK,86,N,older than 24 months,2026-10-01
2023-08-04,13657 W Sunset Blvd,3375000,3085,1094,1952,20038,34.052247,-118.5044388,Tal MLS export,23-292693,,,RIV,541,N,older than 24 months,2026-10-01
2023-08-03,946 Galloway St,5789000,3869,1496,2023,5204,34.0469347,-118.5207893,Tal MLS export,23-235547,,,ALPHA,120,N,older than 24 months,2026-10-01
2023-08-03,16432 Akron St,3700000,2800,1321,1958,6111,34.0505497,-118.5405795,Tal MLS export,23-282040,,,MK,49,N,older than 24 months,2026-10-01
2023-07-27,14800 W Sunset Blvd,2400000,2055,1168,1952,7753,34.0417839,-118.5194509,Tal MLS export,23-280781,,,ALPHA,69,N,older than 24 months,2026-10-01
2023-07-26,1233 Bienveneda Ave,8000000,5300,1509,1972,13800,34.0574861,-118.5420949,Tal MLS export,23-279257,,,UPS,29,N,older than 24 months,2026-10-01
2023-07-24,708 Jacon Way,3250000,2197,1479,1956,9133,34.0493003,-118.5468139,Tal MLS export,23-277981,,,MK,211,N,older than 24 months,2026-10-01
2023-07-24,520 N Beirut Ave,3415000,3200,1067,1932,5814,34.0389525,-118.530135,Tal MLS export,23-277253,,,VDLP,64,N,older than 24 months,2026-10-01
2023-07-21,16808 Marquez Ave,3075000,1965,1565,1952,4556,34.0457396,-118.5470362,Tal MLS export,23-294579,,,MK,205,N,older than 24 months,2026-10-01
2023-07-20,1309 El Hito Cir,3675180,2398,1533,1976,9120,34.0593531,-118.5427666,Tal MLS export,23-283563,,,MK,240,N,older than 24 months,2026-10-01
2023-07-19,530 Alma Real Dr,5895000,3646,1617,1950,8860,34.0380806,-118.5227077,Tal MLS export,23-277977,,,HUNT,89,N,older than 24 months,2026-10-01
2023-07-19,212 Aderno Way,4850000,3494,1388,,8752,34.0423812,-118.5448037,Tal MLS export,23-278751,,,BLUFF,152,N,older than 24 months,2026-10-01
2023-07-14,1435 Chastain,3850000,6166,624,1995,12519,34.0746917,-118.552562,Tal MLS export,23-290721,,,ENC,268,N,older than 24 months,2026-10-01
2023-07-12,1220 Las Lomas Pl,3925000,4200,935,1956,11621,34.0549517,-118.5344403,Tal MLS export,23-253509,,,UPS,28,N,older than 24 months,2026-10-01
2023-07-12,1060 Palisair Pl,2225000,1725,1290,1954,11956,34.0531616,-118.5318032,Tal MLS export,23-258645,,,UPS,130,N,older than 24 months,2026-10-01
2023-07-06,1279 El Hito Cir,3200000,2010,1592,1972,8571,34.058736,-118.5420537,Tal MLS export,SR23040958,,,MK,167,N,older than 24 months,2026-10-01
2023-07-05,17607 Tramonto Dr,3550000,2240,1585,1953,6307,34.0420553,-118.5591308,Tal MLS export,23-275993,,,CAST,355,N,older than 24 months,2026-10-01
2023-07-03,16121 Alcima Ave,2600000,3000,867,1951,6766,34.0507577,-118.5357088,Tal MLS export,23-235951,,,UPS,92,N,older than 24 months,2026-10-01
2023-06-30,950 Las Lomas Ave,3075000,2885,1066,1959,8415,34.0511224,-118.5357059,Tal MLS export,23-257601,,,UPS,72,N,older than 24 months,2026-10-01
2023-06-30,1142 Bienveneda Ave,4850000,4151,1168,2020,25102,34.0554496,-118.5400952,Tal MLS export,23-274157,,,UPS,278,N,older than 24 months,2026-10-01
2023-06-28,841 Jacon Way,3300000,1982,1665,1956,10665,34.0520615,-118.5472163,Tal MLS export,23-270442,,,MK,62,N,older than 24 months,2026-10-01
2023-06-27,16050 Miami Way,4995500,3833,1303,2006,5654,34.0455016,-118.5375504,Tal MLS export,23-270271,,,BLUFF,96,N,older than 24 months,2026-10-01
2023-06-26,1102 Villa View Dr,3070000,2343,1310,1951,11374,34.0501173,-118.5141614,Tal MLS export,23-264975,,,RIV,81,N,older than 24 months,2026-10-01
2023-06-20,13545 D Este Dr,7500000,3029,2476,1952,16200,34.0577267,-118.4992295,Tal MLS export,23-272467,,,RIV,292,N,older than 24 months,2026-10-01
2023-06-16,1150 Iliff St,3965000,2447,1620,1952,6501,34.0509288,-118.5195719,Tal MLS export,23-251657,,,ALPHA,5,N,older than 24 months,2026-10-01
2023-06-14,1053 Enchanted Way,2750000,2219,1239,1965,37750,34.0566942,-118.5496677,Tal MLS export,23-237229,,,MK,185,N,older than 24 months,2026-10-01
2023-06-12,14949 Mc Kendree Ave,2300000,1697,1355,1956,6442,34.052878,-118.5231157,Tal MLS export,23-271487,,,ALPHA,138,N,older than 24 months,2026-10-01
2023-06-09,357 N Grenola St,5500000,4604,1195,1993,8325,34.0424893,-118.5426023,Tal MLS export,23-265445,,,BLUFF,103,N,older than 24 months,2026-10-01
2023-06-07,809 Toyopa Dr,4525000,1683,2689,1950,8051,34.0425364,-118.5217472,Tal MLS export,23-247173,,,HUNT,88,N,older than 24 months,2026-10-01
2023-06-01,16748 Calle Arbolada,2950000,3572,826,1990,5828,34.0753218,-118.5514757,Tal MLS export,23-259831,,,ENC,194,N,older than 24 months,2026-10-01
2023-05-24,906 Fiske St,2585000,1494,1730,1947,5198,34.045722,-118.5215224,Tal MLS export,23-263491,,,ALPHA,83,N,older than 24 months,2026-10-01
2023-05-19,380 N Grenola St,7610000,5750,1323,2018,9702,34.043237,-118.5425669,Tal MLS export,23-246541,,,BLUFF,156,N,older than 24 months,2026-10-01
2023-05-19,501 Almar Ave,3693000,2217,1666,1946,6590,34.0422229,-118.5376691,Tal MLS export,23-248001,,,BLUFF,97,N,older than 24 months,2026-10-01
2023-05-15,835 Greentree Rd,3640000,2671,1363,1948,19627,34.0444615,-118.5159829,Tal MLS export,23-233585,,,RIV,104,N,older than 24 months,2026-10-01
2023-05-15,463 Puerto Del Mar,2025000,688,2943,1956,3787,34.0417607,-118.5384394,Tal MLS export,23-261345,,,BLUFF,108,N,older than 24 months,2026-10-01
2023-05-12,17282 Avenida De La Herradura,2000000,2113,947,1977,6159,34.0785566,-118.563232,Tal MLS export,23-229639,,,HIGH,134,N,older than 24 months,2026-10-01
2023-05-08,850 Toyopa Dr,4184700,1937,2160,1936,8049,34.043825,-118.5224956,Tal MLS export,23-246359,,,HUNT,69,N,older than 24 months,2026-10-01
2023-05-05,16628 Calle Jermaine,2890000,3341,865,1995,11841,34.0727991,-118.5488185,Tal MLS export,23-244473,,,HIGH,216,N,older than 24 months,2026-10-01
2023-05-05,15873 Seabec Cir,3544000,1738,2039,1949,7508,34.0410615,-118.5347148,Tal MLS export,23-254074,,,BLUFF,195,N,older than 24 months,2026-10-01
2023-05-04,16880 Avenida De Santa Ynez,4320000,5200,831,1996,9474,34.0747892,-118.5620025,Tal MLS export,23-245579,,,HIGH,403,N,older than 24 months,2026-10-01
2023-05-01,390 Vance St,4940000,3535,1397,1992,14004,34.0319697,-118.5179817,Tal MLS export,22-215601,,,HUNT,597,N,older than 24 months,2026-10-01
2023-04-28,1056 Tellem Dr,3900000,2366,1648,1960,14476,34.0554373,-118.5457439,Tal MLS export,23-253947,,,MK,132,N,older than 24 months,2026-10-01
2023-04-28,1332 Luna Vista Dr,4280000,2111,2027,1971,13700,34.0612356,-118.5515398,Tal MLS export,23-253093,,,MK,90,N,older than 24 months,2026-10-01
2023-04-28,1100 Las Lomas Ave,2525000,1624,1555,1956,11063,34.0535489,-118.5353032,Tal MLS export,23-239229,,,UPS,116,N,older than 24 months,2026-10-01
2023-04-25,1451 Chastain Pkwy,4950000,6184,800,2001,12956,34.0751936,-118.5529601,Tal MLS export,23-253203,,,ENC,216,N,older than 24 months,2026-10-01
2023-04-21,1110 Vista Grande Dr,6120000,2416,2533,1966,16180,34.0577634,-118.5503635,Tal MLS export,22-218191,,,MK,279,N,older than 24 months,2026-10-01
2023-04-21,212 Surfview Dr,4246500,3454,1229,1965,15040,34.0442168,-118.5673845,Tal MLS export,22-212461,,,CAST,201,N,older than 24 months,2026-10-01
2023-04-18,919 Fiske St,3075000,,,1946,5203,34.0459533,-118.5221539,Tal MLS export,23-235761,,,ALPHA,131,N,older than 24 months,2026-10-01
2023-04-14,1031 Enchanted Way,16199000,7607,2129,2018,36299,34.0556164,-118.5495852,Tal MLS export,23-259373,,,MK,111,N,older than 24 months,2026-10-01
2023-04-14,16778 Calle De Catalina,2500000,3032,825,1996,143964,34.0759703,-118.5513386,Tal MLS export,23-233587,,,ENC,149,N,older than 24 months,2026-10-01
2023-04-06,520 N Las Casas Ave,2580000,1931,1336,1950,5372,34.0444664,-118.5430993,Tal MLS export,22-218439,,,BLUFF,55,N,older than 24 months,2026-10-01
2023-04-06,1339 Marinette Rd,3685000,2653,1389,1957,10614,34.0542519,-118.5196464,Tal MLS export,23-247807,,,ALPHA,70,N,older than 24 months,2026-10-01
2023-03-31,221 Tranquillo Rd,6200000,2525,2455,1954,7131,34.0435129,-118.5626151,Tal MLS export,OC23053481,,,CAST,186,N,older than 24 months,2026-10-01
2023-03-31,17792 Camino De Yatasto,2700000,3441,785,1976,41763,34.0797077,-118.5683581,Tal MLS export,23-230463,,,HIGH,611,N,older than 24 months,2026-10-01
2023-03-30,1119 Monument St,8500000,7000,1214,2018,7123,34.049263,-118.5251061,Tal MLS export,23-252337,,,ALPHA,209,N,older than 24 months,2026-10-01
2023-03-30,741 Ocampo Dr,5100000,2513,2029,1951,8626,34.0413699,-118.5217157,Tal MLS export,23-232767,,,HUNT,99,N,older than 24 months,2026-10-01
2023-03-30,15232 De Pauw St,7960000,7492,1062,2023,7490,34.0372213,-118.5253706,Tal MLS export,23-255951,,,VDLP,262,N,older than 24 months,2026-10-01
2023-03-29,1241 Corsica Dr,6265000,3045,2057,1950,15222,34.0515884,-118.5032682,Tal MLS export,23-239879,,,RIV,521,N,older than 24 months,2026-10-01
2023-03-29,922 Chautauqua Blvd,9525000,5880,1620,2007,14479,34.0470046,-118.5161001,Tal MLS export,23-243391,,,ALPHA,138,N,older than 24 months,2026-10-01
2023-03-29,1166 Corsica Dr,15200000,9000,1689,2015,14000,34.0496338,-118.5041575,Tal MLS export,23-229793,,,RIV,299,N,older than 24 months,2026-10-01
2023-03-28,1511 Amalfi Dr,5600000,3992,1403,1978,21713,34.05755,-118.50408,Tal MLS export,23-244565,,,RIV,197,N,older than 24 months,2026-10-01
2023-03-24,1007 Chautauqua Blvd,4875000,3141,1552,1986,7921,34.0482566,-118.517294,Tal MLS export,23-243907,,,ALPHA,89,N,older than 24 months,2026-10-01
2023-03-24,1147 Hartzell St,5275000,3500,1507,2014,6501,34.0506734,-118.5211194,Tal MLS export,23-244469,,,ALPHA,59,N,older than 24 months,2026-10-01
2023-03-24,18034 Sandy Cape Dr,8750000,3400,2574,1965,19055,34.0474869,-118.5682855,Tal MLS export,23-239255,,,CAST,498,N,older than 24 months,2026-10-01
2023-03-24,14380 W Sunset Blvd,8500000,3588,2369,1925,48981,34.0476262,-118.5118037,Tal MLS export,23-234835,,,RIV,275,N,older than 24 months,2026-10-01
2023-03-24,501 Swarthmore Ave,9500000,6295,1509,2022,8175,34.0382286,-118.5284912,Tal MLS export,23-253781,,,VDLP,82,N,older than 24 months,2026-10-01
2023-03-24,14949 La Cumbre Dr,5999000,2926,2050,1961,11982,34.0339208,-118.5223277,Tal MLS export,SR23041337,,,HUNT,381,N,older than 24 months,2026-10-01
2023-03-22,701 Amalfi Dr,9500000,3340,2844,1965,20962,34.041368,-118.5121678,Tal MLS export,23-252884,,,ALPHA,297,N,older than 24 months,2026-10-01
2023-03-21,640 Resolano Dr,4500000,2397,1877,1959,63400,34.0476253,-118.5560066,Tal MLS export,22-217769,,,CAST,65,N,older than 24 months,2026-10-01
2023-03-21,14707 Oracle Pl,2695500,2254,1196,1957,20603,34.0556792,-118.5189616,Tal MLS export,SR22217534,,,ALPHA,176,N,older than 24 months,2026-10-01
2023-03-16,15922 Northfield St,5750000,4273,1346,2013,6733,34.0450996,-118.5345368,Tal MLS export,23-240531,,,BLUFF,142,N,older than 24 months,2026-10-01
2023-03-15,616 Ocampo Dr,5150000,,,1950,8728,34.0392406,-118.5197744,Tal MLS export,23-238107,,,HUNT,57,N,older than 24 months,2026-10-01
2023-03-15,1390 Bella Oceana Vis,8230000,8182,1006,1995,26629,34.0617706,-118.5436622,Tal MLS export,23-233041,,,MK,456,N,older than 24 months,2026-10-01
2023-03-10,610 Haverford Ave,2800000,2130,1315,1926,9844,34.0411479,-118.5298095,Tal MLS export,NDP2300504,,,VDLP,138,N,older than 24 months,2026-10-01
2023-03-10,965 Napoli Dr,9580000,5712,1677,2009,13186,34.0454035,-118.5066856,Tal MLS export,23-233979,,,RIV,143,N,older than 24 months,2026-10-01
2023-03-10,16056 Aiglon St,4603000,4598,1001,2015,5750,34.0448209,-118.5381751,Tal MLS export,23-240775,,,BLUFF,135,N,older than 24 months,2026-10-01
2023-03-07,735 Iliff St,6100000,4310,1415,2022,6499,34.0424268,-118.5182596,Tal MLS export,22-227799,,,ALPHA,57,N,older than 24 months,2026-10-01
2023-03-03,16690 Calle Arbolada,2667210,3341,798,1990,5948,34.0738873,-118.5507274,Tal MLS export,23-233667,,,SUMMIT,219,N,older than 24 months,2026-10-01
2023-03-01,1300 Pavia Pl,7220000,4562,1583,1937,17455,34.053077,-118.5044224,Tal MLS export,22-221705,,,RIV,457,N,older than 24 months,2026-10-01
2023-03-01,412 Swarthmore Ave,3000000,1604,1870,1946,6248,34.0372047,-118.5281499,Tal MLS export,23-229467,,,VDLP,102,N,older than 24 months,2026-10-01
2023-02-28,13705 Romany Dr,10300000,4182,2463,1951,41171,34.0552644,-118.5052732,Tal MLS export,23-228959,,,RIV,329,N,older than 24 months,2026-10-01
2023-02-27,720 Brooktree Rd,7722000,5083,1519,1987,13809,34.0414424,-118.5149843,Tal MLS export,22-228199,,,ALPHA,190,N,older than 24 months,2026-10-01
2023-02-27,670 Radcliffe Ave,3825000,,,1945,9000,34.0428984,-118.5303667,Tal MLS export,22-222320,,,VDLP,163,N,older than 24 months,2026-10-01
2023-02-23,761 Swarthmore Ave,6130000,5250,1168,2009,6004,34.0442355,-118.5269214,Tal MLS export,22-206821,,,VDLP,36,N,older than 24 months,2026-10-01
2023-02-22,1104 Via De La Paz,6000000,4200,1429,2023,5885,34.0491685,-118.5263499,Tal MLS export,23-230963,,,ALPHA,127,N,older than 24 months,2026-10-01
2023-02-17,623 El Cerco Pl,5900000,4633,1273,1950,9240,34.0392251,-118.5230745,Tal MLS export,23-228709,,,HUNT,48,N,older than 24 months,2026-10-01
2023-02-01,1354 Lachman Ln,5875000,8047,730,2024,16705,34.0591253,-118.5487503,Tal MLS export,23-229451,,,MK,260,N,older than 24 months,2026-10-01
2023-01-20,1053 Lachman Ln,2855000,2723,1048,1959,9487,34.0543178,-118.5466739,Tal MLS export,22-199399,,,MK,96,N,older than 24 months,2026-10-01
2023-01-18,1488 Paseo De Oro,2465000,3102,795,1997,90385,34.0743784,-118.5514875,Tal MLS export,22-214421,,,SUMMIT,270,N,older than 24 months,2026-10-01
2023-01-17,15907 Asilomar Blvd,4800000,1660,2892,1950,7926,34.0405335,-118.5361988,Tal MLS export,SR20241093,,,BLUFF,325,N,older than 24 months,2026-10-01
2023-01-12,16671 Calle Brittany,3005000,4583,656,1999,13527,34.075092,-118.5487983,Tal MLS export,22-213145,,,ENC,71,N,older than 24 months,2026-10-01
2023-01-09,845 Las Lomas Ave,2686250,1884,1426,1962,5817,34.0498081,-118.5377759,Tal MLS export,22-221045,,,UPS,73,N,older than 24 months,2026-10-01
2023-01-03,842 Radcliffe Ave,2475000,1003,2468,1925,6580,34.0463848,-118.5292957,Tal MLS export,22-211079,,,VDLP,283,N,older than 24 months,2026-10-01
2023-01-03,17834 Porto Marina Way,4400000,,,1956,3747,34.0418775,-118.5639246,Tal MLS export,22-220763,,,CAST,86,N,older than 24 months,2026-10-01
2022-12-29,641 Las Lomas Ave,2400000,4015,598,1950,5251,34.0470597,-118.5395809,Tal MLS export,22-212571,,,BLUFF,106,N,older than 24 months,2026-10-01
2022-12-20,1075 Palisair Pl,4500000,2298,1958,1955,18463,34.0535367,-118.5323605,Tal MLS export,22-222303,,,UPS,196,N,older than 24 months,2026-10-01
2022-12-19,1312 Marinette Rd,4010000,2378,1686,1958,17959,34.0539321,-118.518621,Tal MLS export,22-225715,,,ALPHA,32,N,older than 24 months,2026-10-01
2022-12-15,737 Chapala Dr,6700000,4925,1360,1938,8500,34.0408744,-118.5224126,Tal MLS export,22-202009,,,HUNT,54,N,older than 24 months,2026-10-01
2022-12-14,15449 De Pauw St,3825000,2860,1337,1954,5184,34.0407081,-118.5297232,Tal MLS export,22-200543,,,VDLP,126,N,older than 24 months,2026-10-01
2022-12-14,16952 Dulce Ynez Ln,3220000,3112,1035,1965,8064,34.046435,-118.55075,Tal MLS export,22-203033,,,MK,320,N,older than 24 months,2026-10-01
2022-12-13,701 Hampden Pl,1787500,1006,1777,1951,2879,34.0424964,-118.5266504,Tal MLS export,22-208063,,,VDLP,72,N,older than 24 months,2026-10-01
2022-12-13,16828 Charmel Ln,2900000,2253,1287,1973,27019,34.062182,-118.5516909,Tal MLS export,22-202533,,,HIGH,177,N,older than 24 months,2026-10-01
2022-12-13,434 Chautauqua Blvd,5850000,4969,1177,1963,20360,34.0350102,-118.5192984,Tal MLS export,22-171595,,,HUNT,239,N,older than 24 months,2026-10-01
2022-12-13,620 Resolano Dr,7420000,5000,1484,1962,13941,34.0472662,-118.5567683,Tal MLS export,22-162601,,,CAST,76,N,older than 24 months,2026-10-01
2022-12-06,15934 Alcima Ave,4580000,3636,1260,1951,18448,34.051197,-118.5335263,Tal MLS export,22-197329,,,UPS,270,N,older than 24 months,2026-10-01
2022-12-02,1406 Avenida De Cortez,2586000,2614,989,1973,9154,34.0731471,-118.5626441,Tal MLS export,22-204005,,,HIGH,535,N,older than 24 months,2026-10-01
2022-11-29,13838 W Sunset Blvd,3197500,2596,1232,1952,15000,34.0476313,-118.5069431,Tal MLS export,22-188939,,,RIV,56,N,older than 24 months,2026-10-01
2022-11-22,1200 Chautauqua Blvd,5900000,3613,1633,1962,8360,34.0517822,-118.5178735,Tal MLS export,22-203105,,,ALPHA,63,N,older than 24 months,2026-10-01
2022-11-22,16162 Alcima Ave,3422500,2677,1278,1955,8958,34.0499007,-118.536514,Tal MLS export,22-211313,,,UPS,156,N,older than 24 months,2026-10-01
2022-11-17,525 Spoleto Dr,29500000,,,2007,13950,34.034545,-118.5152567,Tal MLS export,23-308989,,,HUNT,513,N,older than 24 months,2026-10-01
2022-11-17,15333 De Pauw St,8800000,7448,1182,2022,8432,34.0400743,-118.5268946,Tal MLS export,22-166677,,,VDLP,20,N,older than 24 months,2026-10-01
2022-11-16,16573 Via Floresta,2820000,2426,1162,1986,84863,34.0607695,-118.5470922,Tal MLS export,22-202583,,,MK,357,N,older than 24 months,2026-10-01
2022-11-15,1090 Ravoli Dr,6775000,5568,1217,1996,21388,34.0491243,-118.5086009,Tal MLS export,22-174288,,,RIV,266,N,older than 24 months,2026-10-01
2022-11-15,1345 Chautauqua Blvd,7524000,4865,1547,1992,10233,34.0533241,-118.5204339,Tal MLS export,22-213283,,,ALPHA,108,N,older than 24 months,2026-10-01
2022-11-14,806 Alma Real Dr,6125000,4859,1261,2006,8627,34.0431508,-118.5230245,Tal MLS export,22-186571,,,HUNT,43,N,older than 24 months,2026-10-01
2022-11-14,16647 Bienveneda Pl,4850000,4314,1124,1975,11060,34.0603919,-118.5450678,Tal MLS export,22-179195,,,MK,277,N,older than 24 months,2026-10-01
2022-11-11,500 Ocampo Dr,5365000,2453,2187,1937,8924,34.0370332,-118.5204801,Tal MLS export,22-189097,,,HUNT,55,N,older than 24 months,2026-10-01
2022-11-09,1460 San Remo Dr,3800000,4910,774,1955,47112,34.0558348,-118.4975481,Tal MLS export,22-152871,,,RIV,437,N,older than 24 months,2026-10-01
2022-11-04,17133 Avenida De La Herradura,2600000,2961,878,1976,7505,34.0767517,-118.5590556,Tal MLS export,22-186551,,,HIGH,158,N,older than 24 months,2026-10-01
2022-11-03,1336 Las Canoas Rd,3300000,2796,1180,1962,13380,34.0547097,-118.5383209,Tal MLS export,22-175543,,,UPS,175,N,older than 24 months,2026-10-01
2022-11-02,14832 W Sunset Blvd,2375000,2058,1154,1950,6900,34.042347,-118.5201531,Tal MLS export,22-198261,,,VDLP,20,N,older than 24 months,2026-10-01
2022-11-02,888 Toulon Dr,16500000,8800,1875,1994,14019,34.0442259,-118.5079134,Tal MLS export,22-190687,,,RIV,308,N,older than 24 months,2026-10-01
2022-10-31,860 Radcliffe Ave,4730000,3279,1443,1939,4685,34.0467377,-118.5290714,Tal MLS export,22-196141,,,VDLP,307,N,older than 24 months,2026-10-01
2022-10-28,1422 Lachman Ln,6000000,8552,702,,19075,34.061179,-118.5496815,Tal MLS export,22-124033,,,MK,187,N,older than 24 months,2026-10-01
2022-10-25,1042 Embury St,5200000,3669,1417,2015,5202,34.048325,-118.5231405,Tal MLS export,22-197403,,,ALPHA,113,N,older than 24 months,2026-10-01
2022-10-21,668 Bienveneda Ave,3175000,2800,1134,1954,6400,34.0477609,-118.5398935,Tal MLS export,OC22184022,,,BLUFF,101,N,older than 24 months,2026-10-01
2022-10-20,555 Almar Ave,4025000,2417,1665,1949,8486,34.0435377,-118.5371629,Tal MLS export,22-197439,,,BLUFF,78,N,older than 24 months,2026-10-01
2022-10-14,785 Napoli Dr,6800000,3959,1718,1996,17475,34.0428806,-118.5099561,Tal MLS export,SR22188008,,,RIV,428,N,older than 24 months,2026-10-01
2022-10-14,16121 Northfield St,4095000,3415,1199,1947,7465,34.0479313,-118.5372538,Tal MLS export,22-198397,,,BLUFF,49,N,older than 24 months,2026-10-01
2022-10-14,649 Las Lomas Ave,2365123,1779,1329,1950,6583,34.0473634,-118.5395064,Tal MLS export,22-197165,,,BLUFF,78,N,older than 24 months,2026-10-01
2022-10-12,1853 E Chastain Pkwy,6200000,6548,947,2006,18250,34.0711225,-118.5484881,Tal MLS export,22-158695,,,HIGH,240,N,older than 24 months,2026-10-01
2022-10-07,16661 Cumbre Verde Ct,5205000,6500,801,1988,15071,34.071254,-118.5509641,Tal MLS export,22-168791,,,HIGH,74,N,older than 24 months,2026-10-01
2022-10-05,16011 Temecula St,4837000,2870,1685,2009,5749,34.0456185,-118.5357903,Tal MLS export,22-205993,,,BLUFF,80,N,older than 24 months,2026-10-01
2022-10-04,1124 Kagawa St,7655000,5061,1513,2021,6025,34.0503966,-118.5184229,Tal MLS export,22-180005,,,ALPHA,116,N,older than 24 months,2026-10-01
2022-10-04,13741 Romany Dr,5850000,2794,2094,1953,12760,34.0541398,-118.506011,Tal MLS export,22-175713,,,RIV,456,N,older than 24 months,2026-10-01
2022-10-03,1030 Rivas Canyon Rd,9025000,4140,2180,1960,63547,34.0498213,-118.5154507,Tal MLS export,22-180561,,,ALPHA,154,N,older than 24 months,2026-10-01
2022-10-03,455 Almar Ave,3000000,2264,1325,1941,10259,34.0414748,-118.5382984,Tal MLS export,22-171219,,,BLUFF,141,N,older than 24 months,2026-10-01
2022-09-30,15415 Albright St,4075000,1840,2215,1947,9986,34.0494526,-118.5272339,Tal MLS export,22-189551,,,ALPHA,49,N,older than 24 months,2026-10-01
2022-09-30,1172 Napoli Dr,28500000,13453,2118,2017,24319,34.0497271,-118.5029553,Tal MLS export,22-186977,,,RIV,388,N,older than 24 months,2026-10-01
2022-09-29,1339 Capri Dr,9150000,6791,1347,2008,20464,34.0540799,-118.50303,Tal MLS export,22-190517,,,RIV,306,N,older than 24 months,2026-10-01
2022-09-28,1714 Chastain Pkwy,3800000,5650,673,1996,8201,34.0749165,-118.5478735,Tal MLS export,22-165823,,,ENC,123,N,older than 24 months,2026-10-01
2022-09-27,18000 Sea Reef Dr,4500000,3686,1221,1965,14180,34.0463236,-118.5687185,Tal MLS export,PV22165747,,,CAST,426,N,older than 24 months,2026-10-01
2022-09-26,17536 Camino De Yatasto,6750000,8183,825,1983,33597,34.0770416,-118.5716748,Tal MLS export,21-775580,,,,928,N,older than 24 months,2026-10-01
2022-09-23,16843 W Sunset Blvd,2925000,3432,852,1948,7198,34.0435026,-118.5452971,Tal MLS export,22-147983,,,BLUFF,54,N,older than 24 months,2026-10-01
2022-09-21,926 Bienveneda Ave,2225000,1672,1331,1952,9433,34.0513601,-118.539164,Tal MLS export,22-180291,,,UPS,60,N,older than 24 months,2026-10-01
2022-09-20,1321 Piedra Morada Dr,5400000,6472,834,1986,17643,34.071469,-118.5521213,Tal MLS export,22-159561,,,HIGH,122,N,older than 24 months,2026-10-01
2022-09-19,934 Galloway St,5940000,3700,1605,2014,5203,34.0466165,-118.520688,Tal MLS export,22-182821,,,ALPHA,86,N,older than 24 months,2026-10-01
2022-09-16,1427 W Chastain Pkwy,3770000,5268,716,1996,13754,34.0743587,-118.5524018,Tal MLS export,22-170805,,,ENC,303,N,older than 24 months,2026-10-01
2022-09-14,17446 Revello Dr,3740000,2467,1516,1963,4622,34.0404211,-118.556154,Tal MLS export,22-182275,,,CAST,154,N,older than 24 months,2026-10-01
2022-09-12,1415 Chautauqua Blvd,4150000,2900,1431,1962,7096,34.0546382,-118.5220614,Tal MLS export,22-191445,,,ALPHA,76,N,older than 24 months,2026-10-01
2022-09-12,1150 Monument St,4385000,3003,1460,1946,6499,34.0502836,-118.5246293,Tal MLS export,22-181985,,,ALPHA,177,N,older than 24 months,2026-10-01
2022-09-07,1126 Tellem Dr,5005000,2556,1958,1960,14826,34.0560388,-118.5440973,Tal MLS export,22-189017,,,MK,51,N,older than 24 months,2026-10-01
2022-09-07,16865 Calle Bellevista,11130000,13151,846,2003,95832,34.0791218,-118.5512863,Tal MLS export,21-114189,,,ENC,190,N,older than 24 months,2026-10-01
2022-08-31,14943 Alva Dr,5680000,2676,2123,1950,8492,34.0357785,-118.5219741,Tal MLS export,22-175945,,,HUNT,242,N,older than 24 months,2026-10-01
2022-08-30,16667 Calle Haleigh,3550000,4583,775,1999,8071,34.0744045,-118.5491072,Tal MLS export,22-168179,,,SUMMIT,151,N,older than 24 months,2026-10-01
2022-08-26,1339 Luna Vista Dr,3547600,,,,10706,34.0614526,-118.5507575,Tal MLS export,22-160543,,,MK,152,N,older than 24 months,2026-10-01
2022-08-24,16601 Calle Haleigh,3275000,4583,715,1999,9790,34.0731011,-118.5478847,Tal MLS export,22-167375,,,SUMMIT,304,N,older than 24 months,2026-10-01
2022-08-19,16672 Calle Arbolada,3325000,3847,864,1990,16053,34.0734364,-118.5505701,Tal MLS export,22-178411,,,SUMMIT,171,N,older than 24 months,2026-10-01
2022-08-16,754 Iliff St,2900000,1276,2273,1939,5751,34.043055,-118.5178725,Tal MLS export,22-176099,,,ALPHA,35,N,older than 24 months,2026-10-01
2022-08-12,500 Alma Real Dr,12080000,10108,1195,2010,12763,34.0373633,-118.5222036,Tal MLS export,22-181863,,,HUNT,152,N,older than 24 months,2026-10-01
2022-08-02,561 Mount Holyoke Ave,6400000,2405,2661,1948,14251,34.0397971,-118.5300908,Tal MLS export,22-176293,,,VDLP,65,N,older than 24 months,2026-10-01
2022-08-01,668 Hampden Pl,4425000,3046,1453,1956,6288,34.0416809,-118.5268071,Tal MLS export,22-170911,,,ALPHA,153,N,older than 24 months,2026-10-01
2022-07-29,400 Vance St,4680000,2734,1712,1948,26631,34.032084,-118.5185919,Tal MLS export,22-125345,,,HUNT,570,N,older than 24 months,2026-10-01
2022-07-26,505 Paseo Miramar,3800000,2365,1607,1958,11248,34.0464281,-118.5563894,Tal MLS export,22-167171,,,CAST,169,N,older than 24 months,2026-10-01
2022-07-22,1457 Floresta Pl,4600000,4125,1115,1987,41828,34.0623806,-118.5477654,Tal MLS export,22-165467,,,MK,408,N,older than 24 months,2026-10-01
2022-07-22,1105 Charm Acres Pl,6636000,3970,1672,2020,5989,34.0490226,-118.5259663,Tal MLS export,22-170897,,,ALPHA,164,N,older than 24 months,2026-10-01
2022-07-21,591 Paseo Miramar,3650000,2847,1282,1975,20806,34.0471169,-118.5578632,Tal MLS export,22-148285,,,CAST,148,N,older than 24 months,2026-10-01
2022-07-18,16656 Linda Ter,4205000,3244,1296,1953,7242,34.0487749,-118.5454013,Tal MLS export,22-167655,,,MK,165,N,older than 24 months,2026-10-01
2022-07-11,401 Surfview Dr,4450000,2916,1526,1965,14203,34.0474783,-118.5664156,Tal MLS export,22-162883,,,CAST,426,N,older than 24 months,2026-10-01
2022-07-08,17190 Avenida De Santa Ynez,2800000,3387,827,1974,8670,34.0704628,-118.5611906,Tal MLS export,22-152967,,,HIGH,670,N,older than 24 months,2026-10-01
2022-07-07,18008 Sandy Cape Dr,4379000,3691,1186,1965,15325,34.0471911,-118.5676536,Tal MLS export,22-138384,,,CAST,440,N,older than 24 months,2026-10-01
2022-07-06,15313 Via De Las Olas,10000000,4003,2498,1952,7174,34.0359591,-118.528594,Tal MLS export,22-162263,,,VDLP,65,N,older than 24 months,2026-10-01
2022-07-06,1682 San Onofre Dr,6550000,2915,2247,1949,15562,34.0624772,-118.5020778,Tal MLS export,21-103571,,,RIV,424,N,older than 24 months,2026-10-01
2022-07-06,16597 Calle Victoria,7650000,7220,1060,2005,43178,34.071172,-118.5494326,Tal MLS export,22-158679,,,HIGH,159,N,older than 24 months,2026-10-01
2022-07-05,914 Bienveneda Ave,3600818,2290,1572,1953,10047,34.0511434,-118.5388867,Tal MLS export,22-164325,,,UPS,57,N,older than 24 months,2026-10-01
2022-07-01,433 Puerto Del Mar,5050000,3516,1436,1957,8252,34.041206,-118.5396073,Tal MLS export,22-152663,,,BLUFF,18,N,older than 24 months,2026-10-01
2022-06-22,17719 Posetano Rd,4002000,2622,1526,2013,3892,34.041909,-118.561144,Tal MLS export,22-145803,,,CAST,170,N,older than 24 months,2026-10-01
2022-06-22,1160 Ravoli Dr,6000000,3110,1929,2015,21228,34.0509838,-118.5076369,Tal MLS export,22-152223,,,RIV,390,N,older than 24 months,2026-10-01
2022-06-21,935 Galloway St,5795000,3300,1756,2018,5197,34.0465223,-118.5212869,Tal MLS export,22-152657,,,ALPHA,123,N,older than 24 months,2026-10-01
2022-06-17,643 Radcliffe Ave,4650000,3677,1265,2004,11789,34.0422285,-118.531132,Tal MLS export,22-141053,,,BLUFF,208,N,older than 24 months,2026-10-01
2022-06-16,16749 Marquez Ter,6618195,5434,1218,2013,7245,34.0474578,-118.5462291,Tal MLS export,22-156111,,,MK,0,N,older than 24 months,2026-10-01
2022-06-16,1026 Iliff St,6000000,4084,1469,2011,6500,34.0485419,-118.5190409,Tal MLS export,22-156787,,,ALPHA,214,N,older than 24 months,2026-10-01
2022-06-09,1088 Villa Grove Dr,4599000,4367,1053,1953,10587,34.0504449,-118.5132837,Tal MLS export,22-148419,,,RIV,27,N,older than 24 months,2026-10-01
2022-06-08,14203 W Evans Road Blvd,8000000,4177,1915,1981,72463,34.05117,-118.50998,Tal MLS export,22-133109,,,RIV,323,N,older than 24 months,2026-10-01
2022-06-06,16948 Livorno Dr,4340000,3198,1357,1950,6606,34.0428397,-118.5481817,Tal MLS export,22-149923,,,MK,52,N,older than 24 months,2026-10-01
2022-06-03,780 Brooktree Rd,7230000,2648,2730,1953,11626,34.0430571,-118.513795,Tal MLS export,22-144419,,,RIV,74,N,older than 24 months,2026-10-01
2022-06-03,16054 Temecula St,5200000,3129,1662,2020,5750,34.0460013,-118.5368536,Tal MLS export,22-188787,,,BLUFF,86,N,older than 24 months,2026-10-01
2022-06-02,1405 El Bosque Ct,3075000,3504,878,1987,15640,34.0745071,-118.556752,Tal MLS export,22-143709,,,HIGH,172,N,older than 24 months,2026-10-01
2022-06-01,725 Via De La Paz,3950000,1966,2009,1949,8300,34.043475,-118.5284747,Tal MLS export,22-153255,,,VDLP,57,N,older than 24 months,2026-10-01
2022-05-27,530 Muskingum Pl,2630000,1178,2233,1949,5226,34.0427828,-118.5378104,Tal MLS export,22-155897,,,BLUFF,43,N,older than 24 months,2026-10-01
2022-05-24,1001 Amalfi Dr,3325000,2307,1441,1955,10940,34.0467368,-118.5096861,Tal MLS export,SR21249006,,,RIV,312,N,older than 24 months,2026-10-01
2022-05-20,1344 San Remo Dr,6640000,6269,1059,2002,8614,34.0546541,-118.499395,Tal MLS export,22-144827,,,RIV,345,N,older than 24 months,2026-10-01
2022-05-19,1444 Lachman Ln,5817500,3472,1676,1973,22067,34.0615925,-118.5493845,Tal MLS export,22-142933,,,MK,237,N,older than 24 months,2026-10-01
2022-05-18,1049 Glenhaven Dr,4500000,3100,1452,1960,12582,34.053774,-118.5472508,Tal MLS export,22-143325,,,MK,115,N,older than 24 months,2026-10-01
2022-05-18,761 Radcliffe Ave,2400000,1155,2078,1954,7509,34.0446762,-118.5304821,Tal MLS export,22-136672,,,BLUFF,173,N,older than 24 months,2026-10-01
2022-05-18,267 Toyopa Dr,8400000,14000,600,2025,14825,34.032194,-118.5201967,Tal MLS export,22-144067,,,HUNT,546,N,older than 24 months,2026-10-01
2022-05-17,536 Bienveneda Ave,2700000,1145,2358,1948,5974,34.0451445,-118.5402603,Tal MLS export,SB22042613,,,BLUFF,152,N,older than 24 months,2026-10-01
2022-05-12,1601 San Remo Dr,14799817,8981,1648,1950,26843,34.0604211,-118.5002334,Tal MLS export,22-121851,,,RIV,445,N,older than 24 months,2026-10-01
2022-05-09,636 Lachman Ln,3000000,1716,1748,1954,7920,34.0479734,-118.5463569,Tal MLS export,22-130423,,,MK,58,N,older than 24 months,2026-10-01
2022-05-05,949 Las Lomas Ave,7125000,5392,1321,1938,88822,34.051649,-118.5361078,Tal MLS export,21-101809,,,UPS,50,N,older than 24 months,2026-10-01
2022-05-03,933 Amalfi Dr,6400000,4500,1422,1948,22590,34.0462251,-118.5101103,Tal MLS export,22-137237,,,RIV,354,N,older than 24 months,2026-10-01
2022-04-29,15000 Corona Del Mar,25500000,6673,3821,1999,33793,34.0313448,-118.5229847,Tal MLS export,22-136713,,,VDLP,440,N,older than 24 months,2026-10-01
2022-04-29,659 Erskine Dr,3007000,2249,1337,1955,10996,34.0443174,-118.5328986,Tal MLS export,22-136235,,,BLUFF,19,N,older than 24 months,2026-10-01
2022-04-27,377 N Las Casas Ave,2150000,912,2357,1947,5893,34.0432129,-118.5436416,Tal MLS export,22-143715,,,BLUFF,121,N,older than 24 months,2026-10-01
2022-04-26,741 Radcliffe Ave,2600000,1724,1508,1965,6140,34.0441448,-118.5305727,Tal MLS export,22-121701,,,BLUFF,159,N,older than 24 months,2026-10-01
2022-04-26,17484 Tramonto Dr,3900000,4310,905,2002,6723,34.041839,-118.5576838,Tal MLS export,22-131717,,,CAST,312,N,older than 24 months,2026-10-01
2022-04-22,950 Fiske St,5700000,3501,1628,2019,5198,34.0469707,-118.52174,Tal MLS export,22-146193,,,ALPHA,169,N,older than 24 months,2026-10-01
2022-04-20,16829 Bollinger Dr,3125000,1578,1980,1951,6900,34.044901,-118.5463556,Tal MLS export,22-140625,,,MK,151,N,older than 24 months,2026-10-01
2022-04-19,16049 Temecula St,2650000,1536,1725,1948,5748,34.0462269,-118.5364327,Tal MLS export,22-127991,,,BLUFF,41,N,older than 24 months,2026-10-01
2022-04-14,14984 Corona Del Mar,33946945,9380,3619,,31861,34.0312056,-118.5226993,Tal MLS export,21-747314,,,VDLP,470,N,older than 24 months,2026-10-01
2022-04-08,14100 Rustic Ln,21520000,8162,2637,2008,103951,34.048539,-118.51027,Tal MLS export,21-756008,,,RIV,333,N,older than 24 months,2026-10-01
2022-04-08,17733 Porto Marina Way,5000000,3856,1297,1930,3757,34.0414865,-118.5625588,Tal MLS export,22-133097,,,CAST,58,N,older than 24 months,2026-10-01
2022-04-07,440 Swarthmore Ave,7900000,4782,1652,2011,8342,34.0377841,-118.5280643,Tal MLS export,22-137075,,,VDLP,95,N,older than 24 months,2026-10-01
2022-04-07,1210 Piedra Morada Dr,4200000,5480,766,1986,15112,34.0683137,-118.5514119,Tal MLS export,22-121147,,,HIGH,142,N,older than 24 months,2026-10-01
2022-04-05,13565 D Este Dr,8400000,5644,1488,1956,17047,34.0579224,-118.5001758,Tal MLS export,22-130767,,,RIV,225,N,older than 24 months,2026-10-01
2022-04-05,955 Hartzell St,6700000,4965,1349,2020,5204,34.0472702,-118.5204168,Tal MLS export,22-127966,,,ALPHA,142,N,older than 24 months,2026-10-01
2022-04-05,1351 Avenida De Cortez,2885000,3168,911,1973,8898,34.0716693,-118.5608779,Tal MLS export,22-131645,,,HIGH,539,N,older than 24 months,2026-10-01
2022-04-01,1038 Embury St,5850000,3328,1758,2014,5202,34.0482137,-118.5231466,Tal MLS export,22-131675,,,ALPHA,101,N,older than 24 months,2026-10-01
2022-04-01,17847 Porto Marina Way,5600000,3883,1442,1980,3700,34.0421829,-118.5644527,Tal MLS export,22-127799,,,CAST,107,N,older than 24 months,2026-10-01
2022-03-31,605 Baylor St,2975000,3183,935,2021,4421,34.0463244,-118.5434687,Tal MLS export,21-768924,,,BLUFF,77,N,older than 24 months,2026-10-01
2022-03-31,16762 Calle De Catalina,2630000,3117,844,1996,143964,34.0762784,-118.551926,Tal MLS export,22-129891,,,ENC,108,N,older than 24 months,2026-10-01
2022-03-31,545 N Marquette St,4100000,2815,1456,1950,6947,34.0448656,-118.5425157,Tal MLS export,22-123005,,,BLUFF,98,N,older than 24 months,2026-10-01
2022-03-29,15030 Altata Dr,8100000,2986,2713,1952,13257,34.0324594,-118.5228127,Tal MLS export,21-796986,,,VDLP,380,N,older than 24 months,2026-10-01
2022-03-25,473 Wynola St,4300000,3653,1177,2006,6982,34.0421779,-118.5369076,Tal MLS export,21-798142,,,BLUFF,149,N,older than 24 months,2026-10-01
2022-03-23,14800 Pampas Ricas Blvd,6800000,3393,2004,1928,24630,34.0408022,-118.5185137,Tal MLS export,21-795852,,,ALPHA,191,N,older than 24 months,2026-10-01
2022-03-23,16375 Shadow Mountain Dr,13500000,9225,1463,1997,222396,34.0606187,-118.5402639,Tal MLS export,21-716572,,,RIDGE,298,N,older than 24 months,2026-10-01
2022-03-22,1374 Monument St,3200000,1853,1727,1950,11716,34.0539378,-118.5255739,Tal MLS export,22-125486,,,ALPHA,96,N,older than 24 months,2026-10-01
2022-03-22,1461 Amalfi Dr,10450000,7039,1485,1933,28238,34.0567278,-118.503924,Tal MLS export,22-125453,,,RIV,161,N,older than 24 months,2026-10-01
2022-03-22,1030 Monument St,3250000,2700,1204,1926,6496,34.0479113,-118.5241059,Tal MLS export,22-119380,,,ALPHA,82,N,older than 24 months,2026-10-01
2022-03-18,1845 Chastain Pkwy,5400000,5837,925,2004,19975,34.071284,-118.5482692,Tal MLS export,22-128381,,,HIGH,253,N,older than 24 months,2026-10-01
2022-03-18,1330 Monument St,7295000,5520,1322,2019,6554,34.0542438,-118.5239813,Tal MLS export,20-662902,,,ALPHA,66,N,older than 24 months,2026-10-01
2022-03-17,540 Erskine Dr,2667000,1368,1950,1947,6245,34.0419424,-118.5335155,Tal MLS export,22-127281,,,BLUFF,55,N,older than 24 months,2026-10-01
2022-03-16,15919 Temecula St,2810000,1736,1619,1946,7291,34.0446343,-118.5345488,Tal MLS export,21-114507,,,BLUFF,151,N,older than 24 months,2026-10-01
2022-03-16,1027 Galloway St,2747275,1018,2699,1925,5199,34.0480355,-118.5215493,Tal MLS export,22-131613,,,ALPHA,196,N,older than 24 months,2026-10-01
2022-03-15,16771 Monte Hermoso Dr,2995000,3620,827,1987,21586,34.0689544,-118.5530554,Tal MLS export,22-123431,,,HIGH,83,N,older than 24 months,2026-10-01
2022-03-15,841 Toulon Dr,16088000,9700,1659,2017,13279,34.0445331,-118.5088697,Tal MLS export,21-792574,,,RIV,334,N,older than 24 months,2026-10-01
2022-03-14,17560 Castellammare Dr,3600000,2329,1546,1956,7294,34.040197,-118.560036,Tal MLS export,22-128497,,,CAST,324,N,older than 24 months,2026-10-01
2022-03-14,14715 Oracle Pl,3045000,2278,1337,1957,14612,34.0557471,-118.5192158,Tal MLS export,22-115975,,,ALPHA,186,N,older than 24 months,2026-10-01
2022-03-11,17628 Camino De Yatasto,4870000,6711,726,1983,20778,34.0787236,-118.5728927,Tal MLS export,21-776806,,,,1020,N,older than 24 months,2026-10-01
2022-03-09,200 Surfview Dr,3750000,3406,1101,1965,19139,34.043892,-118.5674439,Tal MLS export,22-117861,,,CAST,200,N,older than 24 months,2026-10-01
2022-03-04,1121 Embury St,3318000,1302,2548,1948,6498,34.0495339,-118.5239965,Tal MLS export,22-118461,,,ALPHA,246,N,older than 24 months,2026-10-01
2022-03-04,16453 Akron St,2311000,1929,1198,1947,7415,34.0510536,-118.5409756,Tal MLS export,SR21237598,,,MK,92,N,older than 24 months,2026-10-01
2022-03-02,1373 Las Canoas Rd,3459226,2179,1588,1959,25353,34.0552659,-118.539084,Tal MLS export,21-772362,,,RIDGE,213,N,older than 24 months,2026-10-01
2022-03-02,17925 Tramonto Dr,3905000,2166,1803,1927,5408,34.0440877,-118.5649967,Tal MLS export,222000408,,,CAST,45,N,older than 24 months,2026-10-01
2022-02-28,439 Paseo Miramar,10250000,6722,1525,1928,15642,34.0452901,-118.5557591,Tal MLS export,21-100215,,,CAST,304,N,older than 24 months,2026-10-01
2022-02-28,13765 W Sunset Blvd,4830000,2582,1871,1951,17992,34.0495387,-118.506525,Tal MLS export,21-795424,,,RIV,212,N,older than 24 months,2026-10-01
2022-02-25,16764 Bollinger Dr,4500000,3665,1228,2022,5551,34.0455213,-118.5446533,Tal MLS export,21-797048,,,BLUFF,67,N,older than 24 months,2026-10-01
2022-02-24,619 Haverford Ave,4350000,3815,1140,2007,5902,34.0415875,-118.5300982,Tal MLS export,21-753406,,,VDLP,181,N,older than 24 months,2026-10-01
2022-02-24,916 Chautauqua Blvd,5800000,3394,1709,1950,14978,34.0469091,-118.5157429,Tal MLS export,21-101885,,,ALPHA,147,N,older than 24 months,2026-10-01
2022-02-14,15312 Whitfield Ave,8275000,7000,1182,2021,7823,34.0518374,-118.5261089,Tal MLS export,21-726556,,,ALPHA,77,N,older than 24 months,2026-10-01
2022-02-09,16766 Bollinger Dr,4600000,3828,1202,2022,5051,34.045419,-118.5447222,Tal MLS export,21-797066,,,BLUFF,78,N,older than 24 months,2026-10-01
2022-02-03,870 Iliff St,3150000,1502,2097,1947,6498,34.0456633,-118.5184229,Tal MLS export,SR22022480,,,ALPHA,114,N,older than 24 months,2026-10-01
2022-02-02,1107 Chautauqua Blvd,4150000,3507,1183,2004,6279,34.0500696,-118.517883,Tal MLS export,21-702344,,,ALPHA,171,N,older than 24 months,2026-10-01
2022-01-31,16496 El Hito Pl,3312026,2414,1372,1975,9393,34.0592935,-118.5421107,Tal MLS export,21-701878,,,MK,228,N,older than 24 months,2026-10-01
2022-01-26,17822 Porto Marina Way,3933405,2312,1701,1966,3859,34.041632,-118.563596,Tal MLS export,21-786834,,,CAST,62,N,older than 24 months,2026-10-01
2022-01-21,1608 Amalfi Dr,18000000,8600,2093,,16867,34.0603848,-118.5022299,Tal MLS export,22-121409,,,RIV,284,N,older than 24 months,2026-10-01
2022-01-20,16038 Miami Way,2525000,2228,1133,1947,5745,34.0452761,-118.5373522,Tal MLS export,21-102321,,,BLUFF,72,N,older than 24 months,2026-10-01
2022-01-20,1452 Via Cresta,9403573,9414,999,1998,37411,34.056608,-118.5372025,Tal MLS export,21-784716,,,RIDGE,108,N,older than 24 months,2026-10-01
2022-01-20,15426 Albright St,3250000,2391,1359,1949,8556,34.0495296,-118.5278207,Tal MLS export,SR21247285,,,ALPHA,30,N,older than 24 months,2026-10-01
2022-01-18,17766 Tramonto Dr,3640000,1731,2103,1957,15083,34.0426892,-118.5621619,Tal MLS export,21-105415,,,CAST,119,N,older than 24 months,2026-10-01
2022-01-11,17054 Bollinger Dr,2286488,1499,1525,1950,6004,34.0427929,-118.5501667,Tal MLS export,21-100377,,,MK,51,N,older than 24 months,2026-10-01
2022-01-10,561 Paseo Miramar,4450000,2127,2092,1964,18716,34.0466094,-118.556874,Tal MLS export,21-776312,,,CAST,150,N,older than 24 months,2026-10-01
2022-01-06,631 N Marquette St,5300000,2800,1893,1940,149411,34.0472797,-118.5405945,Tal MLS export,21-697520,,,BLUFF,99,N,older than 24 months,2026-10-01
2022-01-04,465 Puerto Del Mar,2175000,1824,1192,1955,3560,34.041814,-118.5382726,Tal MLS export,DW21184215,,,BLUFF,105,N,older than 24 months,2026-10-01
2022-01-03,350 Beirut Ave,3600000,2236,1610,1946,5000,34.0370662,-118.5304358,Tal MLS export,21-774166,,,VDLP,114,N,older than 24 months,2026-10-01
2021-12-30,15301 Whitfield Ave,7895000,6160,1282,2014,7127,34.0521573,-118.5256639,Tal MLS export,21-103777,,,ALPHA,43,N,older than 24 months,2026-10-01
2021-12-29,1203 Bienveneda Ave,2350000,1820,1291,1972,16260,34.0566322,-118.541518,Tal MLS export,PV21209229,,,MK,93,N,older than 24 months,2026-10-01
2021-12-29,16841 Livorno Dr,4370000,5865,745,2007,6901,34.0441951,-118.5458959,Tal MLS export,OC21220108,,,BLUFF,76,N,older than 24 months,2026-10-01
2021-12-29,700 Alma Real Dr,7200000,7040,1023,2008,8538,34.0406973,-118.5230071,Tal MLS export,21-768276,,,HUNT,73,N,older than 24 months,2026-10-01
2021-12-29,16525 Las Casas Pl,2550000,1850,1378,1949,6382,34.0501802,-118.5418581,Tal MLS export,21-106661,,,MK,27,N,older than 24 months,2026-10-01
2021-12-29,954 Fiske St,3470000,2710,1280,1991,5198,34.0469707,-118.52174,Tal MLS export,21-106023,,,ALPHA,169,N,older than 24 months,2026-10-01
2021-12-28,1128 Donaire Way,3550000,3219,1103,1961,11805,34.056657,-118.5449292,Tal MLS export,21-102455,,,MK,73,N,older than 24 months,2026-10-01
2021-12-28,1206 Amalfi Dr,10510000,9767,1076,1991,18282,34.0515896,-118.5058031,Tal MLS export,21-786374,,,RIV,441,N,older than 24 months,2026-10-01
2021-12-22,16648 Cumbre Verde Ct,4500000,7173,627,1989,15564,34.0715679,-118.5502172,Tal MLS export,21-100283,,,HIGH,75,N,older than 24 months,2026-10-01
2021-12-22,13878 W Sunset Blvd,3695000,2563,1442,1952,14806,34.0466908,-118.507639,Tal MLS export,21-768410,,,RIV,124,N,older than 24 months,2026-10-01
2021-12-20,16710 Bollinger Dr,2600000,1426,1823,1953,6670,34.0476209,-118.5445489,Tal MLS export,21-104811,,,MK,153,N,older than 24 months,2026-10-01
2021-12-17,437 Swarthmore Ave,2620480,1114,2352,1949,5449,34.0379078,-118.5285717,Tal MLS export,21-799564,,,VDLP,54,N,older than 24 months,2026-10-01
2021-12-15,519 Ocampo Dr,6500000,4149,1567,1929,8082,34.037729,-118.5206629,Tal MLS export,21-792686,,,HUNT,99,N,older than 24 months,2026-10-01
2021-12-15,16772 Edgar St,2475000,1345,1840,1940,5736,34.0460397,-118.5453943,Tal MLS export,21-105679,,,BLUFF,103,N,older than 24 months,2026-10-01
2021-12-14,288 Bellino Dr,5600000,4230,1324,1958,10342,34.0445043,-118.5604198,Tal MLS export,21-774926,,,CAST,94,N,older than 24 months,2026-10-01
2021-12-14,581 Paseo Miramar,4325000,2561,1689,1972,17377,34.0469557,-118.5577522,Tal MLS export,21-791522,,,CAST,152,N,older than 24 months,2026-10-01
2021-12-13,15945 Miami Way,4240000,2926,1449,1932,7441,34.0440908,-118.5354633,Tal MLS export,21-791392,,,BLUFF,96,N,older than 24 months,2026-10-01
2021-12-13,16606 Pequeno Pl,2470000,2819,876,1958,11690,34.0543809,-118.5445026,Tal MLS export,21-795394,,,MK,46,N,older than 24 months,2026-10-01
2021-12-13,1638 Casale Rd,18999999,11096,1712,2021,15606,34.0615604,-118.5020204,Tal MLS export,21-783354,,,RIV,360,N,older than 24 months,2026-10-01
2021-12-13,243 Notteargenta Rd,5320000,2979,1786,1961,6149,34.0440215,-118.5616362,Tal MLS export,21-786330,,,CAST,169,N,older than 24 months,2026-10-01
2021-12-09,619 Ocampo Dr,6670000,5500,1213,1941,8197,34.0392365,-118.5203877,Tal MLS export,21-784724,,,HUNT,23,N,older than 24 months,2026-10-01
2021-12-08,16655 Calle Haleigh,2900000,4583,633,1999,7832,34.0741402,-118.5488674,Tal MLS export,21-749952,,,SUMMIT,177,N,older than 24 months,2026-10-01
2021-12-06,821 Iliff St,3865000,2399,1611,1941,6500,34.0442102,-118.518629,Tal MLS export,21-794432,,,ALPHA,143,N,older than 24 months,2026-10-01
2021-12-06,17452 Revello Dr,3550000,2191,1620,1955,4671,34.0403765,-118.5563806,Tal MLS export,21-799816,,,CAST,142,N,older than 24 months,2026-10-01
2021-12-03,1554 W Chastain Pkwy,3275000,5120,640,1997,6193,34.0769659,-118.5510638,Tal MLS export,21-795694,,,ENC,59,N,older than 24 months,2026-10-01
2021-12-03,1186 Corsica Dr,6488000,4497,1443,1953,14139,34.0500751,-118.5037757,Tal MLS export,21-786134,,,RIV,359,N,older than 24 months,2026-10-01
2021-12-03,1177 Piedra Morada Dr,5100000,5977,853,1987,18177,34.0670209,-118.5513578,Tal MLS export,21-794994,,,HIGH,126,N,older than 24 months,2026-10-01
2021-12-03,1043 Hartzell St,3825000,3017,1268,2008,5203,34.0487072,-118.5207033,Tal MLS export,21-798710,,,ALPHA,266,N,older than 24 months,2026-10-01
2021-12-03,538 Spoleto Dr,17495000,10654,1642,2021,16310,34.035342,-118.514223,Tal MLS export,21-782190,,,HUNT,557,N,older than 24 months,2026-10-01
2021-12-02,357 Bellino Dr,4150000,3853,1077,1949,7336,34.0450222,-118.5618265,Tal MLS export,21-111175,,,CAST,105,N,older than 24 months,2026-10-01
2021-12-01,15265 Bestor Blvd,6200000,6118,1013,2014,7527,34.0513569,-118.5253764,Tal MLS export,21-772942,,,ALPHA,86,N,older than 24 months,2026-10-01
2021-12-01,1209 Tellem Dr,4500000,3553,1267,1963,17776,34.057628,-118.5446969,Tal MLS export,21-734704,,,MK,65,N,older than 24 months,2026-10-01
2021-12-01,325 Mount Holyoke Ave,12100000,,,2021,8028,34.0366349,-118.532322,Tal MLS export,21-795020,,,VDLP,254,N,older than 24 months,2026-10-01
2021-11-30,15205 De Pauw St,8850000,8401,1053,2021,10226,34.0364309,-118.5248717,Tal MLS export,21-770668,,,VDLP,300,N,older than 24 months,2026-10-01
2021-11-30,15900 Alcima Ave,8557665,5925,1444,1998,19784,34.0508093,-118.5320321,Tal MLS export,21-795710,,,UPS,242,N,older than 24 months,2026-10-01
2021-11-29,344 Arno Way,3800000,3645,1043,1965,9361,34.0418728,-118.5459171,Tal MLS export,21-789772,,,BLUFF,188,N,older than 24 months,2026-10-01
2021-11-29,16624 Calle Arbolada,2696872,3361,802,1991,10835,34.0725531,-118.5496768,Tal MLS export,21-794248,,,HIGH,133,N,older than 24 months,2026-10-01
2021-11-24,906 Kagawa St,6700542,6260,1070,2014,7501,34.0463593,-118.5175224,Tal MLS export,21-107421,,,ALPHA,63,N,older than 24 months,2026-10-01
2021-11-24,1655 Amalfi Dr,9000000,5900,1525,1955,16974,34.06148,-118.5011519,Tal MLS export,21-780302,,,RIV,423,N,older than 24 months,2026-10-01
2021-11-24,16676 Via Pacifica,3365000,5768,583,1995,9938,34.0750162,-118.5471993,Tal MLS export,21-784730,,,ENC,166,N,older than 24 months,2026-10-01
2021-11-23,659 Via De La Paz,6050000,3895,1553,1996,13994,34.042156,-118.5287431,Tal MLS export,21-774950,,,VDLP,72,N,older than 24 months,2026-10-01
2021-11-23,557 Catalonia Ave,3350000,2421,1384,1975,37484,34.0473512,-118.5552859,Tal MLS export,21-689582,,,CAST,138,N,older than 24 months,2026-10-01
2021-11-23,556 Catalonia Ave,3350000,3372,993,1968,52770,34.0470743,-118.5549052,Tal MLS export,21-689486,,,CAST,183,N,older than 24 months,2026-10-01
2021-11-22,1051 Galloway St,3688500,2633,1401,1999,5199,34.0487574,-118.5217414,Tal MLS export,21-795860,,,ALPHA,225,N,older than 24 months,2026-10-01
2021-11-19,1319 Marinette Rd,7070000,5399,1310,2021,18038,34.0536621,-118.5191521,Tal MLS export,21-770804,,,ALPHA,53,N,older than 24 months,2026-10-01
2021-11-17,1332 El Hito Cir,3900000,3212,1214,1976,9068,34.0599818,-118.5424098,Tal MLS export,21-105925,,,MK,305,N,older than 24 months,2026-10-01
2021-11-16,560 Lucero Ave,1025000,1036,989,1950,13415,34.0459903,-118.5547087,Tal MLS export,21-796878,,,CAST,278,N,older than 24 months,2026-10-01
2021-11-16,1343 Goucher St,2573235,1534,1677,1948,6749,34.05346,-118.52273,Tal MLS export,21-779682,,,ALPHA,70,N,older than 24 months,2026-10-01
2021-11-15,1204 Tellem Dr,4090000,3268,1252,1963,9232,34.0577138,-118.5441028,Tal MLS export,21-791288,,,MK,114,N,older than 24 months,2026-10-01
2021-11-12,1360 Lachman Ln,4850000,2283,2124,1968,17938,34.0594152,-118.5490524,Tal MLS export,21-787284,,,MK,222,N,older than 24 months,2026-10-01
2021-11-12,1401 San Remo Dr,18000000,13508,1333,2004,25713,34.0552328,-118.4996038,Tal MLS export,21-678372,,,RIV,290,N,older than 24 months,2026-10-01
2021-11-10,500 Salerno Dr,3000000,3516,853,1948,6851,34.0439425,-118.54658,Tal MLS export,21-790434,,,MK,57,N,older than 24 months,2026-10-01
2021-11-10,1266 Chautauqua Blvd,5290000,4210,1257,,16028,34.0526423,-118.519491,Tal MLS export,21-737648,,,ALPHA,120,N,older than 24 months,2026-10-01
2021-11-10,519 Beirut Ave,2254862,1334,1690,1947,3750,34.0389,-118.53046,Tal MLS export,BB21207636,,,VDLP,55,N,older than 24 months,2026-10-01
2021-11-08,16899 Avenida De Santa Ynez,1841511,2681,687,1973,6827,34.0741967,-118.5622755,Tal MLS export,21-753468,,,HIGH,449,N,older than 24 months,2026-10-01
2021-11-05,16801 Via La Costa,6350000,5871,1082,2004,49584,34.0785613,-118.5474099,Tal MLS export,21-772802,,,ENC,57,N,older than 24 months,2026-10-01
2021-11-04,807 Radcliffe Ave,7000000,6300,1111,2021,9804,34.0456523,-118.530299,Tal MLS export,SR21241135,,,VDLP,238,N,older than 24 months,2026-10-01
2021-11-01,1059 Galloway St,4350000,3326,1308,1999,6165,34.0489782,-118.5218071,Tal MLS export,21-792540,,,ALPHA,225,N,older than 24 months,2026-10-01
2021-10-29,1350 Monument St,4537000,3984,1139,2000,10685,34.0540664,-118.5250421,Tal MLS export,21-745112,,,ALPHA,48,N,older than 24 months,2026-10-01
2021-10-28,16550 Chattanooga Pl,2015000,1728,1166,1949,10062,34.0491261,-118.542453,Tal MLS export,21-790684,,,MK,21,N,older than 24 months,2026-10-01
2021-10-27,1369 El Hito Cir,2983696,2414,1236,1976,8749,34.060475,-118.5433648,Tal MLS export,21-780492,,,MK,338,N,older than 24 months,2026-10-01
2021-10-26,14833 W Sunset Blvd,1935000,1320,1466,1951,6000,34.0427432,-118.5197682,Tal MLS export,21-764936,,,ALPHA,62,N,older than 24 months,2026-10-01
2021-10-22,16808 Bollinger Dr,3615000,3381,1069,1952,7026,34.0447682,-118.5455035,Tal MLS export,21-720786,,,BLUFF,130,N,older than 24 months,2026-10-01
2021-10-20,16665 Calle Brittany,2950000,4583,644,1999,12534,34.0749488,-118.5486678,Tal MLS export,21-765586,,,SUMMIT,88,N,older than 24 months,2026-10-01
2021-10-19,571 Paseo Miramar,4250000,2626,1618,1969,21166,34.0467615,-118.5573282,Tal MLS export,21-763988,,,CAST,147,N,older than 24 months,2026-10-01
2021-10-15,1204 Las Pulgas Rd,5436500,5475,993,1990,13454,34.0534254,-118.537805,Tal MLS export,21-756940,,,UPS,197,N,older than 24 months,2026-10-01
2021-10-15,1401 Chautauqua Blvd,3975000,3992,996,1951,7306,34.0541962,-118.5217703,Tal MLS export,21-734580,,,ALPHA,55,N,older than 24 months,2026-10-01
2021-10-12,1100 Embury St,6500000,4957,1311,2017,7476,34.049065,-118.523327,Tal MLS export,21-779588,,,ALPHA,190,N,older than 24 months,2026-10-01
2021-10-08,16849 Livorno Dr,3494002,3437,1017,1949,6904,34.0441448,-118.5460524,Tal MLS export,21-777016,,,MK,67,N,older than 24 months,2026-10-01
2021-10-06,716 Haverford Ave,2275000,,,1952,6593,34.0433598,-118.5290318,Tal MLS export,21-754668,,,VDLP,58,N,older than 24 months,2026-10-01
2021-10-06,611 N Marquette St,2985000,2492,1198,2016,6911,34.046229,-118.5421109,Tal MLS export,21-742064,,,BLUFF,45,N,older than 24 months,2026-10-01
2021-10-01,686 Swarthmore Ave,2225000,1700,1309,1948,2967,34.0424389,-118.5268785,Tal MLS export,21-760124,,,VDLP,93,N,older than 24 months,2026-10-01
2021-10-01,744 Almar Ave,4550000,3789,1201,2021,6596,34.0468285,-118.5340012,Tal MLS export,21-768368,,,BLUFF,125,N,older than 24 months,2026-10-01
2021-10-01,356 Mount Holyoke Ave,2811000,1337,2102,1950,5550,34.0370731,-118.5313372,Tal MLS export,21-721374,,,VDLP,154,N,older than 24 months,2026-10-01
2021-09-28,1779 Chastain Pkwy,4400000,5100,863,2005,21231,34.0729696,-118.5474208,Tal MLS export,21-752808,,,SUMMIT,331,N,older than 24 months,2026-10-01
2021-09-28,15204 Friends St,5975000,,,2002,7434,34.0338839,-118.5271884,Tal MLS export,21-730680,,,VDLP,70,N,older than 24 months,2026-10-01
2021-09-27,629 Frontera Dr,7700000,6020,1279,2010,8615,34.0401852,-118.5229252,Tal MLS export,21-722576,,,HUNT,91,N,older than 24 months,2026-10-01
2021-09-24,1051 Chautauqua Blvd,3800000,3468,1096,1925,6948,34.049327,-118.5176793,Tal MLS export,21-766908,,,ALPHA,103,N,older than 24 months,2026-10-01
2021-09-21,814 Alma Real Dr,4338750,1820,2384,1938,8627,34.0432829,-118.5231729,Tal MLS export,21-771628,,,HUNT,57,N,older than 24 months,2026-10-01
2021-09-17,16576 Chattanooga Pl,2600000,2100,1238,1948,6849,34.048858,-118.5432509,Tal MLS export,21-749294,,,MK,74,N,older than 24 months,2026-10-01
2021-09-15,909 Greentree Rd,9500000,8683,1094,2021,10856,34.0451872,-118.5144486,Tal MLS export,SR21089544,,,RIV,113,N,older than 24 months,2026-10-01
2021-09-15,380 Surfview Dr,4910000,5000,982,1965,14596,34.0470073,-118.5662494,Tal MLS export,21-686822,,,CAST,372,N,older than 24 months,2026-10-01
2021-09-15,427 El Medio Ave,6900000,5015,1376,,9610,34.0409671,-118.5357031,Tal MLS export,21-764520,,,BLUFF,268,N,older than 24 months,2026-10-01
2021-09-09,1041 Iliff St,4795000,3800,1262,2018,6501,34.048883,-118.5196208,Tal MLS export,21-769582,,,ALPHA,224,N,older than 24 months,2026-10-01
2021-09-09,1120 Maroney Ln,4147500,3232,1283,1959,13484,34.0531631,-118.5367384,Tal MLS export,21-759638,,,UPS,208,N,older than 24 months,2026-10-01
2021-09-08,866 Vista Pacifica,3205000,2967,1080,1969,15404,34.05025,-118.5566298,Tal MLS export,21-717240,,,CAST,256,N,older than 24 months,2026-10-01
2021-09-03,1714 Alta Mura Rd,13275000,6769,1961,2000,41904,34.0637762,-118.5022316,Tal MLS export,20-655110,,,RIV,531,N,older than 24 months,2026-10-01
2021-09-03,1111 Villa View Dr,3385000,3049,1110,1952,13064,34.0504724,-118.5144498,Tal MLS export,21-736190,,,ALPHA,111,N,older than 24 months,2026-10-01
2021-09-02,1445 Via Cresta,4530000,4144,1093,1988,58299,34.0573113,-118.537108,Tal MLS export,21-702038,,,RIDGE,106,N,older than 24 months,2026-10-01
2021-09-01,1514 Sorrento Dr,6975000,,,,17060,34.0578749,-118.5027183,Tal MLS export,21-761150,,,RIV,135,N,older than 24 months,2026-10-01
2021-09-01,619 Baylor St,3250000,3560,913,1949,4541,34.0467912,-118.5435246,Tal MLS export,AR21110146,,,BLUFF,93,N,older than 24 months,2026-10-01
2021-08-31,16706 Monte Alto Pl,3700000,4934,750,1986,22240,34.0719382,-118.5522786,Tal MLS export,21-743418,,,HIGH,126,N,older than 24 months,2026-10-01
2021-08-31,17083 Bollinger Dr,3450000,3438,1003,1950,10385,34.0424877,-118.5511341,Tal MLS export,21-753786,,,MK,82,N,older than 24 months,2026-10-01
2021-08-30,547 Muskingum Ave,3295000,2789,1181,1950,9445,34.0439811,-118.5393686,Tal MLS export,21-693480,,,BLUFF,154,N,older than 24 months,2026-10-01
2021-08-27,961 Enchanted Way,4330000,3123,1386,1965,23493,34.054153,-118.5492372,Tal MLS export,SR21146860,,,MK,135,N,older than 24 months,2026-10-01
2021-08-26,1050 Embury St,5000000,4740,1055,2015,5202,34.0485386,-118.5231988,Tal MLS export,21-720806,,,ALPHA,134,N,older than 24 months,2026-10-01
2021-08-26,751 Chautauqua Blvd,5400000,5675,952,2021,5665,34.0429543,-118.5174765,Tal MLS export,21-741486,,,ALPHA,36,N,older than 24 months,2026-10-01
2021-08-26,1658 San Onofre Dr,6600000,4615,1430,1955,11935,34.061913,-118.5029639,Tal MLS export,21-742022,,,RIV,323,N,older than 24 months,2026-10-01
2021-08-20,848 Lachman Ln,5699000,4433,1286,2020,12068,34.0506314,-118.5449951,Tal MLS export,SR21067580,,,MK,178,N,older than 24 months,2026-10-01
2021-08-19,16724 Via Pacifica,3525000,5183,680,1996,10335,34.0761907,-118.5480748,Tal MLS export,21-752260,,,ENC,82,N,older than 24 months,2026-10-01
2021-08-17,752 Hartzell St,4550000,4084,1114,2021,6501,34.0427563,-118.5188096,Tal MLS export,21-750392,,,ALPHA,95,N,older than 24 months,2026-10-01
2021-08-17,520 Muskingum Ave,3725000,4391,848,1952,6362,34.0430556,-118.5385446,Tal MLS export,21-751428,,,BLUFF,36,N,older than 24 months,2026-10-01
2021-08-16,1424 Calle Del Jonella,3600000,5589,644,1986,29146,34.076364,-118.5695512,Tal MLS export,21-771102,,,HIGH,762,N,older than 24 months,2026-10-01
2021-08-16,654 Palmera Ave,2605000,2701,964,1957,5672,34.04684,-118.53803,Tal MLS export,21-753282,,,BLUFF,124,N,older than 24 months,2026-10-01
2021-08-13,17014 Bollinger Dr,3265000,2800,1166,1950,6528,34.0434279,-118.5493943,Tal MLS export,21-754852,,,MK,79,N,older than 24 months,2026-10-01
2021-08-12,624 El Medio Ave,2888888,2876,1004,1947,6074,34.0439628,-118.5338617,Tal MLS export,21-761336,,,BLUFF,61,N,older than 24 months,2026-10-01
2021-08-11,1116 Napoli Dr,25000000,10329,2420,2019,15514,34.0479649,-118.504115,Tal MLS export,21-757324,,,RIV,208,N,older than 24 months,2026-10-01
2021-08-10,1410 El Bosque Ct,4692759,5444,862,2019,15015,34.074594,-118.556131,Tal MLS export,21-737162,,,ENC,202,N,older than 24 months,2026-10-01
2021-08-10,15228 De Pauw St,7300000,7300,1000,2021,7274,34.0371158,-118.5252942,Tal MLS export,21-726306,,,VDLP,267,N,older than 24 months,2026-10-01
2021-08-05,601 Amalfi Dr,13600601,8167,1665,2000,21513,34.0375547,-118.5129268,Tal MLS export,21-741734,,,HUNT,637,N,older than 24 months,2026-10-01
2021-08-05,1304 Avenida De Cortez,2380000,3963,601,1975,8452,34.0712398,-118.5585436,Tal MLS export,21-715276,,,HIGH,510,N,older than 24 months,2026-10-01
2021-08-03,608 N Las Casas Ave,5295000,4341,1220,2018,6731,34.0462594,-118.5426389,Tal MLS export,21-747152,,,BLUFF,87,N,older than 24 months,2026-10-01
2021-08-03,608 Ocampo Dr,7500000,4621,1623,1998,8836,34.0389911,-118.5198062,Tal MLS export,21-729182,,,HUNT,49,N,older than 24 months,2026-10-01
2021-08-02,1116 Fiske St,6650000,6300,1056,2019,6499,34.0497058,-118.5224235,Tal MLS export,21-721834,,,ALPHA,161,N,older than 24 months,2026-10-01
2021-07-30,1042 Fiske St,3235000,1793,1804,1929,5199,34.048471,-118.522125,Tal MLS export,21-732936,,,ALPHA,178,N,older than 24 months,2026-10-01
2021-07-30,1226 Monument St,6300000,5984,1053,2015,7438,34.0520417,-118.5247459,Tal MLS export,21-706260,,,ALPHA,9,N,older than 24 months,2026-10-01
2021-07-29,14801 Pampas Ricas,10995000,11607,947,2020,15027,34.0413196,-118.5189011,Tal MLS export,21-696152,,,ALPHA,142,N,older than 24 months,2026-10-01
